,line_id,bus0,bus1,average_loading_pct,max_loading_pct,hours_above_60,hours_above_70,scenario,wind_condition,transmission_setting
0,0,DE0 0,DE0 243,12.072830734217366,26.42418742286296,0.0,0.0,base2,notwindy,fixed
1,1,DE0 0,DE0 329,13.127097184351474,17.737275031456676,0.0,0.0,base2,notwindy,fixed
2,10,DE0 1,DE0 150,13.569140772651759,27.265067694685218,0.0,0.0,base2,notwindy,fixed
3,100,DE0 130,DE0 153,22.44243289772896,57.386193186159005,0.0,0.0,base2,notwindy,fixed
4,101,DE0 130,DE0 347,12.62875722292483,20.568907640628286,0.0,0.0,base2,notwindy,fixed
5,102,DE0 130,DE0 402,13.749198243668836,35.44503499267416,0.0,0.0,base2,notwindy,fixed
6,103,DE0 131,DE0 33,14.675405027792635,21.183642329461076,0.0,0.0,base2,notwindy,fixed
7,104,DE0 131,DE0 415,4.4168755580377494,9.097344456343057,0.0,0.0,base2,notwindy,fixed
8,105,DE0 131,DE0 71,31.291603548033976,67.84042010210075,3.0,0.0,base2,notwindy,fixed
9,106,DE0 131,DE0 96,33.8488383795614,65.92357449283467,3.0,0.0,base2,notwindy,fixed
10,107,DE0 132,DE0 24,14.261188192804179,38.71156846304571,0.0,0.0,base2,notwindy,fixed
11,108,DE0 132,DE0 259,10.908861194255042,27.172437448492754,0.0,0.0,base2,notwindy,fixed
12,109,DE0 132,DE0 42,4.613474556015551,12.780456906570482,0.0,0.0,base2,notwindy,fixed
13,11,DE0 1,DE0 209,16.307585718132568,45.09056166750957,0.0,0.0,base2,notwindy,fixed
14,110,DE0 133,DE0 312,5.961208258867905,10.345501673277589,0.0,0.0,base2,notwindy,fixed
15,111,DE0 133,DE0 316,16.89966263435856,26.822879751215496,0.0,0.0,base2,notwindy,fixed
16,112,DE0 133,DE0 371,25.53270026204883,38.89602132112115,0.0,0.0,base2,notwindy,fixed
17,113,DE0 133,DE0 412,24.178357585490783,38.22043982379415,0.0,0.0,base2,notwindy,fixed
18,114,DE0 134,DE0 145,16.024091350626936,24.547034314848958,0.0,0.0,base2,notwindy,fixed
19,115,DE0 134,DE0 274,18.274857510860095,51.68408023547092,0.0,0.0,base2,notwindy,fixed
20,116,DE0 134,DE0 423,7.858827166479933,15.804921279779578,0.0,0.0,base2,notwindy,fixed
21,117,DE0 135,DE0 300,11.117185667781806,25.339558771337746,0.0,0.0,base2,notwindy,fixed
22,118,DE0 135,DE0 313,10.328898217190478,23.087492803841318,0.0,0.0,base2,notwindy,fixed
23,119,DE0 136,DE0 317,30.736913528669962,31.184979706850065,0.0,0.0,base2,notwindy,fixed
24,12,DE0 10,DE0 219,34.55299947636017,37.98632080125732,0.0,0.0,base2,notwindy,fixed
25,120,DE0 136,DE0 32,13.783236987562445,23.791698831775356,0.0,0.0,base2,notwindy,fixed
26,121,DE0 136,DE0 43,12.134894606800374,16.998094675529536,0.0,0.0,base2,notwindy,fixed
27,122,DE0 136,DE0 72,27.574026837225006,37.691872111146644,0.0,0.0,base2,notwindy,fixed
28,123,DE0 137,DE0 22,4.910497559604387,13.769870331486779,0.0,0.0,base2,notwindy,fixed
29,124,DE0 137,DE0 61,4.884441850571706,10.382101841724944,0.0,0.0,base2,notwindy,fixed
30,125,DE0 138,DE0 174,5.8647984019878,12.950164769029438,0.0,0.0,base2,notwindy,fixed
31,126,DE0 138,DE0 194,4.570514029170855,10.443702049139098,0.0,0.0,base2,notwindy,fixed
32,127,DE0 138,DE0 420,3.708152986982116,12.153721185030186,0.0,0.0,base2,notwindy,fixed
33,128,DE0 139,DE0 209,8.46940499763007,25.897124951765242,0.0,0.0,base2,notwindy,fixed
34,129,DE0 139,DE0 281,5.072842921959642,14.935499831215443,0.0,0.0,base2,notwindy,fixed
35,13,DE0 10,DE0 382,6.234581452402408,10.19196478375629,0.0,0.0,base2,notwindy,fixed
36,130,DE0 14,DE0 38,21.0007341066317,26.658174178795964,0.0,0.0,base2,notwindy,fixed
37,131,DE0 14,DE0 58,20.447082346540043,27.35625181901281,0.0,0.0,base2,notwindy,fixed
38,132,DE0 140,DE0 219,17.567971775166466,20.164783358634793,0.0,0.0,base2,notwindy,fixed
39,133,DE0 140,DE0 369,15.107874503440321,18.883859396077536,0.0,0.0,base2,notwindy,fixed
40,134,DE0 140,DE0 429,13.753851872155776,20.299517322227185,0.0,0.0,base2,notwindy,fixed
41,135,DE0 141,DE0 265,2.1741828876437728,3.643812854954076,0.0,0.0,base2,notwindy,fixed
42,136,DE0 141,DE0 337,15.248855874318695,18.472636791472297,0.0,0.0,base2,notwindy,fixed
43,137,DE0 141,DE0 363,27.031053616111027,32.950624446416015,0.0,0.0,base2,notwindy,fixed
44,138,DE0 141,DE0 427,16.560056532137004,20.697727228324876,0.0,0.0,base2,notwindy,fixed
45,139,DE0 142,DE0 267,10.601993853391308,21.575826601498864,0.0,0.0,base2,notwindy,fixed
46,14,DE0 10,DE0 49,18.701611083380236,24.258539009999925,0.0,0.0,base2,notwindy,fixed
47,140,DE0 142,DE0 434,9.573199664804054,20.689623400633447,0.0,0.0,base2,notwindy,fixed
48,141,DE0 143,DE0 373,0.7500745349169192,0.8818298444416154,0.0,0.0,base2,notwindy,fixed
49,142,DE0 143,DE0 449,0.8746407427986128,1.0348315092509417,0.0,0.0,base2,notwindy,fixed
50,143,DE0 144,DE0 213,22.937306397657366,35.738970780884635,0.0,0.0,base2,notwindy,fixed
51,144,DE0 144,DE0 382,36.05463909447944,42.87673384781166,0.0,0.0,base2,notwindy,fixed
52,145,DE0 146,DE0 187,8.981918114202136,29.186041465680873,0.0,0.0,base2,notwindy,fixed
53,146,DE0 146,DE0 24,17.850256887836455,42.76371769490509,0.0,0.0,base2,notwindy,fixed
54,147,DE0 146,DE0 262,8.018392314918108,19.69767284011443,0.0,0.0,base2,notwindy,fixed
55,148,DE0 147,DE0 196,8.328725943102,21.740841989939565,0.0,0.0,base2,notwindy,fixed
56,149,DE0 147,DE0 36,9.06508573599244,24.13660736650361,0.0,0.0,base2,notwindy,fixed
57,15,DE0 100,DE0 245,2.398166183717328,7.784803930510368,0.0,0.0,base2,notwindy,fixed
58,150,DE0 148,DE0 214,19.610736420710793,33.6305982330775,0.0,0.0,base2,notwindy,fixed
59,151,DE0 148,DE0 45,16.13632206281703,27.700465020882298,0.0,0.0,base2,notwindy,fixed
60,152,DE0 148,DE0 60,6.9085142496391985,22.607342981955387,0.0,0.0,base2,notwindy,fixed
61,153,DE0 149,DE0 198,7.50548749039725,12.19704940673969,0.0,0.0,base2,notwindy,fixed
62,154,DE0 15,DE0 250,2.3689099334710333,6.348793866594658,0.0,0.0,base2,notwindy,fixed
63,155,DE0 15,DE0 419,3.34911584603226,8.859395122969762,0.0,0.0,base2,notwindy,fixed
64,156,DE0 150,DE0 189,6.284216808447518,9.769539576851818,0.0,0.0,base2,notwindy,fixed
65,157,DE0 150,DE0 408,20.092162460381182,54.22711831386484,0.0,0.0,base2,notwindy,fixed
66,158,DE0 151,DE0 20,3.879795022319802,13.112650945620144,0.0,0.0,base2,notwindy,fixed
67,159,DE0 151,DE0 410,7.121001318030677,25.643394871558705,0.0,0.0,base2,notwindy,fixed
68,16,DE0 100,DE0 303,0.8329199231972407,3.419693158789135,0.0,0.0,base2,notwindy,fixed
69,160,DE0 151,DE0 78,6.130533374517055,16.797020113005274,0.0,0.0,base2,notwindy,fixed
70,161,DE0 152,DE0 258,14.082218254255881,18.549499672645904,0.0,0.0,base2,notwindy,fixed
71,162,DE0 152,DE0 356,16.162477081353902,23.31567111335768,0.0,0.0,base2,notwindy,fixed
72,163,DE0 153,DE0 40,19.605213556251318,52.32910638295871,0.0,0.0,base2,notwindy,fixed
73,164,DE0 154,DE0 256,10.704476854815233,30.67577244919331,0.0,0.0,base2,notwindy,fixed
74,165,DE0 154,DE0 72,25.563072624323002,37.99767083834012,0.0,0.0,base2,notwindy,fixed
75,166,DE0 155,DE0 247,15.536570077936043,22.050771980214144,0.0,0.0,base2,notwindy,fixed
76,167,DE0 155,DE0 292,24.65841970995137,26.186987054948556,0.0,0.0,base2,notwindy,fixed
77,168,DE0 156,DE0 22,49.92278689386827,66.52078233628414,5.0,0.0,base2,notwindy,fixed
78,169,DE0 156,DE0 48,51.61306163912411,69.13563699735943,9.0,0.0,base2,notwindy,fixed
79,17,DE0 100,DE0 352,9.403283899395937,31.13143024933432,0.0,0.0,base2,notwindy,fixed
80,170,DE0 157,DE0 251,11.32974292597508,29.193486256871815,0.0,0.0,base2,notwindy,fixed
81,171,DE0 157,DE0 304,7.28157144258139,24.670915238097216,0.0,0.0,base2,notwindy,fixed
82,172,DE0 158,DE0 361,3.9990584171749965,9.122721634488583,0.0,0.0,base2,notwindy,fixed
83,173,DE0 158,DE0 389,32.92611694751713,36.11434604371075,0.0,0.0,base2,notwindy,fixed
84,174,DE0 159,DE0 234,14.806432952036289,21.962314225385175,0.0,0.0,base2,notwindy,fixed
85,175,DE0 159,DE0 252,4.080124403793103,10.670315430828833,0.0,0.0,base2,notwindy,fixed
86,176,DE0 159,DE0 279,7.332717094086264,10.014239710936168,0.0,0.0,base2,notwindy,fixed
87,177,DE0 159,DE0 405,4.030007027723392,7.659642711907921,0.0,0.0,base2,notwindy,fixed
88,178,DE0 16,DE0 304,7.208127324878041,16.164558473520596,0.0,0.0,base2,notwindy,fixed
89,179,DE0 16,DE0 311,3.5048610001933835,11.781627955263502,0.0,0.0,base2,notwindy,fixed
90,18,DE0 100,DE0 422,4.223547507920073,14.293365340301728,0.0,0.0,base2,notwindy,fixed
91,180,DE0 160,DE0 182,4.854914316397151,7.153634651057319,0.0,0.0,base2,notwindy,fixed
92,181,DE0 160,DE0 237,12.799329974553828,24.344503800941798,0.0,0.0,base2,notwindy,fixed
93,182,DE0 160,DE0 349,7.306199173573064,15.204367357205973,0.0,0.0,base2,notwindy,fixed
94,183,DE0 160,DE0 37,14.301767711429239,24.201625221358057,0.0,0.0,base2,notwindy,fixed
95,184,DE0 160,DE0 393,3.229042470140462,10.811775683886964,0.0,0.0,base2,notwindy,fixed
96,185,DE0 160,DE0 62,6.4434298823879175,9.664293223969938,0.0,0.0,base2,notwindy,fixed
97,186,DE0 161,DE0 186,8.850814660828076,17.82339498868833,0.0,0.0,base2,notwindy,fixed
98,187,DE0 161,DE0 230,34.96075058363936,66.19572430406838,3.0,0.0,base2,notwindy,fixed
99,188,DE0 161,DE0 4,25.355956874725806,49.51236354658683,0.0,0.0,base2,notwindy,fixed
100,189,DE0 161,DE0 68,35.629007393335115,67.65471664936608,4.0,0.0,base2,notwindy,fixed
101,19,DE0 101,DE0 229,13.450524709858405,17.749743781477154,0.0,0.0,base2,notwindy,fixed
102,190,DE0 162,DE0 324,7.613024839700129,15.670601460193714,0.0,0.0,base2,notwindy,fixed
103,191,DE0 163,DE0 205,7.7996147580220585,13.64623144720826,0.0,0.0,base2,notwindy,fixed
104,192,DE0 163,DE0 330,8.01137184008677,14.252580835566878,0.0,0.0,base2,notwindy,fixed
105,193,DE0 163,DE0 390,5.840232014250582,10.336520350975231,0.0,0.0,base2,notwindy,fixed
106,194,DE0 164,DE0 180,3.267925870648768,11.860828494602144,0.0,0.0,base2,notwindy,fixed
107,195,DE0 164,DE0 47,4.9116908816945335,13.483341622948899,0.0,0.0,base2,notwindy,fixed
108,196,DE0 164,DE0 78,3.615419828693789,6.946005027480297,0.0,0.0,base2,notwindy,fixed
109,197,DE0 165,DE0 249,12.372318882513856,19.864842223570008,0.0,0.0,base2,notwindy,fixed
110,198,DE0 165,DE0 412,25.31730102433103,41.16614894816056,0.0,0.0,base2,notwindy,fixed
111,199,DE0 166,DE0 253,2.983458777005101,6.784986355013199,0.0,0.0,base2,notwindy,fixed
112,2,DE0 0,DE0 367,7.538939839170575,23.601204861788325,0.0,0.0,base2,notwindy,fixed
113,20,DE0 101,DE0 232,11.549844204195674,17.0305196423226,0.0,0.0,base2,notwindy,fixed
114,200,DE0 166,DE0 335,13.00293432772652,26.529476197318854,0.0,0.0,base2,notwindy,fixed
115,201,DE0 167,DE0 174,10.61217610831764,22.0491391241167,0.0,0.0,base2,notwindy,fixed
116,202,DE0 167,DE0 397,19.04366788925094,45.36498658881107,0.0,0.0,base2,notwindy,fixed
117,203,DE0 167,DE0 67,8.23388172377688,28.37743198139614,0.0,0.0,base2,notwindy,fixed
118,204,DE0 168,DE0 221,3.912925090699858,8.91362718140409,0.0,0.0,base2,notwindy,fixed
119,205,DE0 168,DE0 233,6.115034340242966,14.40542631524786,0.0,0.0,base2,notwindy,fixed
120,206,DE0 168,DE0 296,4.70571470524842,12.566155026927712,0.0,0.0,base2,notwindy,fixed
121,207,DE0 169,DE0 200,22.96016641217883,67.85910691444968,4.0,0.0,base2,notwindy,fixed
122,208,DE0 169,DE0 367,16.82387061165518,44.47271025283133,0.0,0.0,base2,notwindy,fixed
123,209,DE0 17,DE0 177,12.968193104481612,24.55011373687094,0.0,0.0,base2,notwindy,fixed
124,21,DE0 102,DE0 115,9.89718728240008,17.565839856249855,0.0,0.0,base2,notwindy,fixed
125,210,DE0 17,DE0 330,30.798655960500888,37.75728570147746,0.0,0.0,base2,notwindy,fixed
126,211,DE0 170,DE0 231,11.857148918727141,16.488577900083218,0.0,0.0,base2,notwindy,fixed
127,212,DE0 170,DE0 258,12.607992300278756,15.549234594503423,0.0,0.0,base2,notwindy,fixed
128,213,DE0 170,DE0 34,4.6033169390433,7.954079335131044,0.0,0.0,base2,notwindy,fixed
129,214,DE0 171,DE0 288,4.318451918313209,7.662356918289483,0.0,0.0,base2,notwindy,fixed
130,215,DE0 171,DE0 306,2.258273410003256,3.9577285496638472,0.0,0.0,base2,notwindy,fixed
131,216,DE0 171,DE0 348,0.6887629802862093,2.680439106395438,0.0,0.0,base2,notwindy,fixed
132,217,DE0 171,DE0 355,20.57462217353264,24.815425027569187,0.0,0.0,base2,notwindy,fixed
133,218,DE0 172,DE0 59,37.780568021172044,48.6360544810461,0.0,0.0,base2,notwindy,fixed
134,219,DE0 172,DE0 80,14.683082406860478,21.772283555568382,0.0,0.0,base2,notwindy,fixed
135,22,DE0 102,DE0 46,18.432849583120717,45.92111185768179,0.0,0.0,base2,notwindy,fixed
136,220,DE0 172,DE0 83,11.343398675560175,30.52117307447108,0.0,0.0,base2,notwindy,fixed
137,221,DE0 173,DE0 222,5.623160760242279,11.385653982582708,0.0,0.0,base2,notwindy,fixed
138,222,DE0 173,DE0 381,8.895306146168897,14.242774686515231,0.0,0.0,base2,notwindy,fixed
139,223,DE0 174,DE0 425,4.3785057328383,9.233788664149635,0.0,0.0,base2,notwindy,fixed
140,224,DE0 175,DE0 199,7.134464998332836,18.9623031491276,0.0,0.0,base2,notwindy,fixed
141,225,DE0 175,DE0 434,6.2273037625968275,17.465511902729823,0.0,0.0,base2,notwindy,fixed
142,226,DE0 175,DE0 438,9.123667850197672,25.403992624383953,0.0,0.0,base2,notwindy,fixed
143,227,DE0 176,DE0 22,11.7802715346581,31.54570986342008,0.0,0.0,base2,notwindy,fixed
144,228,DE0 176,DE0 303,11.342512300678065,37.80351350302445,0.0,0.0,base2,notwindy,fixed
145,229,DE0 176,DE0 352,8.164393163128684,28.101373641270833,0.0,0.0,base2,notwindy,fixed
146,23,DE0 102,DE0 96,12.587479094691655,17.790671152170827,0.0,0.0,base2,notwindy,fixed
147,230,DE0 177,DE0 85,10.236668635002307,25.735005078711726,0.0,0.0,base2,notwindy,fixed
148,231,DE0 178,DE0 276,5.183771828782785,14.216029572964906,0.0,0.0,base2,notwindy,fixed
149,232,DE0 178,DE0 395,6.3065661194493305,15.54298775502741,0.0,0.0,base2,notwindy,fixed
150,233,DE0 179,DE0 224,5.572315004531245,18.24743428556557,0.0,0.0,base2,notwindy,fixed
151,234,DE0 179,DE0 50,4.441935857526216,14.152277951255723,0.0,0.0,base2,notwindy,fixed
152,235,DE0 18,DE0 282,42.173620856282,47.53373921391613,0.0,0.0,base2,notwindy,fixed
153,236,DE0 18,DE0 306,10.382385471246335,14.754548949712337,0.0,0.0,base2,notwindy,fixed
154,237,DE0 18,DE0 418,2.411109140940569,7.980587985585946,0.0,0.0,base2,notwindy,fixed
155,238,DE0 180,DE0 26,3.6226260600587583,12.440125197572632,0.0,0.0,base2,notwindy,fixed
156,239,DE0 180,DE0 47,2.1360881893986354,8.439502540472787,0.0,0.0,base2,notwindy,fixed
157,24,DE0 103,DE0 148,9.47790239418162,27.17667318936106,0.0,0.0,base2,notwindy,fixed
158,240,DE0 181,DE0 250,12.081189896512951,43.455715164476175,0.0,0.0,base2,notwindy,fixed
159,241,DE0 181,DE0 269,6.6547761678489925,18.396063751105686,0.0,0.0,base2,notwindy,fixed
160,242,DE0 181,DE0 44,7.256724907071131,16.871094253352155,0.0,0.0,base2,notwindy,fixed
161,243,DE0 182,DE0 62,2.6209300094489336,4.791849247483676,0.0,0.0,base2,notwindy,fixed
162,244,DE0 183,DE0 241,7.562411729664081,16.05679912617088,0.0,0.0,base2,notwindy,fixed
163,245,DE0 183,DE0 327,7.061636038790368,16.179801389089818,0.0,0.0,base2,notwindy,fixed
164,246,DE0 184,DE0 26,13.65977390548165,28.95432340071935,0.0,0.0,base2,notwindy,fixed
165,247,DE0 184,DE0 261,14.18608594891263,36.129004405392095,0.0,0.0,base2,notwindy,fixed
166,248,DE0 184,DE0 329,40.832678255714264,56.01187597210456,0.0,0.0,base2,notwindy,fixed
167,249,DE0 184,DE0 69,15.531324761979684,30.180996796396226,0.0,0.0,base2,notwindy,fixed
168,25,DE0 103,DE0 54,10.997492278340825,20.251696932023876,0.0,0.0,base2,notwindy,fixed
169,250,DE0 185,DE0 205,6.00409636183767,10.3624130467418,0.0,0.0,base2,notwindy,fixed
170,251,DE0 185,DE0 441,7.984966815399113,13.61889186823268,0.0,0.0,base2,notwindy,fixed
171,252,DE0 186,DE0 82,8.043313882565384,17.90965943712425,0.0,0.0,base2,notwindy,fixed
172,253,DE0 187,DE0 436,7.429710186213802,24.29466281753716,0.0,0.0,base2,notwindy,fixed
173,254,DE0 188,DE0 309,14.468343735321767,39.52895486145094,0.0,0.0,base2,notwindy,fixed
174,255,DE0 188,DE0 40,12.369019973689992,39.69317465709457,0.0,0.0,base2,notwindy,fixed
175,256,DE0 188,DE0 410,3.678146183706081,12.825516078193552,0.0,0.0,base2,notwindy,fixed
176,257,DE0 189,DE0 73,8.515876682191536,28.889107567808974,0.0,0.0,base2,notwindy,fixed
177,258,DE0 19,DE0 299,1.015963845821487,1.52496941475168,0.0,0.0,base2,notwindy,fixed
178,259,DE0 19,DE0 411,1.6011093475932558,2.256732892908373,0.0,0.0,base2,notwindy,fixed
179,26,DE0 103,DE0 9,8.846020272013943,16.47358455234137,0.0,0.0,base2,notwindy,fixed
180,260,DE0 190,DE0 330,32.163005222495,32.16300758191022,0.0,0.0,base2,notwindy,fixed
181,261,DE0 191,DE0 435,17.726610219016305,17.726630496043235,0.0,0.0,base2,notwindy,fixed
182,262,DE0 191,DE0 89,12.152602631639164,17.16342328686139,0.0,0.0,base2,notwindy,fixed
183,263,DE0 192,DE0 319,2.6020473235285806,5.530940352913976,0.0,0.0,base2,notwindy,fixed
184,264,DE0 192,DE0 349,6.9317838772548335,13.632652155742978,0.0,0.0,base2,notwindy,fixed
185,265,DE0 192,DE0 403,5.474327652669681,11.979478518909794,0.0,0.0,base2,notwindy,fixed
186,266,DE0 193,DE0 229,11.750037381326601,15.270067272898814,0.0,0.0,base2,notwindy,fixed
187,267,DE0 193,DE0 3,10.447232856949118,15.546819826904859,0.0,0.0,base2,notwindy,fixed
188,268,DE0 193,DE0 342,11.739228592713195,26.06271885152805,0.0,0.0,base2,notwindy,fixed
189,269,DE0 193,DE0 356,16.26065169311296,24.363375416636526,0.0,0.0,base2,notwindy,fixed
190,27,DE0 104,DE0 201,4.241361820375725,7.000380024540679,0.0,0.0,base2,notwindy,fixed
191,270,DE0 194,DE0 76,4.857798019455445,12.32779140424049,0.0,0.0,base2,notwindy,fixed
192,271,DE0 195,DE0 264,13.85748385452629,18.64515304044511,0.0,0.0,base2,notwindy,fixed
193,272,DE0 195,DE0 301,9.596522379955593,14.70337599296501,0.0,0.0,base2,notwindy,fixed
194,273,DE0 196,DE0 377,7.050356985034129,20.925762095337884,0.0,0.0,base2,notwindy,fixed
195,274,DE0 197,DE0 356,9.599439276565661,20.850242042474328,0.0,0.0,base2,notwindy,fixed
196,275,DE0 197,DE0 371,13.721525748937538,21.722615281142055,0.0,0.0,base2,notwindy,fixed
197,276,DE0 198,DE0 239,8.358611078650759,15.361722077032198,0.0,0.0,base2,notwindy,fixed
198,277,DE0 198,DE0 248,3.739112781765961,6.575666467249778,0.0,0.0,base2,notwindy,fixed
199,278,DE0 199,DE0 432,3.151982496943055,8.89839416243607,0.0,0.0,base2,notwindy,fixed
200,279,DE0 2,DE0 233,23.99975286362601,43.92491541545261,0.0,0.0,base2,notwindy,fixed
201,28,DE0 104,DE0 206,5.563804782257847,17.836669136030373,0.0,0.0,base2,notwindy,fixed
202,280,DE0 2,DE0 256,31.65106548657375,45.717412499667596,0.0,0.0,base2,notwindy,fixed
203,281,DE0 2,DE0 72,14.755579922456175,21.36794530353344,0.0,0.0,base2,notwindy,fixed
204,282,DE0 20,DE0 410,9.654984358597051,33.54811777461981,0.0,0.0,base2,notwindy,fixed
205,283,DE0 200,DE0 242,10.857718362000242,36.726438041290876,0.0,0.0,base2,notwindy,fixed
206,284,DE0 200,DE0 386,8.37388253623796,15.616168062139984,0.0,0.0,base2,notwindy,fixed
207,285,DE0 200,DE0 440,8.410098448848473,30.375971698993258,0.0,0.0,base2,notwindy,fixed
208,286,DE0 200,DE0 99,8.192005854308073,25.037398430441964,0.0,0.0,base2,notwindy,fixed
209,287,DE0 201,DE0 206,4.706989778489298,13.389201027892927,0.0,0.0,base2,notwindy,fixed
210,288,DE0 201,DE0 212,11.122381781300072,20.186391369556507,0.0,0.0,base2,notwindy,fixed
211,289,DE0 201,DE0 399,0.989294001220105,2.2804405766558116,0.0,0.0,base2,notwindy,fixed
212,29,DE0 104,DE0 428,3.887027974466034,6.9472398967121265,0.0,0.0,base2,notwindy,fixed
213,290,DE0 201,DE0 428,3.4467892498216073,5.310845221690384,0.0,0.0,base2,notwindy,fixed
214,291,DE0 202,DE0 298,30.622822700963283,56.675541384283214,0.0,0.0,base2,notwindy,fixed
215,292,DE0 202,DE0 322,8.566073415568665,16.74596364705703,0.0,0.0,base2,notwindy,fixed
216,293,DE0 202,DE0 360,30.826549044436895,36.600379784785666,0.0,0.0,base2,notwindy,fixed
217,294,DE0 202,DE0 397,8.556556684549632,21.720097729531748,0.0,0.0,base2,notwindy,fixed
218,295,DE0 202,DE0 48,33.09706854691006,54.45208574869677,0.0,0.0,base2,notwindy,fixed
219,296,DE0 202,DE0 82,8.366397481687056,16.634762776121903,0.0,0.0,base2,notwindy,fixed
220,297,DE0 203,DE0 212,11.21479711809978,20.322957274919958,0.0,0.0,base2,notwindy,fixed
221,298,DE0 203,DE0 227,19.37331122569442,37.40050501934463,0.0,0.0,base2,notwindy,fixed
222,299,DE0 203,DE0 358,12.011739167183418,22.267841218938816,0.0,0.0,base2,notwindy,fixed
223,3,DE0 0,DE0 55,7.669525220214861,23.93048492901037,0.0,0.0,base2,notwindy,fixed
224,30,DE0 105,DE0 260,5.703120298422073,7.699961185899788,0.0,0.0,base2,notwindy,fixed
225,300,DE0 204,DE0 367,27.40372789264657,55.44073121584812,0.0,0.0,base2,notwindy,fixed
226,301,DE0 204,DE0 46,17.883306576987856,38.16732624717047,0.0,0.0,base2,notwindy,fixed
227,302,DE0 206,DE0 212,9.087894746402307,18.789464721084524,0.0,0.0,base2,notwindy,fixed
228,303,DE0 206,DE0 290,8.010267033608296,21.54987809361679,0.0,0.0,base2,notwindy,fixed
229,304,DE0 207,DE0 40,10.220985764622574,21.836111744437474,0.0,0.0,base2,notwindy,fixed
230,305,DE0 207,DE0 54,8.371555134432864,25.921041833059494,0.0,0.0,base2,notwindy,fixed
231,306,DE0 208,DE0 28,16.873688245107978,29.92304591430331,0.0,0.0,base2,notwindy,fixed
232,307,DE0 208,DE0 307,15.17567602367552,38.73069996980229,0.0,0.0,base2,notwindy,fixed
233,308,DE0 21,DE0 234,31.179850271587583,40.65240113463647,0.0,0.0,base2,notwindy,fixed
234,309,DE0 21,DE0 74,24.08519984445601,31.912094392100617,0.0,0.0,base2,notwindy,fixed
235,31,DE0 105,DE0 34,6.752636115375473,9.32812910444584,0.0,0.0,base2,notwindy,fixed
236,310,DE0 210,DE0 305,9.806057072225688,22.216647313236958,0.0,0.0,base2,notwindy,fixed
237,311,DE0 210,DE0 400,9.128113531000338,19.23333880195747,0.0,0.0,base2,notwindy,fixed
238,312,DE0 211,DE0 247,7.880705769842261,12.110744019942882,0.0,0.0,base2,notwindy,fixed
239,313,DE0 211,DE0 362,2.4237849075143587,4.209000124120772,0.0,0.0,base2,notwindy,fixed
240,314,DE0 212,DE0 280,8.902185165403303,24.04773501298,0.0,0.0,base2,notwindy,fixed
241,315,DE0 212,DE0 300,12.014182791249544,27.76916785729466,0.0,0.0,base2,notwindy,fixed
242,316,DE0 212,DE0 358,11.128418050620843,20.30640973139874,0.0,0.0,base2,notwindy,fixed
243,317,DE0 212,DE0 77,6.75676503739214,13.514297075385361,0.0,0.0,base2,notwindy,fixed
244,318,DE0 213,DE0 342,13.468879216513061,21.69264492339264,0.0,0.0,base2,notwindy,fixed
245,319,DE0 214,DE0 45,1.9383471099519027,3.45776055016366,0.0,0.0,base2,notwindy,fixed
246,32,DE0 105,DE0 354,15.800410048965338,20.926406477428646,0.0,0.0,base2,notwindy,fixed
247,320,DE0 215,DE0 42,9.796129131350982,18.31667564270603,0.0,0.0,base2,notwindy,fixed
248,321,DE0 216,DE0 277,8.077865261942017,9.862427687880054,0.0,0.0,base2,notwindy,fixed
249,322,DE0 216,DE0 339,8.301487526320681,11.233901516256417,0.0,0.0,base2,notwindy,fixed
250,323,DE0 216,DE0 429,5.5442348035987665,6.902595731141474,0.0,0.0,base2,notwindy,fixed
251,324,DE0 217,DE0 388,6.155004109774978,12.64753918995291,0.0,0.0,base2,notwindy,fixed
252,325,DE0 217,DE0 46,22.588271966887042,43.17624558904238,0.0,0.0,base2,notwindy,fixed
253,326,DE0 217,DE0 57,6.734109464056788,12.677437599032789,0.0,0.0,base2,notwindy,fixed
254,327,DE0 218,DE0 406,3.8966798353623315,12.751892153281878,0.0,0.0,base2,notwindy,fixed
255,328,DE0 218,DE0 73,9.56420609940936,29.676077457556598,0.0,0.0,base2,notwindy,fixed
256,329,DE0 22,DE0 296,23.15789887379837,52.761652642832104,0.0,0.0,base2,notwindy,fixed
257,33,DE0 106,DE0 180,4.684794867310548,14.945643976244302,0.0,0.0,base2,notwindy,fixed
258,330,DE0 22,DE0 352,16.528176577287716,46.076127906180616,0.0,0.0,base2,notwindy,fixed
259,331,DE0 22,DE0 8,23.104103755371263,51.728614268359564,0.0,0.0,base2,notwindy,fixed
260,332,DE0 220,DE0 336,10.945534673175212,18.909694916504378,0.0,0.0,base2,notwindy,fixed
261,333,DE0 220,DE0 379,25.19890461297254,31.82545318022234,0.0,0.0,base2,notwindy,fixed
262,334,DE0 221,DE0 274,13.685709136559796,35.29815817040273,0.0,0.0,base2,notwindy,fixed
263,335,DE0 222,DE0 292,11.987075208273971,18.894376019360102,0.0,0.0,base2,notwindy,fixed
264,336,DE0 222,DE0 311,2.934309866730728,11.486652131876061,0.0,0.0,base2,notwindy,fixed
265,337,DE0 222,DE0 381,4.1112279722253895,11.457869408739505,0.0,0.0,base2,notwindy,fixed
266,338,DE0 222,DE0 74,9.084951937848558,20.564447445100022,0.0,0.0,base2,notwindy,fixed
267,339,DE0 222,DE0 87,8.45226926611415,11.685602348404345,0.0,0.0,base2,notwindy,fixed
268,34,DE0 106,DE0 275,6.735983314011563,22.369611828384933,0.0,0.0,base2,notwindy,fixed
269,340,DE0 223,DE0 286,20.27877633292783,27.38609935481722,0.0,0.0,base2,notwindy,fixed
270,341,DE0 223,DE0 295,16.400091160537695,23.360091048078413,0.0,0.0,base2,notwindy,fixed
271,342,DE0 224,DE0 40,5.837061136801888,19.05903852595761,0.0,0.0,base2,notwindy,fixed
272,343,DE0 225,DE0 425,13.207354688905646,36.76630051088563,0.0,0.0,base2,notwindy,fixed
273,344,DE0 225,DE0 6,12.830056076710369,37.10568856950396,0.0,0.0,base2,notwindy,fixed
274,345,DE0 226,DE0 424,23.55155653519695,23.551616804190193,0.0,0.0,base2,notwindy,fixed
275,346,DE0 227,DE0 289,13.975277018141337,20.866579640786192,0.0,0.0,base2,notwindy,fixed
276,347,DE0 227,DE0 334,17.204960335641754,22.211280376050926,0.0,0.0,base2,notwindy,fixed
277,348,DE0 227,DE0 396,23.69587682731472,29.813918982536556,0.0,0.0,base2,notwindy,fixed
278,349,DE0 228,DE0 325,9.300357811914923,16.109833254482997,0.0,0.0,base2,notwindy,fixed
279,35,DE0 107,DE0 154,29.83166639818915,40.772957101410796,0.0,0.0,base2,notwindy,fixed
280,350,DE0 228,DE0 8,6.876451885991565,12.661668526833958,0.0,0.0,base2,notwindy,fixed
281,351,DE0 229,DE0 236,10.260465818420068,14.283754325613677,0.0,0.0,base2,notwindy,fixed
282,352,DE0 229,DE0 332,6.98208707015695,18.59358020047145,0.0,0.0,base2,notwindy,fixed
283,353,DE0 229,DE0 449,1.4116801295855819,1.6930909635155058,0.0,0.0,base2,notwindy,fixed
284,354,DE0 23,DE0 380,5.563547161070012,11.934689411027355,0.0,0.0,base2,notwindy,fixed
285,355,DE0 23,DE0 57,14.152204004651844,22.523940917557354,0.0,0.0,base2,notwindy,fixed
286,356,DE0 230,DE0 24,29.617123432426666,46.91256112853421,0.0,0.0,base2,notwindy,fixed
287,357,DE0 231,DE0 87,10.745235735968334,15.355322429138685,0.0,0.0,base2,notwindy,fixed
288,358,DE0 232,DE0 382,15.783233214753679,22.11934001057651,0.0,0.0,base2,notwindy,fixed
289,359,DE0 233,DE0 271,10.55454018458597,15.930242079722737,0.0,0.0,base2,notwindy,fixed
290,36,DE0 107,DE0 38,30.948868048879035,39.59835547522004,0.0,0.0,base2,notwindy,fixed
291,360,DE0 233,DE0 72,7.438635725375184,19.226584485276945,0.0,0.0,base2,notwindy,fixed
292,361,DE0 234,DE0 88,27.35269634539969,36.046252277076846,0.0,0.0,base2,notwindy,fixed
293,362,DE0 235,DE0 382,7.524118114957414,11.826129594137301,0.0,0.0,base2,notwindy,fixed
294,363,DE0 235,DE0 384,6.951118536297045,12.1017812758933,0.0,0.0,base2,notwindy,fixed
295,364,DE0 236,DE0 260,7.07806426840177,9.940067394409574,0.0,0.0,base2,notwindy,fixed
296,365,DE0 236,DE0 31,12.753883295675426,23.649544496524157,0.0,0.0,base2,notwindy,fixed
297,366,DE0 237,DE0 37,10.809940593189104,12.378079581707468,0.0,0.0,base2,notwindy,fixed
298,367,DE0 238,DE0 250,2.6076374905244957,8.267015047726574,0.0,0.0,base2,notwindy,fixed
299,368,DE0 238,DE0 445,1.8691269739533747,7.323105705827531,0.0,0.0,base2,notwindy,fixed
300,369,DE0 239,DE0 392,9.112333855014903,14.550474989925288,0.0,0.0,base2,notwindy,fixed
301,37,DE0 108,DE0 246,10.213803153770602,25.366309656627013,0.0,0.0,base2,notwindy,fixed
302,370,DE0 24,DE0 245,6.976740420587579,22.925249597511417,0.0,0.0,base2,notwindy,fixed
303,371,DE0 24,DE0 259,13.954245741836393,42.20477024127566,0.0,0.0,base2,notwindy,fixed
304,372,DE0 24,DE0 335,21.623926939718217,39.19843467643431,0.0,0.0,base2,notwindy,fixed
305,373,DE0 24,DE0 68,32.785555421554065,54.67172649547501,0.0,0.0,base2,notwindy,fixed
306,374,DE0 240,DE0 357,9.436054747761457,24.86252869756999,0.0,0.0,base2,notwindy,fixed
307,375,DE0 241,DE0 322,8.287216168155771,16.45513369685648,0.0,0.0,base2,notwindy,fixed
308,376,DE0 242,DE0 340,8.8045625617029,20.92689747282633,0.0,0.0,base2,notwindy,fixed
309,377,DE0 242,DE0 99,4.214272397833812,14.358885067937946,0.0,0.0,base2,notwindy,fixed
310,378,DE0 243,DE0 46,11.574126819250353,28.582381000088898,0.0,0.0,base2,notwindy,fixed
311,379,DE0 244,DE0 366,7.214351994370953,10.765745735302088,0.0,0.0,base2,notwindy,fixed
312,38,DE0 108,DE0 393,5.242851251566986,11.846248917286601,0.0,0.0,base2,notwindy,fixed
313,380,DE0 244,DE0 448,10.175283604710224,11.764091262232292,0.0,0.0,base2,notwindy,fixed
314,381,DE0 244,DE0 95,17.607343180416546,22.400417021101298,0.0,0.0,base2,notwindy,fixed
315,382,DE0 245,DE0 422,2.207823035131369,7.122716295042625,0.0,0.0,base2,notwindy,fixed
316,383,DE0 246,DE0 267,10.063773910663363,26.240983481632917,0.0,0.0,base2,notwindy,fixed
317,384,DE0 247,DE0 74,11.543101515217959,17.567476163307976,0.0,0.0,base2,notwindy,fixed
318,385,DE0 248,DE0 374,6.213657211006724,13.51130692774943,0.0,0.0,base2,notwindy,fixed
319,386,DE0 248,DE0 66,16.538902121601005,24.40427914926427,0.0,0.0,base2,notwindy,fixed
320,387,DE0 248,DE0 90,23.767942977480697,34.14352785396009,0.0,0.0,base2,notwindy,fixed
321,388,DE0 249,DE0 36,10.9549034861309,15.926287250142918,0.0,0.0,base2,notwindy,fixed
322,389,DE0 249,DE0 364,3.6940184996978545,7.858494932623198,0.0,0.0,base2,notwindy,fixed
323,39,DE0 108,DE0 417,0.9997172170602112,1.6891478641193332,0.0,0.0,base2,notwindy,fixed
324,390,DE0 25,DE0 50,14.350627406045838,34.429876810875335,0.0,0.0,base2,notwindy,fixed
325,391,DE0 25,DE0 92,15.041315441419028,25.238848677973724,0.0,0.0,base2,notwindy,fixed
326,392,DE0 250,DE0 56,8.191275595296464,17.5154606244941,0.0,0.0,base2,notwindy,fixed
327,393,DE0 251,DE0 343,12.922624437146135,37.22045697049345,0.0,0.0,base2,notwindy,fixed
328,394,DE0 251,DE0 385,14.241616320646571,31.172169876677007,0.0,0.0,base2,notwindy,fixed
329,395,DE0 252,DE0 293,3.385918686773262,9.302734756923572,0.0,0.0,base2,notwindy,fixed
330,396,DE0 252,DE0 344,1.6944895187165183,4.218219754728711,0.0,0.0,base2,notwindy,fixed
331,397,DE0 253,DE0 75,6.292838729429263,17.132198201753678,0.0,0.0,base2,notwindy,fixed
332,398,DE0 254,DE0 283,13.596527565320232,24.947915645885104,0.0,0.0,base2,notwindy,fixed
333,399,DE0 254,DE0 378,13.00397950610678,25.958240370682763,0.0,0.0,base2,notwindy,fixed
334,4,DE0 0,DE0 59,22.258650362555496,32.713218670721346,0.0,0.0,base2,notwindy,fixed
335,40,DE0 109,DE0 162,5.508478209479011,10.152022245235914,0.0,0.0,base2,notwindy,fixed
336,400,DE0 254,DE0 99,19.94942650782199,35.65975397537181,0.0,0.0,base2,notwindy,fixed
337,401,DE0 255,DE0 415,3.9620255934736353,9.433231139512435,0.0,0.0,base2,notwindy,fixed
338,402,DE0 255,DE0 76,3.4381739154346302,9.189756433817774,0.0,0.0,base2,notwindy,fixed
339,403,DE0 257,DE0 328,2.9184935911217775,6.293367170776319,0.0,0.0,base2,notwindy,fixed
340,404,DE0 257,DE0 336,1.470785936642347,3.9804716592849996,0.0,0.0,base2,notwindy,fixed
341,405,DE0 257,DE0 387,1.5640694126351373,3.299163623923819,0.0,0.0,base2,notwindy,fixed
342,406,DE0 258,DE0 34,10.001867752461129,13.62048967771066,0.0,0.0,base2,notwindy,fixed
343,407,DE0 258,DE0 433,13.709679312189035,18.379084092752283,0.0,0.0,base2,notwindy,fixed
344,408,DE0 26,DE0 69,16.798887916145596,30.14627407360166,0.0,0.0,base2,notwindy,fixed
345,409,DE0 262,DE0 42,4.84332679971452,9.470700801172539,0.0,0.0,base2,notwindy,fixed
346,41,DE0 109,DE0 215,3.482007287224991,8.40964994354411,0.0,0.0,base2,notwindy,fixed
347,410,DE0 263,DE0 347,11.959524614355061,16.970109407805538,0.0,0.0,base2,notwindy,fixed
348,411,DE0 263,DE0 9,9.706025812488186,14.755809638360763,0.0,0.0,base2,notwindy,fixed
349,412,DE0 264,DE0 339,15.670857456742251,19.96192226463155,0.0,0.0,base2,notwindy,fixed
350,413,DE0 264,DE0 363,15.452463144153015,17.984513294840625,0.0,0.0,base2,notwindy,fixed
351,414,DE0 264,DE0 375,14.70701311054032,19.713671571022594,0.0,0.0,base2,notwindy,fixed
352,415,DE0 265,DE0 306,6.553740708810707,10.622556074836941,0.0,0.0,base2,notwindy,fixed
353,416,DE0 266,DE0 420,5.5228743564296,18.230204113316418,0.0,0.0,base2,notwindy,fixed
354,417,DE0 266,DE0 67,6.145224167470036,19.409124434812185,0.0,0.0,base2,notwindy,fixed
355,418,DE0 267,DE0 70,7.147725532916745,18.73557341636323,0.0,0.0,base2,notwindy,fixed
356,419,DE0 268,DE0 336,1.3274894445997119,4.063261148976342,0.0,0.0,base2,notwindy,fixed
357,42,DE0 11,DE0 360,28.509492750305775,36.50077497766994,0.0,0.0,base2,notwindy,fixed
358,420,DE0 268,DE0 361,8.567552566451166,17.68365265275186,0.0,0.0,base2,notwindy,fixed
359,421,DE0 268,DE0 366,3.093785902934172,4.972415456112493,0.0,0.0,base2,notwindy,fixed
360,422,DE0 268,DE0 95,2.0808565814027378,5.461451560534618,0.0,0.0,base2,notwindy,fixed
361,423,DE0 269,DE0 29,7.0396737501605005,18.77705793098206,0.0,0.0,base2,notwindy,fixed
362,424,DE0 27,DE0 283,8.16647598767762,12.94118189261885,0.0,0.0,base2,notwindy,fixed
363,425,DE0 27,DE0 333,6.47547190730612,11.7091145748516,0.0,0.0,base2,notwindy,fixed
364,426,DE0 27,DE0 447,17.37216895530832,27.5094571288607,0.0,0.0,base2,notwindy,fixed
365,427,DE0 270,DE0 350,5.452216389223125,12.330803721007145,0.0,0.0,base2,notwindy,fixed
366,428,DE0 270,DE0 423,7.6027564698052315,12.9614936007118,0.0,0.0,base2,notwindy,fixed
367,429,DE0 270,DE0 426,11.16026470586653,24.21512401018167,0.0,0.0,base2,notwindy,fixed
368,43,DE0 11,DE0 67,4.907165899080079,11.693682536069947,0.0,0.0,base2,notwindy,fixed
369,430,DE0 271,DE0 61,14.830802687562302,26.576557191449744,0.0,0.0,base2,notwindy,fixed
370,431,DE0 271,DE0 91,12.6567689667116,17.70551786691286,0.0,0.0,base2,notwindy,fixed
371,432,DE0 272,DE0 385,13.635391090094299,22.504251217996714,0.0,0.0,base2,notwindy,fixed
372,433,DE0 272,DE0 406,5.808356641959331,9.882202055312916,0.0,0.0,base2,notwindy,fixed
373,434,DE0 273,DE0 370,5.906508626428807,12.19692855060595,0.0,0.0,base2,notwindy,fixed
374,435,DE0 273,DE0 407,5.414054833132892,10.38007172780113,0.0,0.0,base2,notwindy,fixed
375,436,DE0 274,DE0 28,8.434189178925378,24.54361094998558,0.0,0.0,base2,notwindy,fixed
376,437,DE0 275,DE0 309,8.010115920575279,25.93785242498125,0.0,0.0,base2,notwindy,fixed
377,438,DE0 276,DE0 277,10.028379007984878,12.639731312811517,0.0,0.0,base2,notwindy,fixed
378,439,DE0 276,DE0 396,12.237689432475669,18.20243372216687,0.0,0.0,base2,notwindy,fixed
379,44,DE0 110,DE0 415,9.873657087186052,34.7305487778251,0.0,0.0,base2,notwindy,fixed
380,440,DE0 277,DE0 369,19.087914515873994,28.37726793444831,0.0,0.0,base2,notwindy,fixed
381,441,DE0 277,DE0 376,11.446983517851137,13.604885274772622,0.0,0.0,base2,notwindy,fixed
382,442,DE0 278,DE0 296,10.677984191602711,31.14212194073519,0.0,0.0,base2,notwindy,fixed
383,443,DE0 278,DE0 324,14.20785831762292,31.272802966457487,0.0,0.0,base2,notwindy,fixed
384,444,DE0 279,DE0 405,16.490105761708804,23.454745834572197,0.0,0.0,base2,notwindy,fixed
385,445,DE0 280,DE0 439,9.168251449210574,24.667563121668067,0.0,0.0,base2,notwindy,fixed
386,446,DE0 281,DE0 346,13.441253786438793,34.7351605362597,0.0,0.0,base2,notwindy,fixed
387,447,DE0 281,DE0 52,4.235098130829298,15.24831226768133,0.0,0.0,base2,notwindy,fixed
388,448,DE0 282,DE0 355,15.604786663004013,20.26349569333712,0.0,0.0,base2,notwindy,fixed
389,449,DE0 282,DE0 365,27.789543484523932,32.32545088774239,0.0,0.0,base2,notwindy,fixed
390,45,DE0 111,DE0 435,19.71398180756282,40.74759603786408,0.0,0.0,base2,notwindy,fixed
391,450,DE0 282,DE0 389,20.218737853476696,22.743894627858452,0.0,0.0,base2,notwindy,fixed
392,451,DE0 283,DE0 292,5.581843836355435,9.010035202423593,0.0,0.0,base2,notwindy,fixed
393,452,DE0 283,DE0 331,1.7603948138847303,3.5941965038093415,0.0,0.0,base2,notwindy,fixed
394,453,DE0 283,DE0 378,7.734905846451447,11.766021460494862,0.0,0.0,base2,notwindy,fixed
395,454,DE0 284,DE0 308,6.005093812666681,12.599372424541569,0.0,0.0,base2,notwindy,fixed
396,455,DE0 284,DE0 353,7.829756467754116,11.45822792773691,0.0,0.0,base2,notwindy,fixed
397,456,DE0 285,DE0 301,7.686409422676478,12.934305921627196,0.0,0.0,base2,notwindy,fixed
398,457,DE0 285,DE0 379,6.905336366812252,11.955108460350514,0.0,0.0,base2,notwindy,fixed
399,458,DE0 285,DE0 382,12.342141589017068,15.371429518626146,0.0,0.0,base2,notwindy,fixed
400,459,DE0 286,DE0 347,26.585786219421898,35.80102469241182,0.0,0.0,base2,notwindy,fixed
401,46,DE0 111,DE0 66,14.886036708367675,21.58795319238727,0.0,0.0,base2,notwindy,fixed
402,460,DE0 287,DE0 339,8.915408245451445,11.753074916883833,0.0,0.0,base2,notwindy,fixed
403,461,DE0 287,DE0 413,10.945036956796141,14.045859567183877,0.0,0.0,base2,notwindy,fixed
404,462,DE0 287,DE0 416,6.1734473715853,7.863374368661331,0.0,0.0,base2,notwindy,fixed
405,463,DE0 288,DE0 289,9.045591960490903,16.02811720250818,0.0,0.0,base2,notwindy,fixed
406,464,DE0 289,DE0 337,16.305441011421255,19.779461826750783,0.0,0.0,base2,notwindy,fixed
407,465,DE0 289,DE0 401,19.940803087262967,23.725546316646053,0.0,0.0,base2,notwindy,fixed
408,466,DE0 29,DE0 383,6.969378098802675,17.44763774801403,0.0,0.0,base2,notwindy,fixed
409,467,DE0 290,DE0 351,7.628592122803486,17.678068404785638,0.0,0.0,base2,notwindy,fixed
410,468,DE0 291,DE0 356,16.06197805213925,22.9396975022333,0.0,0.0,base2,notwindy,fixed
411,469,DE0 291,DE0 433,13.99374978659049,18.549156674630133,0.0,0.0,base2,notwindy,fixed
412,47,DE0 112,DE0 349,11.852641953036857,23.936251290414862,0.0,0.0,base2,notwindy,fixed
413,470,DE0 292,DE0 326,7.780103557638722,12.725411415700885,0.0,0.0,base2,notwindy,fixed
414,471,DE0 292,DE0 340,14.060489592691733,23.22454513028923,0.0,0.0,base2,notwindy,fixed
415,472,DE0 292,DE0 430,17.685121815418693,29.855950813286043,0.0,0.0,base2,notwindy,fixed
416,473,DE0 293,DE0 344,4.7949153272391944,12.950900612440783,0.0,0.0,base2,notwindy,fixed
417,474,DE0 293,DE0 414,2.205811609271423,6.573167699249422,0.0,0.0,base2,notwindy,fixed
418,475,DE0 294,DE0 394,20.97210047248792,27.901390776144723,0.0,0.0,base2,notwindy,fixed
419,476,DE0 294,DE0 395,22.02985959085224,28.408582011940258,0.0,0.0,base2,notwindy,fixed
420,477,DE0 295,DE0 378,6.672675801666783,9.973140665421878,0.0,0.0,base2,notwindy,fixed
421,478,DE0 296,DE0 8,9.245929566944499,31.762777735783004,0.0,0.0,base2,notwindy,fixed
422,479,DE0 297,DE0 394,11.6302936562642,18.82768860252109,0.0,0.0,base2,notwindy,fixed
423,48,DE0 112,DE0 391,8.100401801577929,15.239190246965824,0.0,0.0,base2,notwindy,fixed
424,480,DE0 297,DE0 90,23.870486267608246,34.68870805649261,0.0,0.0,base2,notwindy,fixed
425,481,DE0 298,DE0 67,15.082434179687866,28.182976197859453,0.0,0.0,base2,notwindy,fixed
426,482,DE0 299,DE0 411,0.6780246898033925,1.0820655890426352,0.0,0.0,base2,notwindy,fixed
427,483,DE0 299,DE0 60,4.635725137113103,23.63710313589419,0.0,0.0,base2,notwindy,fixed
428,484,DE0 3,DE0 356,24.66268216156774,36.579882837512386,0.0,0.0,base2,notwindy,fixed
429,485,DE0 30,DE0 399,2.6165613912922883,7.898178229863043,0.0,0.0,base2,notwindy,fixed
430,486,DE0 30,DE0 428,1.5072853011227627,3.3205532546135057,0.0,0.0,base2,notwindy,fixed
431,487,DE0 30,DE0 77,14.360082329531417,40.23109669908161,0.0,0.0,base2,notwindy,fixed
432,488,DE0 300,DE0 313,11.14523414581865,25.2095065899583,0.0,0.0,base2,notwindy,fixed
433,489,DE0 302,DE0 447,11.923629236540435,18.514073100398953,0.0,0.0,base2,notwindy,fixed
434,49,DE0 113,DE0 189,12.543030157827342,33.82608115875066,0.0,0.0,base2,notwindy,fixed
435,490,DE0 302,DE0 99,19.37664695227986,29.06040478397294,0.0,0.0,base2,notwindy,fixed
436,491,DE0 303,DE0 436,8.04570121548977,26.02170039083723,0.0,0.0,base2,notwindy,fixed
437,492,DE0 304,DE0 98,6.807420841454208,14.256883259765369,0.0,0.0,base2,notwindy,fixed
438,493,DE0 305,DE0 313,10.165820166712527,22.90019893917592,0.0,0.0,base2,notwindy,fixed
439,494,DE0 308,DE0 431,11.588671058903016,32.73892569587451,0.0,0.0,base2,notwindy,fixed
440,495,DE0 31,DE0 408,10.686330702716633,25.821629027685454,0.0,0.0,base2,notwindy,fixed
441,496,DE0 310,DE0 340,5.74346535156317,12.27991819050588,0.0,0.0,base2,notwindy,fixed
442,497,DE0 310,DE0 430,4.134023192752973,6.4524919835267704,0.0,0.0,base2,notwindy,fixed
443,498,DE0 312,DE0 364,30.450020009977646,43.158917597972824,0.0,0.0,base2,notwindy,fixed
444,499,DE0 314,DE0 380,10.50875296216938,22.400022012402378,0.0,0.0,base2,notwindy,fixed
445,5,DE0 0,DE0 65,19.321177975110007,61.60756600221248,1.0,0.0,base2,notwindy,fixed
446,50,DE0 113,DE0 251,16.334676857268807,44.31858988099089,0.0,0.0,base2,notwindy,fixed
447,500,DE0 314,DE0 86,4.6205686402423956,9.212966094378837,0.0,0.0,base2,notwindy,fixed
448,501,DE0 315,DE0 365,16.67847071397632,19.500785138529835,0.0,0.0,base2,notwindy,fixed
449,502,DE0 315,DE0 448,12.622907944506526,14.97588975645712,0.0,0.0,base2,notwindy,fixed
450,503,DE0 316,DE0 412,21.84179502280985,34.26118030986526,0.0,0.0,base2,notwindy,fixed
451,504,DE0 317,DE0 58,15.16794027597547,34.22383313751819,0.0,0.0,base2,notwindy,fixed
452,505,DE0 317,DE0 81,23.760710117292636,34.54750940358227,0.0,0.0,base2,notwindy,fixed
453,506,DE0 318,DE0 369,10.192114905590174,13.075227849086524,0.0,0.0,base2,notwindy,fixed
454,507,DE0 318,DE0 392,18.97337575279605,28.57672412517521,0.0,0.0,base2,notwindy,fixed
455,508,DE0 319,DE0 391,8.101883284367895,18.619558538377767,0.0,0.0,base2,notwindy,fixed
456,509,DE0 32,DE0 96,20.047840428097675,30.18681012399769,0.0,0.0,base2,notwindy,fixed
457,51,DE0 113,DE0 33,10.648072664958768,21.895428847203366,0.0,0.0,base2,notwindy,fixed
458,510,DE0 320,DE0 409,1.0491177178211752,3.6509223517425413,0.0,0.0,base2,notwindy,fixed
459,511,DE0 320,DE0 418,1.1160912914998675,3.7680026100010497,0.0,0.0,base2,notwindy,fixed
460,512,DE0 321,DE0 384,9.368638602721823,15.065232701609082,0.0,0.0,base2,notwindy,fixed
461,513,DE0 321,DE0 412,4.879002435944661,8.707565702363523,0.0,0.0,base2,notwindy,fixed
462,514,DE0 323,DE0 419,3.139521964557036,8.144125869500533,0.0,0.0,base2,notwindy,fixed
463,515,DE0 323,DE0 445,3.084469179041389,8.244107227093128,0.0,0.0,base2,notwindy,fixed
464,516,DE0 324,DE0 426,10.937559218789831,22.438830006324046,0.0,0.0,base2,notwindy,fixed
465,517,DE0 326,DE0 390,5.4537364232166405,9.596405074932468,0.0,0.0,base2,notwindy,fixed
466,518,DE0 327,DE0 53,6.671665629566315,16.084906314591617,0.0,0.0,base2,notwindy,fixed
467,519,DE0 328,DE0 336,1.7091145949672977,3.060525136400038,0.0,0.0,base2,notwindy,fixed
468,52,DE0 113,DE0 343,17.125500710876693,34.591058337520145,0.0,0.0,base2,notwindy,fixed
469,520,DE0 330,DE0 362,12.671747488057935,19.58078786521203,0.0,0.0,base2,notwindy,fixed
470,521,DE0 330,DE0 60,8.78469029607193,27.319700058325537,0.0,0.0,base2,notwindy,fixed
471,522,DE0 331,DE0 421,7.469964259491737,11.935708760834045,0.0,0.0,base2,notwindy,fixed
472,523,DE0 331,DE0 446,8.521529348690054,9.807520511457168,0.0,0.0,base2,notwindy,fixed
473,524,DE0 332,DE0 431,6.337002385819742,17.694339074590854,0.0,0.0,base2,notwindy,fixed
474,525,DE0 333,DE0 441,7.5502642069697,12.75400685685783,0.0,0.0,base2,notwindy,fixed
475,526,DE0 334,DE0 376,13.458341449412616,19.84413622948445,0.0,0.0,base2,notwindy,fixed
476,527,DE0 334,DE0 416,24.550487567517212,24.673270450150447,0.0,0.0,base2,notwindy,fixed
477,528,DE0 334,DE0 63,19.944642813539637,20.29480539959665,0.0,0.0,base2,notwindy,fixed
478,529,DE0 336,DE0 379,2.900536814682672,5.529143075627528,0.0,0.0,base2,notwindy,fixed
479,53,DE0 113,DE0 35,20.454788249290658,51.50689185793757,0.0,0.0,base2,notwindy,fixed
480,530,DE0 336,DE0 412,2.1046838443150677,4.315762752763326,0.0,0.0,base2,notwindy,fixed
481,531,DE0 338,DE0 379,17.142594289829464,23.952528623959694,0.0,0.0,base2,notwindy,fixed
482,532,DE0 338,DE0 51,11.871336949861313,17.539462944836103,0.0,0.0,base2,notwindy,fixed
483,533,DE0 339,DE0 363,11.53381965981835,16.692425582631223,0.0,0.0,base2,notwindy,fixed
484,534,DE0 339,DE0 413,5.886130089388969,8.344479697162472,0.0,0.0,base2,notwindy,fixed
485,535,DE0 339,DE0 429,9.664979541946066,14.1685632173122,0.0,0.0,base2,notwindy,fixed
486,536,DE0 341,DE0 363,29.96963272780938,35.28292599112875,0.0,0.0,base2,notwindy,fixed
487,537,DE0 341,DE0 427,18.888098227058396,21.788592552940568,0.0,0.0,base2,notwindy,fixed
488,538,DE0 345,DE0 41,1.6976147478607224,5.539115793832313,0.0,0.0,base2,notwindy,fixed
489,539,DE0 345,DE0 414,2.1293265013768945,6.441558908066196,0.0,0.0,base2,notwindy,fixed
490,54,DE0 113,DE0 55,19.49087447439685,64.06400478379716,3.0,0.0,base2,notwindy,fixed
491,540,DE0 346,DE0 442,14.943184441776108,20.389154650404773,0.0,0.0,base2,notwindy,fixed
492,541,DE0 348,DE0 444,1.0048807452085868,3.5133864504725616,0.0,0.0,base2,notwindy,fixed
493,542,DE0 349,DE0 4,5.748106024843087,16.915878308338243,0.0,0.0,base2,notwindy,fixed
494,543,DE0 349,DE0 70,6.310725197893607,21.4735198795762,0.0,0.0,base2,notwindy,fixed
495,544,DE0 35,DE0 55,19.645297908134488,62.12577196841723,3.0,0.0,base2,notwindy,fixed
496,545,DE0 350,DE0 423,14.522926383510237,31.97996544632496,0.0,0.0,base2,notwindy,fixed
497,546,DE0 350,DE0 75,6.836607577513474,19.162826236176294,0.0,0.0,base2,notwindy,fixed
498,547,DE0 351,DE0 425,8.218291214936334,22.17050398815686,0.0,0.0,base2,notwindy,fixed
499,548,DE0 353,DE0 49,9.153593539385337,14.01183406742718,0.0,0.0,base2,notwindy,fixed
500,549,DE0 354,DE0 385,2.961027538790282,7.263673247568823,0.0,0.0,base2,notwindy,fixed
501,55,DE0 113,DE0 65,10.023941863345676,25.26311724010594,0.0,0.0,base2,notwindy,fixed
502,550,DE0 354,DE0 406,9.109071971076277,13.008119486203723,0.0,0.0,base2,notwindy,fixed
503,551,DE0 354,DE0 98,13.495245444254264,21.454764309534166,0.0,0.0,base2,notwindy,fixed
504,552,DE0 356,DE0 364,16.07748690672856,23.66578120083263,0.0,0.0,base2,notwindy,fixed
505,553,DE0 356,DE0 371,11.734839232949398,17.48955896678048,0.0,0.0,base2,notwindy,fixed
506,554,DE0 356,DE0 412,17.112820376236602,25.980028337548696,0.0,0.0,base2,notwindy,fixed
507,555,DE0 356,DE0 433,16.713245191470914,23.50604233905152,0.0,0.0,base2,notwindy,fixed
508,556,DE0 357,DE0 439,6.239179411933217,16.5301322234359,0.0,0.0,base2,notwindy,fixed
509,557,DE0 359,DE0 440,2.411569419229701,4.803605363474203,0.0,0.0,base2,notwindy,fixed
510,558,DE0 359,DE0 5,5.273166613835575,16.05580224304788,0.0,0.0,base2,notwindy,fixed
511,559,DE0 363,DE0 416,5.218262770560403,9.355814792095277,0.0,0.0,base2,notwindy,fixed
512,56,DE0 114,DE0 175,13.932475415162179,26.96403155088469,0.0,0.0,base2,notwindy,fixed
513,560,DE0 365,DE0 389,24.802768054365902,29.29330778163522,0.0,0.0,base2,notwindy,fixed
514,561,DE0 365,DE0 448,16.242759849997164,18.605992556569483,0.0,0.0,base2,notwindy,fixed
515,562,DE0 367,DE0 55,8.862037766548626,25.785031981641648,0.0,0.0,base2,notwindy,fixed
516,563,DE0 367,DE0 92,14.837690724848972,29.534236365464643,0.0,0.0,base2,notwindy,fixed
517,564,DE0 367,DE0 94,19.387357122279234,36.2393969668276,0.0,0.0,base2,notwindy,fixed
518,565,DE0 368,DE0 424,12.15462406332484,36.600271108269304,0.0,0.0,base2,notwindy,fixed
519,566,DE0 368,DE0 7,9.269511148631738,32.88570254710731,0.0,0.0,base2,notwindy,fixed
520,567,DE0 369,DE0 376,22.159009204945832,29.141742796556265,0.0,0.0,base2,notwindy,fixed
521,568,DE0 372,DE0 407,5.373010567555053,10.301595785127809,0.0,0.0,base2,notwindy,fixed
522,569,DE0 372,DE0 44,10.593732574333663,20.87363305693778,0.0,0.0,base2,notwindy,fixed
523,57,DE0 114,DE0 181,8.990410275433465,25.02172779296177,0.0,0.0,base2,notwindy,fixed
524,570,DE0 373,DE0 449,0.2929942337186075,0.36182365807423794,0.0,0.0,base2,notwindy,fixed
525,571,DE0 375,DE0 382,3.6743619722771728,7.321007827392891,0.0,0.0,base2,notwindy,fixed
526,572,DE0 375,DE0 51,6.047587092566101,11.465547156878994,0.0,0.0,base2,notwindy,fixed
527,573,DE0 376,DE0 437,6.487578284209201,15.725710332896822,0.0,0.0,base2,notwindy,fixed
528,574,DE0 377,DE0 414,3.3339404523989806,10.146673787982257,0.0,0.0,base2,notwindy,fixed
529,575,DE0 378,DE0 404,14.585122715828835,24.855261107166463,0.0,0.0,base2,notwindy,fixed
530,576,DE0 38,DE0 58,20.873750734326734,25.353834619669584,0.0,0.0,base2,notwindy,fixed
531,577,DE0 381,DE0 74,17.88362194424477,33.369363893318535,0.0,0.0,base2,notwindy,fixed
532,578,DE0 382,DE0 412,7.0804053261596955,12.118021458962332,0.0,0.0,base2,notwindy,fixed
533,579,DE0 383,DE0 432,5.575144707520482,16.85120846452695,0.0,0.0,base2,notwindy,fixed
534,58,DE0 115,DE0 12,2.809458568872582,4.573885210802399,0.0,0.0,base2,notwindy,fixed
535,580,DE0 383,DE0 434,6.415904062496798,11.913477728705384,0.0,0.0,base2,notwindy,fixed
536,581,DE0 383,DE0 97,7.01910029557886,13.617325772436848,0.0,0.0,base2,notwindy,fixed
537,582,DE0 386,DE0 99,6.561123931661507,21.42070813239173,0.0,0.0,base2,notwindy,fixed
538,583,DE0 387,DE0 412,1.108318112520766,2.3455186114455815,0.0,0.0,base2,notwindy,fixed
539,584,DE0 388,DE0 57,5.676761665638755,9.394967112746775,0.0,0.0,base2,notwindy,fixed
540,585,DE0 39,DE0 425,9.407687243703544,25.92897959028851,0.0,0.0,base2,notwindy,fixed
541,586,DE0 39,DE0 438,9.37492989364504,25.934194909853396,0.0,0.0,base2,notwindy,fixed
542,587,DE0 390,DE0 5,10.660471480242038,37.997999990370104,0.0,0.0,base2,notwindy,fixed
543,588,DE0 391,DE0 417,3.4643717081247782,6.396832697137482,0.0,0.0,base2,notwindy,fixed
544,589,DE0 393,DE0 403,6.955555641557219,12.936951868709452,0.0,0.0,base2,notwindy,fixed
545,59,DE0 115,DE0 398,16.02707901902698,25.93197864677884,0.0,0.0,base2,notwindy,fixed
546,590,DE0 394,DE0 395,21.481189033323624,27.149798368972313,0.0,0.0,base2,notwindy,fixed
547,591,DE0 394,DE0 443,16.017478485372255,21.727610413089323,0.0,0.0,base2,notwindy,fixed
548,592,DE0 395,DE0 437,3.395685610548286,8.05965585631962,0.0,0.0,base2,notwindy,fixed
549,593,DE0 396,DE0 416,10.192434113491682,15.378516512513071,0.0,0.0,base2,notwindy,fixed
550,594,DE0 398,DE0 58,29.16437089794704,49.218562366605674,0.0,0.0,base2,notwindy,fixed
551,595,DE0 398,DE0 81,11.254494521108759,19.58032558960284,0.0,0.0,base2,notwindy,fixed
552,596,DE0 4,DE0 97,13.396619072068065,28.609002975490906,0.0,0.0,base2,notwindy,fixed
553,597,DE0 40,DE0 410,11.501920370205369,37.06686069571121,0.0,0.0,base2,notwindy,fixed
554,598,DE0 400,DE0 56,8.949701924585685,18.996234189980637,0.0,0.0,base2,notwindy,fixed
555,599,DE0 401,DE0 427,24.61004283868057,29.435338244943548,0.0,0.0,base2,notwindy,fixed
556,6,DE0 0,DE0 83,23.570899261037827,45.014418801601366,0.0,0.0,base2,notwindy,fixed
557,60,DE0 115,DE0 46,25.10912981324231,49.20063086435509,0.0,0.0,base2,notwindy,fixed
558,600,DE0 402,DE0 446,17.39636693014528,19.868926017812765,0.0,0.0,base2,notwindy,fixed
559,601,DE0 404,DE0 84,6.467361661657284,11.545000887634723,0.0,0.0,base2,notwindy,fixed
560,602,DE0 405,DE0 79,8.870346862787354,12.23369273436798,0.0,0.0,base2,notwindy,fixed
561,603,DE0 409,DE0 444,2.039248610553522,7.1409343099085465,0.0,0.0,base2,notwindy,fixed
562,604,DE0 41,DE0 79,4.971404213328918,12.38589076164269,0.0,0.0,base2,notwindy,fixed
563,605,DE0 415,DE0 53,9.204821804481087,35.88590465240903,0.0,0.0,base2,notwindy,fixed
564,606,DE0 415,DE0 76,3.5291045422525693,9.533601998245302,0.0,0.0,base2,notwindy,fixed
565,607,DE0 416,DE0 63,17.8277252242621,18.323572788351612,0.0,0.0,base2,notwindy,fixed
566,608,DE0 421,DE0 84,13.437246020029534,22.50911463709519,0.0,0.0,base2,notwindy,fixed
567,609,DE0 43,DE0 96,7.024804050062722,15.2246949309399,0.0,0.0,base2,notwindy,fixed
568,61,DE0 115,DE0 81,16.024844293499164,25.868639359871242,0.0,0.0,base2,notwindy,fixed
569,610,DE0 430,DE0 5,2.950385002070571,8.329698441383993,0.0,0.0,base2,notwindy,fixed
570,611,DE0 435,DE0 52,3.461518227190992,9.553017719000655,0.0,0.0,base2,notwindy,fixed
571,612,DE0 435,DE0 6,10.205355455009938,32.75749784212269,0.0,0.0,base2,notwindy,fixed
572,613,DE0 435,DE0 89,12.80664764672428,17.69777587049421,0.0,0.0,base2,notwindy,fixed
573,614,DE0 440,DE0 5,7.848888101241348,25.655076729431258,0.0,0.0,base2,notwindy,fixed
574,615,DE0 443,DE0 90,10.445305080045271,14.255446550815144,0.0,0.0,base2,notwindy,fixed
575,616,DE0 46,DE0 93,21.01311695183966,38.669577670904346,0.0,0.0,base2,notwindy,fixed
576,617,DE0 46,DE0 94,21.73283230571421,38.336188029083154,0.0,0.0,base2,notwindy,fixed
577,618,DE0 50,DE0 99,19.646135782040663,52.14566762074961,0.0,0.0,base2,notwindy,fixed
578,619,DE0 58,DE0 72,23.553225135367096,36.638551501565004,0.0,0.0,base2,notwindy,fixed
579,62,DE0 116,DE0 185,2.7540105280302623,5.025518465614316,0.0,0.0,base2,notwindy,fixed
580,620,DE0 60,DE0 85,7.286339815894046,23.89866001686088,0.0,0.0,base2,notwindy,fixed
581,621,DE0 61,DE0 91,14.49122207135208,36.68107290076071,0.0,0.0,base2,notwindy,fixed
582,622,DE0 61,DE0 96,32.092947425777126,40.99326570489906,0.0,0.0,base2,notwindy,fixed
583,623,DE0 64,DE0 86,2.0829199836233214,9.518178630899264,0.0,0.0,base2,notwindy,fixed
584,624,DE0 7,DE0 80,13.412741368024376,23.720773805205834,0.0,0.0,base2,notwindy,fixed
585,625,DE0 71,DE0 96,36.02106855911726,64.39201025526232,3.0,0.0,base2,notwindy,fixed
586,626,DE0 74,DE0 88,25.47866295757962,33.67602646777723,0.0,0.0,base2,notwindy,fixed
587,627,DE0 83,DE0 86,8.08599365380261,36.377215975772906,0.0,0.0,base2,notwindy,fixed
588,63,DE0 116,DE0 190,18.094989137473885,36.36651127779375,0.0,0.0,base2,notwindy,fixed
589,64,DE0 116,DE0 330,17.67966712260137,30.880564468367872,0.0,0.0,base2,notwindy,fixed
590,65,DE0 117,DE0 203,11.11847736009237,20.560540473413486,0.0,0.0,base2,notwindy,fixed
591,66,DE0 117,DE0 227,23.48138796269016,45.54704857061944,0.0,0.0,base2,notwindy,fixed
592,67,DE0 118,DE0 145,14.387203375283772,26.0434000601061,0.0,0.0,base2,notwindy,fixed
593,68,DE0 118,DE0 2,13.297249552630818,29.55812856338286,0.0,0.0,base2,notwindy,fixed
594,69,DE0 119,DE0 149,5.341441524111524,7.820336286707083,0.0,0.0,base2,notwindy,fixed
595,7,DE0 0,DE0 93,16.255890233432627,24.03333813637779,0.0,0.0,base2,notwindy,fixed
596,70,DE0 119,DE0 198,12.097513359884447,19.506649512254267,0.0,0.0,base2,notwindy,fixed
597,71,DE0 119,DE0 442,7.4741315052398685,10.264606478863186,0.0,0.0,base2,notwindy,fixed
598,72,DE0 12,DE0 96,3.9953983213211206,6.777449391672744,0.0,0.0,base2,notwindy,fixed
599,73,DE0 120,DE0 2,11.736778029434317,19.1331156044703,0.0,0.0,base2,notwindy,fixed
600,74,DE0 120,DE0 72,22.301911885753707,46.45273399394168,0.0,0.0,base2,notwindy,fixed
601,75,DE0 121,DE0 290,7.0597618089904834,16.155452538822,0.0,0.0,base2,notwindy,fixed
602,76,DE0 121,DE0 370,6.646945128435844,14.910192045621582,0.0,0.0,base2,notwindy,fixed
603,77,DE0 122,DE0 226,35.257551270938265,43.82589927179556,0.0,0.0,base2,notwindy,fixed
604,78,DE0 122,DE0 261,19.83465086399186,43.59175088162382,0.0,0.0,base2,notwindy,fixed
605,79,DE0 122,DE0 64,10.080280458035316,41.418114698659316,0.0,0.0,base2,notwindy,fixed
606,8,DE0 1,DE0 110,8.127080586013639,30.886581983437267,0.0,0.0,base2,notwindy,fixed
607,80,DE0 122,DE0 86,3.456643871927551,15.10172605994295,0.0,0.0,base2,notwindy,fixed
608,81,DE0 123,DE0 307,4.891050659273643,13.169309276283542,0.0,0.0,base2,notwindy,fixed
609,82,DE0 123,DE0 325,4.773963054534672,9.699933831413324,0.0,0.0,base2,notwindy,fixed
610,83,DE0 124,DE0 240,9.484408025547094,24.742262463096733,0.0,0.0,base2,notwindy,fixed
611,84,DE0 124,DE0 374,12.942692196618784,29.1778224424064,0.0,0.0,base2,notwindy,fixed
612,85,DE0 124,DE0 77,15.912221161006368,42.445833558887635,0.0,0.0,base2,notwindy,fixed
613,86,DE0 124,DE0 90,14.120764286840773,23.276729318275184,0.0,0.0,base2,notwindy,fixed
614,87,DE0 125,DE0 233,9.959884856240468,15.65599148666601,0.0,0.0,base2,notwindy,fixed
615,88,DE0 125,DE0 271,13.716084926783125,22.27718615728484,0.0,0.0,base2,notwindy,fixed
616,89,DE0 126,DE0 181,4.45113199000759,16.080389104536742,0.0,0.0,base2,notwindy,fixed
617,9,DE0 1,DE0 131,12.53116264218217,40.34516363613279,0.0,0.0,base2,notwindy,fixed
618,90,DE0 126,DE0 250,7.3313544980642975,25.491887328870583,0.0,0.0,base2,notwindy,fixed
619,91,DE0 127,DE0 22,15.082999923894791,26.786568141401084,0.0,0.0,base2,notwindy,fixed
620,92,DE0 127,DE0 233,11.0873639289858,20.465588998240225,0.0,0.0,base2,notwindy,fixed
621,93,DE0 127,DE0 271,11.302681958886799,24.674065652028673,0.0,0.0,base2,notwindy,fixed
622,94,DE0 128,DE0 174,10.174121584190175,27.20060757963816,0.0,0.0,base2,notwindy,fixed
623,95,DE0 128,DE0 175,8.66547128382299,22.61163996809281,0.0,0.0,base2,notwindy,fixed
624,96,DE0 129,DE0 330,19.3802337467233,19.543871099487404,0.0,0.0,base2,notwindy,fixed
625,97,DE0 129,DE0 390,7.107337647292368,12.762407380984845,0.0,0.0,base2,notwindy,fixed
626,98,DE0 13,DE0 329,35.59478012889968,60.19426686783178,1.0,0.0,base2,notwindy,fixed
627,99,DE0 13,DE0 69,52.28278054414508,52.28279080978796,0.0,0.0,base2,notwindy,fixed
628,0,DE0 0,DE0 243,35.59118449728374,44.091613731131815,0.0,0.0,base2,windvariability,fixed
629,1,DE0 0,DE0 329,12.025475539966386,21.686190645899345,0.0,0.0,base2,windvariability,fixed
630,10,DE0 1,DE0 150,43.89238883821471,50.90260529114754,0.0,0.0,base2,windvariability,fixed
631,100,DE0 130,DE0 153,13.125184434587378,19.06099285221429,0.0,0.0,base2,windvariability,fixed
632,101,DE0 130,DE0 347,17.6073782577066,21.24857330641502,0.0,0.0,base2,windvariability,fixed
633,102,DE0 130,DE0 402,2.8093778181278495,6.327012662561171,0.0,0.0,base2,windvariability,fixed
634,103,DE0 131,DE0 33,41.167970438666025,48.34312494305149,0.0,0.0,base2,windvariability,fixed
635,104,DE0 131,DE0 415,18.630083199786284,35.04198301478992,0.0,0.0,base2,windvariability,fixed
636,105,DE0 131,DE0 71,25.46061751783977,38.692231969265784,0.0,0.0,base2,windvariability,fixed
637,106,DE0 131,DE0 96,26.39365312498338,40.83316093536516,0.0,0.0,base2,windvariability,fixed
638,107,DE0 132,DE0 24,30.214317410424236,44.872672139692924,0.0,0.0,base2,windvariability,fixed
639,108,DE0 132,DE0 259,19.9849816441675,33.49582603616288,0.0,0.0,base2,windvariability,fixed
640,109,DE0 132,DE0 42,15.382977368718572,23.609982668305328,0.0,0.0,base2,windvariability,fixed
641,11,DE0 1,DE0 209,11.986348422131295,18.731486002299103,0.0,0.0,base2,windvariability,fixed
642,110,DE0 133,DE0 312,12.833758104114612,18.58260943796969,0.0,0.0,base2,windvariability,fixed
643,111,DE0 133,DE0 316,26.829351003837786,27.144921064083228,0.0,0.0,base2,windvariability,fixed
644,112,DE0 133,DE0 371,35.05995580660499,38.106404511847195,0.0,0.0,base2,windvariability,fixed
645,113,DE0 133,DE0 412,38.22603241297841,38.4981435176115,0.0,0.0,base2,windvariability,fixed
646,114,DE0 134,DE0 145,7.4327522914869455,14.291938916345146,0.0,0.0,base2,windvariability,fixed
647,115,DE0 134,DE0 274,37.74510702162571,50.471417290838936,0.0,0.0,base2,windvariability,fixed
648,116,DE0 134,DE0 423,18.38518647637595,23.58759928768406,0.0,0.0,base2,windvariability,fixed
649,117,DE0 135,DE0 300,31.325500457598565,50.287446543768596,0.0,0.0,base2,windvariability,fixed
650,118,DE0 135,DE0 313,31.718787617029975,48.77509878761002,0.0,0.0,base2,windvariability,fixed
651,119,DE0 136,DE0 317,31.18501121286948,31.185012392877802,0.0,0.0,base2,windvariability,fixed
652,12,DE0 10,DE0 219,42.94110060908012,43.317338850628595,0.0,0.0,base2,windvariability,fixed
653,120,DE0 136,DE0 32,22.632051744809587,30.944016420683845,0.0,0.0,base2,windvariability,fixed
654,121,DE0 136,DE0 43,9.691274858039645,14.03446805198652,0.0,0.0,base2,windvariability,fixed
655,122,DE0 136,DE0 72,44.43323007174034,54.466318113553434,0.0,0.0,base2,windvariability,fixed
656,123,DE0 137,DE0 22,24.87279032578975,49.467096706201346,0.0,0.0,base2,windvariability,fixed
657,124,DE0 137,DE0 61,28.70269344028787,47.17701918765957,0.0,0.0,base2,windvariability,fixed
658,125,DE0 138,DE0 174,6.201043318620405,10.921658151042884,0.0,0.0,base2,windvariability,fixed
659,126,DE0 138,DE0 194,23.820191363272407,37.50714919476223,0.0,0.0,base2,windvariability,fixed
660,127,DE0 138,DE0 420,12.051997065505283,20.274788330101522,0.0,0.0,base2,windvariability,fixed
661,128,DE0 139,DE0 209,14.667786775629313,29.657735988359118,0.0,0.0,base2,windvariability,fixed
662,129,DE0 139,DE0 281,6.573948699166841,13.137044754530184,0.0,0.0,base2,windvariability,fixed
663,13,DE0 10,DE0 382,1.8239618172307899,3.8946652338836256,0.0,0.0,base2,windvariability,fixed
664,130,DE0 14,DE0 38,19.59515653585775,30.015402776033977,0.0,0.0,base2,windvariability,fixed
665,131,DE0 14,DE0 58,25.68148546314657,35.16259163664313,0.0,0.0,base2,windvariability,fixed
666,132,DE0 140,DE0 219,20.61453110462864,21.99101348060722,0.0,0.0,base2,windvariability,fixed
667,133,DE0 140,DE0 369,21.500469734916237,24.855539875083178,0.0,0.0,base2,windvariability,fixed
668,134,DE0 140,DE0 429,4.191001943071237,10.666780697398345,0.0,0.0,base2,windvariability,fixed
669,135,DE0 141,DE0 265,2.910303393439051,4.770830437275799,0.0,0.0,base2,windvariability,fixed
670,136,DE0 141,DE0 337,11.816628122470206,18.916800596258863,0.0,0.0,base2,windvariability,fixed
671,137,DE0 141,DE0 363,15.532602838118706,30.684397150545394,0.0,0.0,base2,windvariability,fixed
672,138,DE0 141,DE0 427,13.355124222736018,21.42532557944447,0.0,0.0,base2,windvariability,fixed
673,139,DE0 142,DE0 267,24.89723475209541,42.07988800303586,0.0,0.0,base2,windvariability,fixed
674,14,DE0 10,DE0 49,24.840361565715785,28.672787281145588,0.0,0.0,base2,windvariability,fixed
675,140,DE0 142,DE0 434,24.020174137747308,41.086120466401646,0.0,0.0,base2,windvariability,fixed
676,141,DE0 143,DE0 373,0.8069195029061782,0.9397576189740591,0.0,0.0,base2,windvariability,fixed
677,142,DE0 143,DE0 449,0.9488990746094628,1.1040253456374918,0.0,0.0,base2,windvariability,fixed
678,143,DE0 144,DE0 213,30.308459642689755,33.35515102766507,0.0,0.0,base2,windvariability,fixed
679,144,DE0 144,DE0 382,42.40023420236503,42.87680411275257,0.0,0.0,base2,windvariability,fixed
680,145,DE0 146,DE0 187,19.13117755661499,33.476798798597194,0.0,0.0,base2,windvariability,fixed
681,146,DE0 146,DE0 24,28.66040253367497,54.30067622688384,0.0,0.0,base2,windvariability,fixed
682,147,DE0 146,DE0 262,20.0927672082636,30.78456190482987,0.0,0.0,base2,windvariability,fixed
683,148,DE0 147,DE0 196,13.178865134700098,23.321627576780504,0.0,0.0,base2,windvariability,fixed
684,149,DE0 147,DE0 36,9.775738814114083,18.706946097554955,0.0,0.0,base2,windvariability,fixed
685,15,DE0 100,DE0 245,7.124149548402698,24.745716059171173,0.0,0.0,base2,windvariability,fixed
686,150,DE0 148,DE0 214,26.949387567928007,33.665831813483415,0.0,0.0,base2,windvariability,fixed
687,151,DE0 148,DE0 45,22.227590030857602,27.71508706799025,0.0,0.0,base2,windvariability,fixed
688,152,DE0 148,DE0 60,12.292483016679533,20.199068960751823,0.0,0.0,base2,windvariability,fixed
689,153,DE0 149,DE0 198,6.909347454289856,11.936799839165884,0.0,0.0,base2,windvariability,fixed
690,154,DE0 15,DE0 250,2.686083567203876,7.4065626470219135,0.0,0.0,base2,windvariability,fixed
691,155,DE0 15,DE0 419,3.500016700340156,11.306981862546985,0.0,0.0,base2,windvariability,fixed
692,156,DE0 150,DE0 189,30.966672947611666,38.539790637471135,0.0,0.0,base2,windvariability,fixed
693,157,DE0 150,DE0 408,11.835674296087388,16.033565813746176,0.0,0.0,base2,windvariability,fixed
694,158,DE0 151,DE0 20,3.457372719684373,6.274031141421776,0.0,0.0,base2,windvariability,fixed
695,159,DE0 151,DE0 410,5.20448755647068,8.172825466611004,0.0,0.0,base2,windvariability,fixed
696,16,DE0 100,DE0 303,4.8758582694655725,12.65410846318708,0.0,0.0,base2,windvariability,fixed
697,160,DE0 151,DE0 78,3.2228605072512537,7.748199993897402,0.0,0.0,base2,windvariability,fixed
698,161,DE0 152,DE0 258,20.98997118678858,24.96045920985135,0.0,0.0,base2,windvariability,fixed
699,162,DE0 152,DE0 356,26.23007573698512,30.979603003756317,0.0,0.0,base2,windvariability,fixed
700,163,DE0 153,DE0 40,11.469744505229828,18.282272321732613,0.0,0.0,base2,windvariability,fixed
701,164,DE0 154,DE0 256,24.292206619593195,40.24067153013151,0.0,0.0,base2,windvariability,fixed
702,165,DE0 154,DE0 72,18.83927728878163,37.58631620927385,0.0,0.0,base2,windvariability,fixed
703,166,DE0 155,DE0 247,20.476598816326764,28.783890307989697,0.0,0.0,base2,windvariability,fixed
704,167,DE0 155,DE0 292,26.186981379204983,26.18699795796285,0.0,0.0,base2,windvariability,fixed
705,168,DE0 156,DE0 22,47.60642616381048,66.52069114498497,6.0,0.0,base2,windvariability,fixed
706,169,DE0 156,DE0 48,56.38838549316931,69.13554152027953,11.0,0.0,base2,windvariability,fixed
707,17,DE0 100,DE0 352,27.49258871629629,41.35555440662158,0.0,0.0,base2,windvariability,fixed
708,170,DE0 157,DE0 251,24.816820148032818,31.83886172246087,0.0,0.0,base2,windvariability,fixed
709,171,DE0 157,DE0 304,19.77446064657265,26.155276123431364,0.0,0.0,base2,windvariability,fixed
710,172,DE0 158,DE0 361,5.552764461330621,9.830013012066448,0.0,0.0,base2,windvariability,fixed
711,173,DE0 158,DE0 389,28.496920721771207,37.020072972711766,0.0,0.0,base2,windvariability,fixed
712,174,DE0 159,DE0 234,17.85592641631205,23.864440235493355,0.0,0.0,base2,windvariability,fixed
713,175,DE0 159,DE0 252,22.050662437829036,35.28815439015304,0.0,0.0,base2,windvariability,fixed
714,176,DE0 159,DE0 279,3.412721782656477,9.528818616748984,0.0,0.0,base2,windvariability,fixed
715,177,DE0 159,DE0 405,1.5995899880314333,4.341148003714696,0.0,0.0,base2,windvariability,fixed
716,178,DE0 16,DE0 304,25.238017495263637,36.80215641246838,0.0,0.0,base2,windvariability,fixed
717,179,DE0 16,DE0 311,14.201466967997579,21.53910751592475,0.0,0.0,base2,windvariability,fixed
718,18,DE0 100,DE0 422,8.23357501671236,22.433964113208017,0.0,0.0,base2,windvariability,fixed
719,180,DE0 160,DE0 182,9.010072808058666,21.07048625248931,0.0,0.0,base2,windvariability,fixed
720,181,DE0 160,DE0 237,11.597690356908792,21.66182063875303,0.0,0.0,base2,windvariability,fixed
721,182,DE0 160,DE0 349,16.3367790771336,36.22245854126516,0.0,0.0,base2,windvariability,fixed
722,183,DE0 160,DE0 37,12.628038031383756,22.07354264457142,0.0,0.0,base2,windvariability,fixed
723,184,DE0 160,DE0 393,6.629927990647139,30.59184071206215,0.0,0.0,base2,windvariability,fixed
724,185,DE0 160,DE0 62,11.377510654344245,27.670005817616794,0.0,0.0,base2,windvariability,fixed
725,186,DE0 161,DE0 186,18.940364742164796,33.68319807906854,0.0,0.0,base2,windvariability,fixed
726,187,DE0 161,DE0 230,44.20190620384193,60.804607190809946,1.0,0.0,base2,windvariability,fixed
727,188,DE0 161,DE0 4,26.33239455735315,38.92168553567849,0.0,0.0,base2,windvariability,fixed
728,189,DE0 161,DE0 68,47.359883365954616,61.93129128708027,2.0,0.0,base2,windvariability,fixed
729,19,DE0 101,DE0 229,13.064106094279612,14.699253907419555,0.0,0.0,base2,windvariability,fixed
730,190,DE0 162,DE0 324,20.151363321934404,28.03858287882925,0.0,0.0,base2,windvariability,fixed
731,191,DE0 163,DE0 205,8.644494847870405,12.038590525177453,0.0,0.0,base2,windvariability,fixed
732,192,DE0 163,DE0 330,3.981237618415704,6.002672655320967,0.0,0.0,base2,windvariability,fixed
733,193,DE0 163,DE0 390,15.319359982837142,19.797026512729595,0.0,0.0,base2,windvariability,fixed
734,194,DE0 164,DE0 180,2.130646458734766,6.484783678437722,0.0,0.0,base2,windvariability,fixed
735,195,DE0 164,DE0 47,3.55100445915306,6.98378669677772,0.0,0.0,base2,windvariability,fixed
736,196,DE0 164,DE0 78,9.863646316233018,16.825423491733627,0.0,0.0,base2,windvariability,fixed
737,197,DE0 165,DE0 249,6.596798511466205,17.052399984944067,0.0,0.0,base2,windvariability,fixed
738,198,DE0 165,DE0 412,12.79300829749865,35.065954594094066,0.0,0.0,base2,windvariability,fixed
739,199,DE0 166,DE0 253,7.042005084543177,26.18006504714584,0.0,0.0,base2,windvariability,fixed
740,2,DE0 0,DE0 367,5.989549147331957,12.690017794791064,0.0,0.0,base2,windvariability,fixed
741,20,DE0 101,DE0 232,15.182540257480296,17.117013540463688,0.0,0.0,base2,windvariability,fixed
742,200,DE0 166,DE0 335,13.908646235151151,43.32093884926875,0.0,0.0,base2,windvariability,fixed
743,201,DE0 167,DE0 174,11.108188419557658,17.252249188777284,0.0,0.0,base2,windvariability,fixed
744,202,DE0 167,DE0 397,31.885952776479385,45.3649536935683,0.0,0.0,base2,windvariability,fixed
745,203,DE0 167,DE0 67,12.311050704450881,25.059571311497,0.0,0.0,base2,windvariability,fixed
746,204,DE0 168,DE0 221,6.666348832327991,16.531622036025837,0.0,0.0,base2,windvariability,fixed
747,205,DE0 168,DE0 233,12.494051096633806,23.70459833699328,0.0,0.0,base2,windvariability,fixed
748,206,DE0 168,DE0 296,10.288972092307535,21.992002525316824,0.0,0.0,base2,windvariability,fixed
749,207,DE0 169,DE0 200,23.692729604140915,34.6860894322874,0.0,0.0,base2,windvariability,fixed
750,208,DE0 169,DE0 367,26.87135754332332,37.93204277162848,0.0,0.0,base2,windvariability,fixed
751,209,DE0 17,DE0 177,24.782440889258396,32.65679606535849,0.0,0.0,base2,windvariability,fixed
752,21,DE0 102,DE0 115,14.095419018621378,21.398374486368176,0.0,0.0,base2,windvariability,fixed
753,210,DE0 17,DE0 330,47.15121399718636,50.81206464526814,0.0,0.0,base2,windvariability,fixed
754,211,DE0 170,DE0 231,22.323235921035792,27.769858978978974,0.0,0.0,base2,windvariability,fixed
755,212,DE0 170,DE0 258,18.22216569296604,21.89894215194261,0.0,0.0,base2,windvariability,fixed
756,213,DE0 170,DE0 34,2.033318022755863,3.527180090289117,0.0,0.0,base2,windvariability,fixed
757,214,DE0 171,DE0 288,3.550808426827624,8.640284099329152,0.0,0.0,base2,windvariability,fixed
758,215,DE0 171,DE0 306,1.2233611507463276,2.4718379425079213,0.0,0.0,base2,windvariability,fixed
759,216,DE0 171,DE0 348,1.3594388268307638,2.142528573708017,0.0,0.0,base2,windvariability,fixed
760,217,DE0 171,DE0 355,17.61472338503606,24.630269748373028,0.0,0.0,base2,windvariability,fixed
761,218,DE0 172,DE0 59,26.53584120453502,41.57934742421769,0.0,0.0,base2,windvariability,fixed
762,219,DE0 172,DE0 80,2.6762875162523554,8.410605764005167,0.0,0.0,base2,windvariability,fixed
763,22,DE0 102,DE0 46,45.9038146401032,57.763831749702334,0.0,0.0,base2,windvariability,fixed
764,220,DE0 172,DE0 83,13.685825349172962,18.394345881889553,0.0,0.0,base2,windvariability,fixed
765,221,DE0 173,DE0 222,13.646077875395948,17.149795125737587,0.0,0.0,base2,windvariability,fixed
766,222,DE0 173,DE0 381,9.983361290303838,12.05482352255525,0.0,0.0,base2,windvariability,fixed
767,223,DE0 174,DE0 425,3.56835975365574,9.98449356279763,0.0,0.0,base2,windvariability,fixed
768,224,DE0 175,DE0 199,21.989633424991464,30.22792436694977,0.0,0.0,base2,windvariability,fixed
769,225,DE0 175,DE0 434,20.348546864589675,30.340982003868234,0.0,0.0,base2,windvariability,fixed
770,226,DE0 175,DE0 438,30.512105595412436,40.369921345320506,0.0,0.0,base2,windvariability,fixed
771,227,DE0 176,DE0 22,32.71194436822306,43.610494610725894,0.0,0.0,base2,windvariability,fixed
772,228,DE0 176,DE0 303,31.834319179375342,47.07225617876616,0.0,0.0,base2,windvariability,fixed
773,229,DE0 176,DE0 352,12.36177710752699,28.103250121596428,0.0,0.0,base2,windvariability,fixed
774,23,DE0 102,DE0 96,37.425296253110076,54.4093100185826,0.0,0.0,base2,windvariability,fixed
775,230,DE0 177,DE0 85,13.403324380177892,25.470518026856475,0.0,0.0,base2,windvariability,fixed
776,231,DE0 178,DE0 276,15.66862104468052,20.209617904554527,0.0,0.0,base2,windvariability,fixed
777,232,DE0 178,DE0 395,17.629667745945728,22.338966849667518,0.0,0.0,base2,windvariability,fixed
778,233,DE0 179,DE0 224,13.463622355003663,19.44842699949425,0.0,0.0,base2,windvariability,fixed
779,234,DE0 179,DE0 50,12.213751180920845,17.052373921675937,0.0,0.0,base2,windvariability,fixed
780,235,DE0 18,DE0 282,38.00392117462468,48.54734231888566,0.0,0.0,base2,windvariability,fixed
781,236,DE0 18,DE0 306,10.987086396761251,14.736135905076212,0.0,0.0,base2,windvariability,fixed
782,237,DE0 18,DE0 418,4.228548902706644,6.416950225681036,0.0,0.0,base2,windvariability,fixed
783,238,DE0 180,DE0 26,12.08091866999233,28.777257643122066,0.0,0.0,base2,windvariability,fixed
784,239,DE0 180,DE0 47,4.083560356584053,7.3229605044902915,0.0,0.0,base2,windvariability,fixed
785,24,DE0 103,DE0 148,6.254470868424408,14.928458468235956,0.0,0.0,base2,windvariability,fixed
786,240,DE0 181,DE0 250,40.21657205647799,68.85909416197917,2.0,0.0,base2,windvariability,fixed
787,241,DE0 181,DE0 269,15.528965202671232,38.68447413622791,0.0,0.0,base2,windvariability,fixed
788,242,DE0 181,DE0 44,25.609879183231087,32.82794193236041,0.0,0.0,base2,windvariability,fixed
789,243,DE0 182,DE0 62,5.643967300761874,14.48142315502311,0.0,0.0,base2,windvariability,fixed
790,244,DE0 183,DE0 241,25.438264710461507,40.39079186333234,0.0,0.0,base2,windvariability,fixed
791,245,DE0 183,DE0 327,25.89590751272813,39.62753266015977,0.0,0.0,base2,windvariability,fixed
792,246,DE0 184,DE0 26,13.651410029243745,23.120029360774886,0.0,0.0,base2,windvariability,fixed
793,247,DE0 184,DE0 261,9.98337918870717,19.252202240139944,0.0,0.0,base2,windvariability,fixed
794,248,DE0 184,DE0 329,57.20002681501965,59.038233355680916,0.0,0.0,base2,windvariability,fixed
795,249,DE0 184,DE0 69,18.333025090713715,30.27206075806982,0.0,0.0,base2,windvariability,fixed
796,25,DE0 103,DE0 54,6.921309724870883,9.971838481703552,0.0,0.0,base2,windvariability,fixed
797,250,DE0 185,DE0 205,6.019700172341197,8.907384669192272,0.0,0.0,base2,windvariability,fixed
798,251,DE0 185,DE0 441,5.2888474438095265,8.642479905024585,0.0,0.0,base2,windvariability,fixed
799,252,DE0 186,DE0 82,20.51122774115607,31.915564232537854,0.0,0.0,base2,windvariability,fixed
800,253,DE0 187,DE0 436,23.885934733936498,31.94713703240447,0.0,0.0,base2,windvariability,fixed
801,254,DE0 188,DE0 309,17.942064789120924,34.158109203260835,0.0,0.0,base2,windvariability,fixed
802,255,DE0 188,DE0 40,12.372373783269113,20.55832704721063,0.0,0.0,base2,windvariability,fixed
803,256,DE0 188,DE0 410,1.9120122044372707,2.815238956645602,0.0,0.0,base2,windvariability,fixed
804,257,DE0 189,DE0 73,25.095817403587397,30.4032601748239,0.0,0.0,base2,windvariability,fixed
805,258,DE0 19,DE0 299,0.7553075903487505,1.579413202007621,0.0,0.0,base2,windvariability,fixed
806,259,DE0 19,DE0 411,0.894383410568262,2.0812683030514147,0.0,0.0,base2,windvariability,fixed
807,26,DE0 103,DE0 9,17.560590962807364,21.469140545243633,0.0,0.0,base2,windvariability,fixed
808,260,DE0 190,DE0 330,32.16302018063317,32.16302024012288,0.0,0.0,base2,windvariability,fixed
809,261,DE0 191,DE0 435,17.72662791888472,17.726631331503757,0.0,0.0,base2,windvariability,fixed
810,262,DE0 191,DE0 89,13.464809814193329,16.746773096125402,0.0,0.0,base2,windvariability,fixed
811,263,DE0 192,DE0 319,12.394799581842316,29.057107804207465,0.0,0.0,base2,windvariability,fixed
812,264,DE0 192,DE0 349,18.92755303975604,34.069593823248056,0.0,0.0,base2,windvariability,fixed
813,265,DE0 192,DE0 403,24.7017040870284,47.16971204626225,0.0,0.0,base2,windvariability,fixed
814,266,DE0 193,DE0 229,11.459848842934715,14.145933196730823,0.0,0.0,base2,windvariability,fixed
815,267,DE0 193,DE0 3,13.56328970267536,16.794918874980496,0.0,0.0,base2,windvariability,fixed
816,268,DE0 193,DE0 342,3.6334058004596126,6.962186001183396,0.0,0.0,base2,windvariability,fixed
817,269,DE0 193,DE0 356,21.332805251503636,26.244451100394844,0.0,0.0,base2,windvariability,fixed
818,27,DE0 104,DE0 201,6.52636474013303,11.994171121616079,0.0,0.0,base2,windvariability,fixed
819,270,DE0 194,DE0 76,28.58478708918839,46.500755017730974,0.0,0.0,base2,windvariability,fixed
820,271,DE0 195,DE0 264,15.244237807570645,20.18746265024062,0.0,0.0,base2,windvariability,fixed
821,272,DE0 195,DE0 301,9.904465683870516,16.12327428133626,0.0,0.0,base2,windvariability,fixed
822,273,DE0 196,DE0 377,29.28390824208244,42.80471663748295,0.0,0.0,base2,windvariability,fixed
823,274,DE0 197,DE0 356,6.938695362781358,8.353814783720015,0.0,0.0,base2,windvariability,fixed
824,275,DE0 197,DE0 371,21.171370080692554,23.08406453043932,0.0,0.0,base2,windvariability,fixed
825,276,DE0 198,DE0 239,15.426299983644611,21.80083522862903,0.0,0.0,base2,windvariability,fixed
826,277,DE0 198,DE0 248,3.834284295614147,7.0182016513092496,0.0,0.0,base2,windvariability,fixed
827,278,DE0 199,DE0 432,10.484697157222298,15.813032553531922,0.0,0.0,base2,windvariability,fixed
828,279,DE0 2,DE0 233,14.099215525257907,28.362861411131668,0.0,0.0,base2,windvariability,fixed
829,28,DE0 104,DE0 206,25.134673900230304,39.52360262870012,0.0,0.0,base2,windvariability,fixed
830,280,DE0 2,DE0 256,34.153523010819704,45.82567407803537,0.0,0.0,base2,windvariability,fixed
831,281,DE0 2,DE0 72,23.1155422497071,29.760358187622344,0.0,0.0,base2,windvariability,fixed
832,282,DE0 20,DE0 410,6.351873936853776,9.606356735360047,0.0,0.0,base2,windvariability,fixed
833,283,DE0 200,DE0 242,3.0653114305293063,9.400884399636663,0.0,0.0,base2,windvariability,fixed
834,284,DE0 200,DE0 386,15.617238762237958,15.617238786449853,0.0,0.0,base2,windvariability,fixed
835,285,DE0 200,DE0 440,1.5618936308737559,5.477798492875862,0.0,0.0,base2,windvariability,fixed
836,286,DE0 200,DE0 99,10.824056719027206,22.612593656802893,0.0,0.0,base2,windvariability,fixed
837,287,DE0 201,DE0 206,17.167754789140787,27.86643727688628,0.0,0.0,base2,windvariability,fixed
838,288,DE0 201,DE0 212,14.254923214603316,27.042660053681317,0.0,0.0,base2,windvariability,fixed
839,289,DE0 201,DE0 399,4.23581970361812,6.791894949122187,0.0,0.0,base2,windvariability,fixed
840,29,DE0 104,DE0 428,6.65840641555848,12.043075732963509,0.0,0.0,base2,windvariability,fixed
841,290,DE0 201,DE0 428,4.657051062376526,5.751021025112317,0.0,0.0,base2,windvariability,fixed
842,291,DE0 202,DE0 298,48.2788267800466,56.67556644812733,0.0,0.0,base2,windvariability,fixed
843,292,DE0 202,DE0 322,23.804803918709307,36.9276639881056,0.0,0.0,base2,windvariability,fixed
844,293,DE0 202,DE0 360,29.565839501752105,36.600361074583255,0.0,0.0,base2,windvariability,fixed
845,294,DE0 202,DE0 397,8.05592427473943,18.882506681511295,0.0,0.0,base2,windvariability,fixed
846,295,DE0 202,DE0 48,40.02778378720091,52.030888010958755,0.0,0.0,base2,windvariability,fixed
847,296,DE0 202,DE0 82,23.930710480562524,38.43984824051176,0.0,0.0,base2,windvariability,fixed
848,297,DE0 203,DE0 212,18.837852254229563,28.126927072827907,0.0,0.0,base2,windvariability,fixed
849,298,DE0 203,DE0 227,28.7291616432595,44.28392846596707,0.0,0.0,base2,windvariability,fixed
850,299,DE0 203,DE0 358,18.583574221918077,28.320252087813287,0.0,0.0,base2,windvariability,fixed
851,3,DE0 0,DE0 55,5.697823326879159,12.407240313997363,0.0,0.0,base2,windvariability,fixed
852,30,DE0 105,DE0 260,16.380750997215085,19.84226045664349,0.0,0.0,base2,windvariability,fixed
853,300,DE0 204,DE0 367,35.68271317588878,45.54742115823456,0.0,0.0,base2,windvariability,fixed
854,301,DE0 204,DE0 46,35.89336766689708,44.674872173626156,0.0,0.0,base2,windvariability,fixed
855,302,DE0 206,DE0 212,16.14224394664683,29.808898556124664,0.0,0.0,base2,windvariability,fixed
856,303,DE0 206,DE0 290,26.560873063707636,45.42963244504543,0.0,0.0,base2,windvariability,fixed
857,304,DE0 207,DE0 40,10.084440269825985,13.115454887470795,0.0,0.0,base2,windvariability,fixed
858,305,DE0 207,DE0 54,6.6690584247626346,10.001892943943291,0.0,0.0,base2,windvariability,fixed
859,306,DE0 208,DE0 28,15.650652132727638,26.454435665221403,0.0,0.0,base2,windvariability,fixed
860,307,DE0 208,DE0 307,10.975793105479866,30.16467889896447,0.0,0.0,base2,windvariability,fixed
861,308,DE0 21,DE0 234,34.7043719793606,44.11552613222056,0.0,0.0,base2,windvariability,fixed
862,309,DE0 21,DE0 74,24.29419346947305,31.971027625610304,0.0,0.0,base2,windvariability,fixed
863,31,DE0 105,DE0 34,5.864974928121453,8.57435135921282,0.0,0.0,base2,windvariability,fixed
864,310,DE0 210,DE0 305,31.63125411709619,45.453702882655755,0.0,0.0,base2,windvariability,fixed
865,311,DE0 210,DE0 400,30.483757796129918,40.25327866073475,0.0,0.0,base2,windvariability,fixed
866,312,DE0 211,DE0 247,24.89820030160937,31.78919189640757,0.0,0.0,base2,windvariability,fixed
867,313,DE0 211,DE0 362,11.584474042400435,15.296418818202303,0.0,0.0,base2,windvariability,fixed
868,314,DE0 212,DE0 280,22.708071874248166,36.56380072969828,0.0,0.0,base2,windvariability,fixed
869,315,DE0 212,DE0 300,32.58265611469404,53.920563787869526,0.0,0.0,base2,windvariability,fixed
870,316,DE0 212,DE0 358,19.004609332703506,28.325194506572178,0.0,0.0,base2,windvariability,fixed
871,317,DE0 212,DE0 77,9.373703022538654,16.29203679343665,0.0,0.0,base2,windvariability,fixed
872,318,DE0 213,DE0 342,9.581321867668398,11.456001099666304,0.0,0.0,base2,windvariability,fixed
873,319,DE0 214,DE0 45,2.923443958379682,4.672619643343661,0.0,0.0,base2,windvariability,fixed
874,32,DE0 105,DE0 354,35.84446872161169,44.74548636428178,0.0,0.0,base2,windvariability,fixed
875,320,DE0 215,DE0 42,36.662705921135654,59.99922486121713,0.0,0.0,base2,windvariability,fixed
876,321,DE0 216,DE0 277,5.005088242943699,8.19487223756133,0.0,0.0,base2,windvariability,fixed
877,322,DE0 216,DE0 339,3.2969930455565177,4.999734112080641,0.0,0.0,base2,windvariability,fixed
878,323,DE0 216,DE0 429,3.0395305505799,5.01144916671655,0.0,0.0,base2,windvariability,fixed
879,324,DE0 217,DE0 388,11.254642236878128,16.10384660082192,0.0,0.0,base2,windvariability,fixed
880,325,DE0 217,DE0 46,39.75432611308363,54.839937158573804,0.0,0.0,base2,windvariability,fixed
881,326,DE0 217,DE0 57,13.585717815277606,19.168614125047128,0.0,0.0,base2,windvariability,fixed
882,327,DE0 218,DE0 406,11.393587755282974,14.305194675461404,0.0,0.0,base2,windvariability,fixed
883,328,DE0 218,DE0 73,26.929778525870912,33.36857607989284,0.0,0.0,base2,windvariability,fixed
884,329,DE0 22,DE0 296,11.96404791866008,20.703163886625386,0.0,0.0,base2,windvariability,fixed
885,33,DE0 106,DE0 180,14.149890634547793,23.397822577093734,0.0,0.0,base2,windvariability,fixed
886,330,DE0 22,DE0 352,43.158823239834135,53.43203256522728,0.0,0.0,base2,windvariability,fixed
887,331,DE0 22,DE0 8,11.777788052146361,20.588441381990773,0.0,0.0,base2,windvariability,fixed
888,332,DE0 220,DE0 336,14.158682239642753,18.538523800707463,0.0,0.0,base2,windvariability,fixed
889,333,DE0 220,DE0 379,4.7463440548564355,5.281136136438222,0.0,0.0,base2,windvariability,fixed
890,334,DE0 221,DE0 274,34.02923575315256,38.06969938761744,0.0,0.0,base2,windvariability,fixed
891,335,DE0 222,DE0 292,28.093150801067047,38.18804321170864,0.0,0.0,base2,windvariability,fixed
892,336,DE0 222,DE0 311,12.544426793753594,19.383742786412565,0.0,0.0,base2,windvariability,fixed
893,337,DE0 222,DE0 381,15.237334807293438,21.866599390473045,0.0,0.0,base2,windvariability,fixed
894,338,DE0 222,DE0 74,6.417128758573054,14.327390112195229,0.0,0.0,base2,windvariability,fixed
895,339,DE0 222,DE0 87,21.706803910205952,30.347997447933317,0.0,0.0,base2,windvariability,fixed
896,34,DE0 106,DE0 275,14.268248141261722,23.163373164778907,0.0,0.0,base2,windvariability,fixed
897,340,DE0 223,DE0 286,17.430939044468907,22.20738871717005,0.0,0.0,base2,windvariability,fixed
898,341,DE0 223,DE0 295,13.068906391892343,18.54082769525545,0.0,0.0,base2,windvariability,fixed
899,342,DE0 224,DE0 40,12.949156823180818,18.783400001321503,0.0,0.0,base2,windvariability,fixed
900,343,DE0 225,DE0 425,35.71553998680444,48.01369553820887,0.0,0.0,base2,windvariability,fixed
901,344,DE0 225,DE0 6,35.458675914704344,48.94056918830028,0.0,0.0,base2,windvariability,fixed
902,345,DE0 226,DE0 424,23.551640603464804,23.551646632223733,0.0,0.0,base2,windvariability,fixed
903,346,DE0 227,DE0 289,8.057592215847416,12.022516253762818,0.0,0.0,base2,windvariability,fixed
904,347,DE0 227,DE0 334,11.901443766441224,22.478480721467882,0.0,0.0,base2,windvariability,fixed
905,348,DE0 227,DE0 396,16.06759485786346,27.375498819070664,0.0,0.0,base2,windvariability,fixed
906,349,DE0 228,DE0 325,8.821606128185989,10.348312264873988,0.0,0.0,base2,windvariability,fixed
907,35,DE0 107,DE0 154,31.174709167727826,41.98609393576406,0.0,0.0,base2,windvariability,fixed
908,350,DE0 228,DE0 8,9.752391680355014,14.13566561188047,0.0,0.0,base2,windvariability,fixed
909,351,DE0 229,DE0 236,8.80315479800992,10.97269049815559,0.0,0.0,base2,windvariability,fixed
910,352,DE0 229,DE0 332,1.2132049632397661,4.8597811393088675,0.0,0.0,base2,windvariability,fixed
911,353,DE0 229,DE0 449,1.5578662234096525,1.8092109238098983,0.0,0.0,base2,windvariability,fixed
912,354,DE0 23,DE0 380,17.229260722561516,19.16065533303843,0.0,0.0,base2,windvariability,fixed
913,355,DE0 23,DE0 57,39.42980997404562,53.1802473190295,0.0,0.0,base2,windvariability,fixed
914,356,DE0 230,DE0 24,33.869403329427385,45.16942557230965,0.0,0.0,base2,windvariability,fixed
915,357,DE0 231,DE0 87,24.020954951446146,31.56431359752515,0.0,0.0,base2,windvariability,fixed
916,358,DE0 232,DE0 382,19.842116959341283,22.522647955452825,0.0,0.0,base2,windvariability,fixed
917,359,DE0 233,DE0 271,7.303988399133614,13.650874009544959,0.0,0.0,base2,windvariability,fixed
918,36,DE0 107,DE0 38,32.862695809352154,44.03183935984508,0.0,0.0,base2,windvariability,fixed
919,360,DE0 233,DE0 72,29.24219315681193,47.116984297655534,0.0,0.0,base2,windvariability,fixed
920,361,DE0 234,DE0 88,28.112988584390592,37.040473071910945,0.0,0.0,base2,windvariability,fixed
921,362,DE0 235,DE0 382,8.618873316284274,11.10046464170791,0.0,0.0,base2,windvariability,fixed
922,363,DE0 235,DE0 384,10.427920083109539,14.071538633179351,0.0,0.0,base2,windvariability,fixed
923,364,DE0 236,DE0 260,18.816764053666567,22.28337376176153,0.0,0.0,base2,windvariability,fixed
924,365,DE0 236,DE0 31,2.443685585165269,5.961679625642525,0.0,0.0,base2,windvariability,fixed
925,366,DE0 237,DE0 37,11.571684645652763,22.66641550591475,0.0,0.0,base2,windvariability,fixed
926,367,DE0 238,DE0 250,3.285897380633245,11.516844595991753,0.0,0.0,base2,windvariability,fixed
927,368,DE0 238,DE0 445,2.857641998216767,11.252497716440448,0.0,0.0,base2,windvariability,fixed
928,369,DE0 239,DE0 392,13.96047246778572,20.724344963993925,0.0,0.0,base2,windvariability,fixed
929,37,DE0 108,DE0 246,32.78728587099129,52.32484049894808,0.0,0.0,base2,windvariability,fixed
930,370,DE0 24,DE0 245,7.759531307721749,25.25303681304058,0.0,0.0,base2,windvariability,fixed
931,371,DE0 24,DE0 259,35.10267746180685,50.95667737275951,0.0,0.0,base2,windvariability,fixed
932,372,DE0 24,DE0 335,11.20385150260459,37.976797118170516,0.0,0.0,base2,windvariability,fixed
933,373,DE0 24,DE0 68,36.21263264965054,51.04992696201115,0.0,0.0,base2,windvariability,fixed
934,374,DE0 240,DE0 357,19.374380582994974,32.03020410469836,0.0,0.0,base2,windvariability,fixed
935,375,DE0 241,DE0 322,25.063997393031457,39.32171289768224,0.0,0.0,base2,windvariability,fixed
936,376,DE0 242,DE0 340,7.593931151555579,11.751581557119097,0.0,0.0,base2,windvariability,fixed
937,377,DE0 242,DE0 99,3.8545617798859517,6.383834151961685,0.0,0.0,base2,windvariability,fixed
938,378,DE0 243,DE0 46,35.381071634611025,44.142239092536606,0.0,0.0,base2,windvariability,fixed
939,379,DE0 244,DE0 366,3.9718367554598464,10.402459972482744,0.0,0.0,base2,windvariability,fixed
940,38,DE0 108,DE0 393,16.690363987413495,26.809980610007457,0.0,0.0,base2,windvariability,fixed
941,380,DE0 244,DE0 448,8.511973381019285,11.492127796688225,0.0,0.0,base2,windvariability,fixed
942,381,DE0 244,DE0 95,11.760868217985463,21.70641035077195,0.0,0.0,base2,windvariability,fixed
943,382,DE0 245,DE0 422,6.774133775688497,23.917263289281124,0.0,0.0,base2,windvariability,fixed
944,383,DE0 246,DE0 267,32.91486049013735,53.99716622470838,0.0,0.0,base2,windvariability,fixed
945,384,DE0 247,DE0 74,23.900708294440506,31.066327384660024,0.0,0.0,base2,windvariability,fixed
946,385,DE0 248,DE0 374,13.17508645240639,13.962234685395055,0.0,0.0,base2,windvariability,fixed
947,386,DE0 248,DE0 66,12.546246012407,26.18865855423661,0.0,0.0,base2,windvariability,fixed
948,387,DE0 248,DE0 90,17.101216498717996,34.560491781654676,0.0,0.0,base2,windvariability,fixed
949,388,DE0 249,DE0 36,28.604774201996836,42.916997232064205,0.0,0.0,base2,windvariability,fixed
950,389,DE0 249,DE0 364,26.342772137586003,36.88016234692344,0.0,0.0,base2,windvariability,fixed
951,39,DE0 108,DE0 417,1.1188977119537467,3.321833181455769,0.0,0.0,base2,windvariability,fixed
952,390,DE0 25,DE0 50,26.353873941044796,34.56363752880098,0.0,0.0,base2,windvariability,fixed
953,391,DE0 25,DE0 92,26.428215076056556,34.500376160520894,0.0,0.0,base2,windvariability,fixed
954,392,DE0 250,DE0 56,30.196379652442367,41.54755419383977,0.0,0.0,base2,windvariability,fixed
955,393,DE0 251,DE0 343,26.410558936726908,33.988594923529185,0.0,0.0,base2,windvariability,fixed
956,394,DE0 251,DE0 385,5.88375770581282,9.619382232521184,0.0,0.0,base2,windvariability,fixed
957,395,DE0 252,DE0 293,13.610006581062395,21.0292859462878,0.0,0.0,base2,windvariability,fixed
958,396,DE0 252,DE0 344,8.025592382435397,12.360087267820962,0.0,0.0,base2,windvariability,fixed
959,397,DE0 253,DE0 75,20.60364643219271,39.03405744569731,0.0,0.0,base2,windvariability,fixed
960,398,DE0 254,DE0 283,12.829222816575605,16.897402873641813,0.0,0.0,base2,windvariability,fixed
961,399,DE0 254,DE0 378,12.424719277928672,17.61680971741174,0.0,0.0,base2,windvariability,fixed
962,4,DE0 0,DE0 59,29.771460949418305,36.311328490987016,0.0,0.0,base2,windvariability,fixed
963,40,DE0 109,DE0 162,20.699402736752972,31.00831471756799,0.0,0.0,base2,windvariability,fixed
964,400,DE0 254,DE0 99,19.49694120108844,26.439232604315084,0.0,0.0,base2,windvariability,fixed
965,401,DE0 255,DE0 415,15.664077525445139,17.46980476392378,0.0,0.0,base2,windvariability,fixed
966,402,DE0 255,DE0 76,23.17593916822174,39.064976121299324,0.0,0.0,base2,windvariability,fixed
967,403,DE0 257,DE0 328,3.1430963742190365,5.698108879220112,0.0,0.0,base2,windvariability,fixed
968,404,DE0 257,DE0 336,8.715001295085772,16.932667674539292,0.0,0.0,base2,windvariability,fixed
969,405,DE0 257,DE0 387,2.4896622211727766,5.2684060116594145,0.0,0.0,base2,windvariability,fixed
970,406,DE0 258,DE0 34,14.46244800085625,17.352251236300294,0.0,0.0,base2,windvariability,fixed
971,407,DE0 258,DE0 433,20.857847595251755,24.759838777984328,0.0,0.0,base2,windvariability,fixed
972,408,DE0 26,DE0 69,17.16268326225314,29.89622408263631,0.0,0.0,base2,windvariability,fixed
973,409,DE0 262,DE0 42,15.549777449768298,26.548426211301685,0.0,0.0,base2,windvariability,fixed
974,41,DE0 109,DE0 215,19.401163037996202,32.41972185466962,0.0,0.0,base2,windvariability,fixed
975,410,DE0 263,DE0 347,17.69054071678633,19.47213561865404,0.0,0.0,base2,windvariability,fixed
976,411,DE0 263,DE0 9,15.245153292686867,16.75122607435437,0.0,0.0,base2,windvariability,fixed
977,412,DE0 264,DE0 339,13.350303502745554,19.961941586168752,0.0,0.0,base2,windvariability,fixed
978,413,DE0 264,DE0 363,14.812255922635927,20.129730186972274,0.0,0.0,base2,windvariability,fixed
979,414,DE0 264,DE0 375,15.761899801932197,21.279517480344012,0.0,0.0,base2,windvariability,fixed
980,415,DE0 265,DE0 306,6.444405468729573,11.978989111136974,0.0,0.0,base2,windvariability,fixed
981,416,DE0 266,DE0 420,17.12422678245492,27.874985278989016,0.0,0.0,base2,windvariability,fixed
982,417,DE0 266,DE0 67,18.283470987451,27.64764349593094,0.0,0.0,base2,windvariability,fixed
983,418,DE0 267,DE0 70,16.70365063011782,36.52812150102386,0.0,0.0,base2,windvariability,fixed
984,419,DE0 268,DE0 336,3.6259592947479407,5.950330744434069,0.0,0.0,base2,windvariability,fixed
985,42,DE0 11,DE0 360,27.828740543211783,34.572589509358565,0.0,0.0,base2,windvariability,fixed
986,420,DE0 268,DE0 361,11.642607437887854,19.295319893902917,0.0,0.0,base2,windvariability,fixed
987,421,DE0 268,DE0 366,1.9951525926612776,4.763155666375524,0.0,0.0,base2,windvariability,fixed
988,422,DE0 268,DE0 95,4.1059471718603575,6.02422111545602,0.0,0.0,base2,windvariability,fixed
989,423,DE0 269,DE0 29,15.81779515207037,37.76175694112433,0.0,0.0,base2,windvariability,fixed
990,424,DE0 27,DE0 283,10.092912343264803,12.562828769652889,0.0,0.0,base2,windvariability,fixed
991,425,DE0 27,DE0 333,3.3514722310051064,6.015064395543356,0.0,0.0,base2,windvariability,fixed
992,426,DE0 27,DE0 447,17.387183824720612,21.64622673668375,0.0,0.0,base2,windvariability,fixed
993,427,DE0 270,DE0 350,7.698636108607794,11.661040198361858,0.0,0.0,base2,windvariability,fixed
994,428,DE0 270,DE0 423,14.086037657568031,19.73414383018174,0.0,0.0,base2,windvariability,fixed
995,429,DE0 270,DE0 426,16.603398383170052,24.22795854667837,0.0,0.0,base2,windvariability,fixed
996,43,DE0 11,DE0 67,11.348896517501906,20.8145624105492,0.0,0.0,base2,windvariability,fixed
997,430,DE0 271,DE0 61,29.651115736327053,41.961350593615066,0.0,0.0,base2,windvariability,fixed
998,431,DE0 271,DE0 91,24.270257238717427,34.5868089482007,0.0,0.0,base2,windvariability,fixed
999,432,DE0 272,DE0 385,4.073876159322181,7.042823260921015,0.0,0.0,base2,windvariability,fixed
1000,433,DE0 272,DE0 406,2.5252774926404404,3.0479083945738243,0.0,0.0,base2,windvariability,fixed
1001,434,DE0 273,DE0 370,21.62703690125102,27.88452604431349,0.0,0.0,base2,windvariability,fixed
1002,435,DE0 273,DE0 407,18.935123755477516,23.739724888910928,0.0,0.0,base2,windvariability,fixed
1003,436,DE0 274,DE0 28,14.985949755210529,22.482419727966818,0.0,0.0,base2,windvariability,fixed
1004,437,DE0 275,DE0 309,6.273832765779935,14.778859979017575,0.0,0.0,base2,windvariability,fixed
1005,438,DE0 276,DE0 277,8.189797946635894,10.193924181025299,0.0,0.0,base2,windvariability,fixed
1006,439,DE0 276,DE0 396,5.514965064941535,8.776836100981866,0.0,0.0,base2,windvariability,fixed
1007,44,DE0 110,DE0 415,31.633807707434357,45.0618463852242,0.0,0.0,base2,windvariability,fixed
1008,440,DE0 277,DE0 369,6.711369595307322,14.792453750109924,0.0,0.0,base2,windvariability,fixed
1009,441,DE0 277,DE0 376,13.109666472609597,15.13176130773847,0.0,0.0,base2,windvariability,fixed
1010,442,DE0 278,DE0 296,17.284773143633135,29.290483886706316,0.0,0.0,base2,windvariability,fixed
1011,443,DE0 278,DE0 324,22.531531880995427,35.43190276634071,0.0,0.0,base2,windvariability,fixed
1012,444,DE0 279,DE0 405,8.638931856688997,23.211180410121727,0.0,0.0,base2,windvariability,fixed
1013,445,DE0 280,DE0 439,21.612163777487968,35.105516936737594,0.0,0.0,base2,windvariability,fixed
1014,446,DE0 281,DE0 346,5.3322105778244335,10.785363402387699,0.0,0.0,base2,windvariability,fixed
1015,447,DE0 281,DE0 52,13.25996993009879,27.733423681892816,0.0,0.0,base2,windvariability,fixed
1016,448,DE0 282,DE0 355,12.593778484470747,18.94130857684852,0.0,0.0,base2,windvariability,fixed
1017,449,DE0 282,DE0 365,24.832412110043236,32.513042474413545,0.0,0.0,base2,windvariability,fixed
1018,45,DE0 111,DE0 435,38.89697180689569,63.70657333573635,4.0,0.0,base2,windvariability,fixed
1019,450,DE0 282,DE0 389,17.5495938277733,23.173724434894787,0.0,0.0,base2,windvariability,fixed
1020,451,DE0 283,DE0 292,11.03787824278274,15.30122285067606,0.0,0.0,base2,windvariability,fixed
1021,452,DE0 283,DE0 331,3.1479166389047637,6.351489756145668,0.0,0.0,base2,windvariability,fixed
1022,453,DE0 283,DE0 378,6.6853432830573505,11.90599670676633,0.0,0.0,base2,windvariability,fixed
1023,454,DE0 284,DE0 308,5.973583049043132,11.826481171730634,0.0,0.0,base2,windvariability,fixed
1024,455,DE0 284,DE0 353,10.046221349666906,16.817954525792313,0.0,0.0,base2,windvariability,fixed
1025,456,DE0 285,DE0 301,7.758228425739193,14.472640856698707,0.0,0.0,base2,windvariability,fixed
1026,457,DE0 285,DE0 379,5.984593733600726,9.491252656960503,0.0,0.0,base2,windvariability,fixed
1027,458,DE0 285,DE0 382,12.373696102956048,14.49122071529582,0.0,0.0,base2,windvariability,fixed
1028,459,DE0 286,DE0 347,41.40801305127641,43.74466537199203,0.0,0.0,base2,windvariability,fixed
1029,46,DE0 111,DE0 66,12.270971073196012,24.61438193385582,0.0,0.0,base2,windvariability,fixed
1030,460,DE0 287,DE0 339,4.080805621548529,7.789774824158602,0.0,0.0,base2,windvariability,fixed
1031,461,DE0 287,DE0 413,6.408021611556547,10.04249557389641,0.0,0.0,base2,windvariability,fixed
1032,462,DE0 287,DE0 416,4.05298105957586,5.852509326088968,0.0,0.0,base2,windvariability,fixed
1033,463,DE0 288,DE0 289,7.454426123717297,17.856539894590075,0.0,0.0,base2,windvariability,fixed
1034,464,DE0 289,DE0 337,12.968799291328152,20.126634879271183,0.0,0.0,base2,windvariability,fixed
1035,465,DE0 289,DE0 401,15.790277199759926,23.961263324666053,0.0,0.0,base2,windvariability,fixed
1036,466,DE0 29,DE0 383,13.833843290055503,37.21533770679523,0.0,0.0,base2,windvariability,fixed
1037,467,DE0 290,DE0 351,9.709545945599562,31.407693395835068,0.0,0.0,base2,windvariability,fixed
1038,468,DE0 291,DE0 356,25.78825554413065,30.542171396689145,0.0,0.0,base2,windvariability,fixed
1039,469,DE0 291,DE0 433,20.674143063562077,24.529212097241558,0.0,0.0,base2,windvariability,fixed
1040,47,DE0 112,DE0 349,16.161819472793933,23.9837803961911,0.0,0.0,base2,windvariability,fixed
1041,470,DE0 292,DE0 326,25.311860732643837,31.756144217847766,0.0,0.0,base2,windvariability,fixed
1042,471,DE0 292,DE0 340,19.886074026805847,26.83038259517194,0.0,0.0,base2,windvariability,fixed
1043,472,DE0 292,DE0 430,26.354194643422563,35.29102623476638,0.0,0.0,base2,windvariability,fixed
1044,473,DE0 293,DE0 344,16.174377950995716,25.068863501789302,0.0,0.0,base2,windvariability,fixed
1045,474,DE0 293,DE0 414,8.212378529594085,12.543468293994673,0.0,0.0,base2,windvariability,fixed
1046,475,DE0 294,DE0 394,26.19415976125124,28.13857361333527,0.0,0.0,base2,windvariability,fixed
1047,476,DE0 294,DE0 395,23.838028330943065,25.980822752022025,0.0,0.0,base2,windvariability,fixed
1048,477,DE0 295,DE0 378,5.043896940731659,8.032238305812552,0.0,0.0,base2,windvariability,fixed
1049,478,DE0 296,DE0 8,7.4739914079177865,21.243669444086315,0.0,0.0,base2,windvariability,fixed
1050,479,DE0 297,DE0 394,17.300400681233167,25.81067018200628,0.0,0.0,base2,windvariability,fixed
1051,48,DE0 112,DE0 391,16.247373770446764,30.120500342452335,0.0,0.0,base2,windvariability,fixed
1052,480,DE0 297,DE0 90,13.363296852029094,27.092686462201847,0.0,0.0,base2,windvariability,fixed
1053,481,DE0 298,DE0 67,24.600485559193178,29.232905877473492,0.0,0.0,base2,windvariability,fixed
1054,482,DE0 299,DE0 411,0.6372227005267833,1.2395307316568005,0.0,0.0,base2,windvariability,fixed
1055,483,DE0 299,DE0 60,3.8302186040444637,15.82922767753806,0.0,0.0,base2,windvariability,fixed
1056,484,DE0 3,DE0 356,32.104193438683055,39.33255802326616,0.0,0.0,base2,windvariability,fixed
1057,485,DE0 30,DE0 399,7.767736647204311,13.05315600326563,0.0,0.0,base2,windvariability,fixed
1058,486,DE0 30,DE0 428,4.671599356380576,7.5191644767536205,0.0,0.0,base2,windvariability,fixed
1059,487,DE0 30,DE0 77,31.923449811809967,47.60109693774571,0.0,0.0,base2,windvariability,fixed
1060,488,DE0 300,DE0 313,32.15028613043756,50.97176710241814,0.0,0.0,base2,windvariability,fixed
1061,489,DE0 302,DE0 447,11.965490546660916,14.866458580553166,0.0,0.0,base2,windvariability,fixed
1062,49,DE0 113,DE0 189,4.336578367710548,14.344768665131143,0.0,0.0,base2,windvariability,fixed
1063,490,DE0 302,DE0 99,19.60123938496033,24.23844613449362,0.0,0.0,base2,windvariability,fixed
1064,491,DE0 303,DE0 436,27.449132680267578,37.33378888251329,0.0,0.0,base2,windvariability,fixed
1065,492,DE0 304,DE0 98,8.88994386900806,14.891258313604219,0.0,0.0,base2,windvariability,fixed
1066,493,DE0 305,DE0 313,32.14432487906336,47.66321610629525,0.0,0.0,base2,windvariability,fixed
1067,494,DE0 308,DE0 431,8.01511009586676,18.022808746427273,0.0,0.0,base2,windvariability,fixed
1068,495,DE0 31,DE0 408,4.441814661511989,7.0098609817870745,0.0,0.0,base2,windvariability,fixed
1069,496,DE0 310,DE0 340,2.9742830112913388,4.66048901938913,0.0,0.0,base2,windvariability,fixed
1070,497,DE0 310,DE0 430,5.256585742358257,6.58740864787756,0.0,0.0,base2,windvariability,fixed
1071,498,DE0 312,DE0 364,16.421347313132223,19.08779385891469,0.0,0.0,base2,windvariability,fixed
1072,499,DE0 314,DE0 380,31.813274618183414,31.813275872226253,0.0,0.0,base2,windvariability,fixed
1073,5,DE0 0,DE0 65,4.7895740471889745,10.897712840100374,0.0,0.0,base2,windvariability,fixed
1074,50,DE0 113,DE0 251,32.61337860286493,41.026766553349425,0.0,0.0,base2,windvariability,fixed
1075,500,DE0 314,DE0 86,14.562531863801157,19.750385649859453,0.0,0.0,base2,windvariability,fixed
1076,501,DE0 315,DE0 365,16.139235522120313,19.663329428897576,0.0,0.0,base2,windvariability,fixed
1077,502,DE0 315,DE0 448,7.709629512879067,13.197653368497017,0.0,0.0,base2,windvariability,fixed
1078,503,DE0 316,DE0 412,34.261203939758204,34.26120954171922,0.0,0.0,base2,windvariability,fixed
1079,504,DE0 317,DE0 58,26.91229396765824,37.59222827632282,0.0,0.0,base2,windvariability,fixed
1080,505,DE0 317,DE0 81,34.36914420284209,41.7123953767696,0.0,0.0,base2,windvariability,fixed
1081,506,DE0 318,DE0 369,11.408795599106462,18.746150132812634,0.0,0.0,base2,windvariability,fixed
1082,507,DE0 318,DE0 392,26.232392789720897,40.04649862887493,0.0,0.0,base2,windvariability,fixed
1083,508,DE0 319,DE0 391,14.146270449797099,28.585778221243036,0.0,0.0,base2,windvariability,fixed
1084,509,DE0 32,DE0 96,18.08977824871764,26.232040917386545,0.0,0.0,base2,windvariability,fixed
1085,51,DE0 113,DE0 33,35.90621596361658,43.0372247500111,0.0,0.0,base2,windvariability,fixed
1086,510,DE0 320,DE0 409,1.9263813139328356,2.979554391556108,0.0,0.0,base2,windvariability,fixed
1087,511,DE0 320,DE0 418,2.036352961557845,3.0986552282043087,0.0,0.0,base2,windvariability,fixed
1088,512,DE0 321,DE0 384,13.165544246565725,17.22645787577196,0.0,0.0,base2,windvariability,fixed
1089,513,DE0 321,DE0 412,14.73037436856014,19.056596744180084,0.0,0.0,base2,windvariability,fixed
1090,514,DE0 323,DE0 419,3.246943633845441,11.429798417489694,0.0,0.0,base2,windvariability,fixed
1091,515,DE0 323,DE0 445,3.1682806701607364,11.738844209749557,0.0,0.0,base2,windvariability,fixed
1092,516,DE0 324,DE0 426,18.23929741185113,26.584023125984313,0.0,0.0,base2,windvariability,fixed
1093,517,DE0 326,DE0 390,21.35775075539503,27.42825653763008,0.0,0.0,base2,windvariability,fixed
1094,518,DE0 327,DE0 53,26.329292949403854,39.353947629039055,0.0,0.0,base2,windvariability,fixed
1095,519,DE0 328,DE0 336,5.65058746647278,10.597001026011773,0.0,0.0,base2,windvariability,fixed
1096,52,DE0 113,DE0 343,30.840427981179534,34.59105530601952,0.0,0.0,base2,windvariability,fixed
1097,520,DE0 330,DE0 362,19.51841751014087,19.51841928657397,0.0,0.0,base2,windvariability,fixed
1098,521,DE0 330,DE0 60,13.368468199913245,25.261829734593878,0.0,0.0,base2,windvariability,fixed
1099,522,DE0 331,DE0 421,4.05345916705166,5.575070952817876,0.0,0.0,base2,windvariability,fixed
1100,523,DE0 331,DE0 446,2.390955504668658,5.766133230847036,0.0,0.0,base2,windvariability,fixed
1101,524,DE0 332,DE0 431,2.82898958241472,7.578078338350972,0.0,0.0,base2,windvariability,fixed
1102,525,DE0 333,DE0 441,4.652249961575523,7.725001115450805,0.0,0.0,base2,windvariability,fixed
1103,526,DE0 334,DE0 376,5.997261694182213,8.468537565223366,0.0,0.0,base2,windvariability,fixed
1104,527,DE0 334,DE0 416,24.54715826089738,24.67327941782016,0.0,0.0,base2,windvariability,fixed
1105,528,DE0 334,DE0 63,20.123089747757923,20.380852027928718,0.0,0.0,base2,windvariability,fixed
1106,529,DE0 336,DE0 379,12.503854331483355,16.98156915514031,0.0,0.0,base2,windvariability,fixed
1107,53,DE0 113,DE0 35,11.037483550367803,22.544164659276248,0.0,0.0,base2,windvariability,fixed
1108,530,DE0 336,DE0 412,6.691303277419887,10.203996796943967,0.0,0.0,base2,windvariability,fixed
1109,531,DE0 338,DE0 379,18.373145619127204,23.347629850815576,0.0,0.0,base2,windvariability,fixed
1110,532,DE0 338,DE0 51,12.47966718797746,16.535718650502382,0.0,0.0,base2,windvariability,fixed
1111,533,DE0 339,DE0 363,3.266753664057235,7.434687802118681,0.0,0.0,base2,windvariability,fixed
1112,534,DE0 339,DE0 413,1.8430201755505238,4.405303158948259,0.0,0.0,base2,windvariability,fixed
1113,535,DE0 339,DE0 429,2.3246910357607087,6.440206444517151,0.0,0.0,base2,windvariability,fixed
1114,536,DE0 341,DE0 363,18.402045273359047,35.11662332737057,0.0,0.0,base2,windvariability,fixed
1115,537,DE0 341,DE0 427,13.546920200886795,21.788293137048655,0.0,0.0,base2,windvariability,fixed
1116,538,DE0 345,DE0 41,14.791605306978061,22.156542310566053,0.0,0.0,base2,windvariability,fixed
1117,539,DE0 345,DE0 414,14.521525923974558,21.049048196252134,0.0,0.0,base2,windvariability,fixed
1118,54,DE0 113,DE0 55,6.691811703661708,11.563008353381912,0.0,0.0,base2,windvariability,fixed
1119,540,DE0 346,DE0 442,17.105275142760124,20.389156607273257,0.0,0.0,base2,windvariability,fixed
1120,541,DE0 348,DE0 444,1.8524732691479948,2.896562029013472,0.0,0.0,base2,windvariability,fixed
1121,542,DE0 349,DE0 4,14.383384357059924,28.39923582678284,0.0,0.0,base2,windvariability,fixed
1122,543,DE0 349,DE0 70,20.108705724911456,39.58806984910003,0.0,0.0,base2,windvariability,fixed
1123,544,DE0 35,DE0 55,8.28373990635256,14.00808057557763,0.0,0.0,base2,windvariability,fixed
1124,545,DE0 350,DE0 423,36.02774042848046,45.49976612794329,0.0,0.0,base2,windvariability,fixed
1125,546,DE0 350,DE0 75,21.607912691574597,35.82046062990015,0.0,0.0,base2,windvariability,fixed
1126,547,DE0 351,DE0 425,5.8573085981037805,17.32242165379481,0.0,0.0,base2,windvariability,fixed
1127,548,DE0 353,DE0 49,12.319560845881043,19.60412328340759,0.0,0.0,base2,windvariability,fixed
1128,549,DE0 354,DE0 385,1.3545290406281445,2.215929811013526,0.0,0.0,base2,windvariability,fixed
1129,55,DE0 113,DE0 65,10.03798669066179,26.77143581809557,0.0,0.0,base2,windvariability,fixed
1130,550,DE0 354,DE0 406,6.555175634351827,8.676191048724124,0.0,0.0,base2,windvariability,fixed
1131,551,DE0 354,DE0 98,23.48990081670109,29.877372414893046,0.0,0.0,base2,windvariability,fixed
1132,552,DE0 356,DE0 364,27.450219005747318,36.21300450021453,0.0,0.0,base2,windvariability,fixed
1133,553,DE0 356,DE0 371,16.40224896222994,17.579206780865256,0.0,0.0,base2,windvariability,fixed
1134,554,DE0 356,DE0 412,25.088969523778015,26.18731717609118,0.0,0.0,base2,windvariability,fixed
1135,555,DE0 356,DE0 433,26.37556765497205,31.249898394164543,0.0,0.0,base2,windvariability,fixed
1136,556,DE0 357,DE0 439,13.949826989870742,22.72706803733492,0.0,0.0,base2,windvariability,fixed
1137,557,DE0 359,DE0 440,1.889027043628327,2.9084005129237966,0.0,0.0,base2,windvariability,fixed
1138,558,DE0 359,DE0 5,1.9128036123246612,3.813320859105173,0.0,0.0,base2,windvariability,fixed
1139,559,DE0 363,DE0 416,8.247250296086829,9.461344294999693,0.0,0.0,base2,windvariability,fixed
1140,56,DE0 114,DE0 175,18.843737157343067,43.96375806994591,0.0,0.0,base2,windvariability,fixed
1141,560,DE0 365,DE0 389,22.458632358244866,29.293326856603752,0.0,0.0,base2,windvariability,fixed
1142,561,DE0 365,DE0 448,14.451750504545693,18.590616273645217,0.0,0.0,base2,windvariability,fixed
1143,562,DE0 367,DE0 55,4.189908619252821,7.312757778087149,0.0,0.0,base2,windvariability,fixed
1144,563,DE0 367,DE0 92,12.67699452353305,18.06897022784762,0.0,0.0,base2,windvariability,fixed
1145,564,DE0 367,DE0 94,30.304956147619993,37.81742018492894,0.0,0.0,base2,windvariability,fixed
1146,565,DE0 368,DE0 424,11.931220681302756,12.773434366495032,0.0,0.0,base2,windvariability,fixed
1147,566,DE0 368,DE0 7,10.748394938063893,11.757656649811707,0.0,0.0,base2,windvariability,fixed
1148,567,DE0 369,DE0 376,17.39288839905744,21.310168386555482,0.0,0.0,base2,windvariability,fixed
1149,568,DE0 372,DE0 407,19.042824321860977,23.862948096968903,0.0,0.0,base2,windvariability,fixed
1150,569,DE0 372,DE0 44,38.107039986416645,47.5198769623957,0.0,0.0,base2,windvariability,fixed
1151,57,DE0 114,DE0 181,14.368074813389939,33.421849927725724,0.0,0.0,base2,windvariability,fixed
1152,570,DE0 373,DE0 449,0.336307855415786,0.3888073542664295,0.0,0.0,base2,windvariability,fixed
1153,571,DE0 375,DE0 382,3.3557781379763054,8.923150766999932,0.0,0.0,base2,windvariability,fixed
1154,572,DE0 375,DE0 51,6.766417472164228,8.231523320180541,0.0,0.0,base2,windvariability,fixed
1155,573,DE0 376,DE0 437,19.269922187812796,25.181431103508274,0.0,0.0,base2,windvariability,fixed
1156,574,DE0 377,DE0 414,14.909148350869165,22.02061638064547,0.0,0.0,base2,windvariability,fixed
1157,575,DE0 378,DE0 404,11.584799732214373,15.35874172280508,0.0,0.0,base2,windvariability,fixed
1158,576,DE0 38,DE0 58,22.351021605552678,32.43519103112351,0.0,0.0,base2,windvariability,fixed
1159,577,DE0 381,DE0 74,9.961712695822527,20.370112194196306,0.0,0.0,base2,windvariability,fixed
1160,578,DE0 382,DE0 412,14.275870058973641,18.595091875316395,0.0,0.0,base2,windvariability,fixed
1161,579,DE0 383,DE0 432,19.890889364025078,32.44760339085543,0.0,0.0,base2,windvariability,fixed
1162,58,DE0 115,DE0 12,16.465613561219463,25.80803622416312,0.0,0.0,base2,windvariability,fixed
1163,580,DE0 383,DE0 434,13.779764469081051,25.336103291754085,0.0,0.0,base2,windvariability,fixed
1164,581,DE0 383,DE0 97,5.3157054371096235,19.703716165458392,0.0,0.0,base2,windvariability,fixed
1165,582,DE0 386,DE0 99,8.896815986724347,18.234607165935333,0.0,0.0,base2,windvariability,fixed
1166,583,DE0 387,DE0 412,1.6685884581330832,3.509918786298661,0.0,0.0,base2,windvariability,fixed
1167,584,DE0 388,DE0 57,13.740923986750254,18.94360144492776,0.0,0.0,base2,windvariability,fixed
1168,585,DE0 39,DE0 425,30.712463385204146,40.32996349183848,0.0,0.0,base2,windvariability,fixed
1169,586,DE0 39,DE0 438,29.77204016291623,38.42084583518342,0.0,0.0,base2,windvariability,fixed
1170,587,DE0 390,DE0 5,17.533854654195625,24.75186470929172,0.0,0.0,base2,windvariability,fixed
1171,588,DE0 391,DE0 417,3.557110973639272,10.879522966683666,0.0,0.0,base2,windvariability,fixed
1172,589,DE0 393,DE0 403,26.384015135023287,49.57281536473551,0.0,0.0,base2,windvariability,fixed
1173,59,DE0 115,DE0 398,25.971104693040797,32.75392725140673,0.0,0.0,base2,windvariability,fixed
1174,590,DE0 394,DE0 395,25.343285973618634,27.149848167638368,0.0,0.0,base2,windvariability,fixed
1175,591,DE0 394,DE0 443,13.741353506477935,25.819608886783474,0.0,0.0,base2,windvariability,fixed
1176,592,DE0 395,DE0 437,9.88736477804053,12.873900928102303,0.0,0.0,base2,windvariability,fixed
1177,593,DE0 396,DE0 416,14.968943935738421,15.842780157073621,0.0,0.0,base2,windvariability,fixed
1178,594,DE0 398,DE0 58,45.064646634093,54.41264131065232,0.0,0.0,base2,windvariability,fixed
1179,595,DE0 398,DE0 81,18.19724904118715,22.042094120773157,0.0,0.0,base2,windvariability,fixed
1180,596,DE0 4,DE0 97,22.000829380360408,31.375518498861748,0.0,0.0,base2,windvariability,fixed
1181,597,DE0 40,DE0 410,11.455901442236105,18.92344665309917,0.0,0.0,base2,windvariability,fixed
1182,598,DE0 400,DE0 56,29.897432961588983,39.74130743342518,0.0,0.0,base2,windvariability,fixed
1183,599,DE0 401,DE0 427,18.914679029583645,29.85058415428182,0.0,0.0,base2,windvariability,fixed
1184,6,DE0 0,DE0 83,26.368805757045262,39.93622957414596,0.0,0.0,base2,windvariability,fixed
1185,60,DE0 115,DE0 46,54.697320661072546,64.68884258608315,10.0,0.0,base2,windvariability,fixed
1186,600,DE0 402,DE0 446,5.031577023636602,11.879287179284246,0.0,0.0,base2,windvariability,fixed
1187,601,DE0 404,DE0 84,4.887203823949643,6.610610393755977,0.0,0.0,base2,windvariability,fixed
1188,602,DE0 405,DE0 79,4.76775580451597,11.824335211562973,0.0,0.0,base2,windvariability,fixed
1189,603,DE0 409,DE0 444,3.778362555929662,5.874864302964826,0.0,0.0,base2,windvariability,fixed
1190,604,DE0 41,DE0 79,24.482776700617272,38.97161370371346,0.0,0.0,base2,windvariability,fixed
1191,605,DE0 415,DE0 53,44.1098544774617,66.85843289034959,5.0,0.0,base2,windvariability,fixed
1192,606,DE0 415,DE0 76,23.980516891222038,40.193508520259655,0.0,0.0,base2,windvariability,fixed
1193,607,DE0 416,DE0 63,17.53229965450932,18.00393252628144,0.0,0.0,base2,windvariability,fixed
1194,608,DE0 421,DE0 84,6.632051262666037,9.535380482682417,0.0,0.0,base2,windvariability,fixed
1195,609,DE0 43,DE0 96,16.170709114918182,28.49697270668138,0.0,0.0,base2,windvariability,fixed
1196,61,DE0 115,DE0 81,25.969773459858576,32.80031263498077,0.0,0.0,base2,windvariability,fixed
1197,610,DE0 430,DE0 5,3.358851257764244,5.346930858619164,0.0,0.0,base2,windvariability,fixed
1198,611,DE0 435,DE0 52,2.5392757704586124,4.996734272626171,0.0,0.0,base2,windvariability,fixed
1199,612,DE0 435,DE0 6,28.634225836695148,43.82275265226197,0.0,0.0,base2,windvariability,fixed
1200,613,DE0 435,DE0 89,14.087514842906787,17.291079317184135,0.0,0.0,base2,windvariability,fixed
1201,614,DE0 440,DE0 5,1.9698671924899613,4.771223677444534,0.0,0.0,base2,windvariability,fixed
1202,615,DE0 443,DE0 90,8.460045916821592,17.79479360747381,0.0,0.0,base2,windvariability,fixed
1203,616,DE0 46,DE0 93,46.52440153148429,56.59737017041325,0.0,0.0,base2,windvariability,fixed
1204,617,DE0 46,DE0 94,36.690202447631776,45.18393550241153,0.0,0.0,base2,windvariability,fixed
1205,618,DE0 50,DE0 99,2.536225090386575,6.624213730416267,0.0,0.0,base2,windvariability,fixed
1206,619,DE0 58,DE0 72,34.330589025190726,45.259229348086784,0.0,0.0,base2,windvariability,fixed
1207,62,DE0 116,DE0 185,1.1796351587386305,4.3295503950502185,0.0,0.0,base2,windvariability,fixed
1208,620,DE0 60,DE0 85,8.386038200994578,13.820134380112622,0.0,0.0,base2,windvariability,fixed
1209,621,DE0 61,DE0 91,29.999166095771272,49.410477597195936,0.0,0.0,base2,windvariability,fixed
1210,622,DE0 61,DE0 96,56.221647391009135,68.23615824161587,15.0,0.0,base2,windvariability,fixed
1211,623,DE0 64,DE0 86,15.697464878079689,21.68562270687269,0.0,0.0,base2,windvariability,fixed
1212,624,DE0 7,DE0 80,4.394034710591777,7.198504840687141,0.0,0.0,base2,windvariability,fixed
1213,625,DE0 71,DE0 96,27.242656682156685,44.03786092826975,0.0,0.0,base2,windvariability,fixed
1214,626,DE0 74,DE0 88,25.96154597001879,34.08176963409122,0.0,0.0,base2,windvariability,fixed
1215,627,DE0 83,DE0 86,11.327983656017082,22.16520240603646,0.0,0.0,base2,windvariability,fixed
1216,63,DE0 116,DE0 190,8.306819380459281,17.631191019383728,0.0,0.0,base2,windvariability,fixed
1217,64,DE0 116,DE0 330,14.178430937530765,20.633712887794893,0.0,0.0,base2,windvariability,fixed
1218,65,DE0 117,DE0 203,17.03950515076242,26.034609849985863,0.0,0.0,base2,windvariability,fixed
1219,66,DE0 117,DE0 227,34.31089106651033,53.04695709155794,0.0,0.0,base2,windvariability,fixed
1220,67,DE0 118,DE0 145,19.24676061258437,31.2070353011135,0.0,0.0,base2,windvariability,fixed
1221,68,DE0 118,DE0 2,25.170767764551492,40.68007678114369,0.0,0.0,base2,windvariability,fixed
1222,69,DE0 119,DE0 149,6.5152993743809215,8.67534684933074,0.0,0.0,base2,windvariability,fixed
1223,7,DE0 0,DE0 93,4.338440713898992,8.566509236591786,0.0,0.0,base2,windvariability,fixed
1224,70,DE0 119,DE0 198,12.687915603702423,19.38776723227527,0.0,0.0,base2,windvariability,fixed
1225,71,DE0 119,DE0 442,9.160453242844701,11.252690403408328,0.0,0.0,base2,windvariability,fixed
1226,72,DE0 12,DE0 96,17.641843746121477,26.2903699968005,0.0,0.0,base2,windvariability,fixed
1227,73,DE0 120,DE0 2,11.038276846871947,16.495882354165815,0.0,0.0,base2,windvariability,fixed
1228,74,DE0 120,DE0 72,32.13485798932747,45.194216315561754,0.0,0.0,base2,windvariability,fixed
1229,75,DE0 121,DE0 290,22.608334539374532,30.335879226575184,0.0,0.0,base2,windvariability,fixed
1230,76,DE0 121,DE0 370,23.4438258432184,30.800033934138376,0.0,0.0,base2,windvariability,fixed
1231,77,DE0 122,DE0 226,27.017280260763858,37.831883263297335,0.0,0.0,base2,windvariability,fixed
1232,78,DE0 122,DE0 261,16.83029939232531,29.48624927143962,0.0,0.0,base2,windvariability,fixed
1233,79,DE0 122,DE0 64,15.31163936862415,28.160587149042144,0.0,0.0,base2,windvariability,fixed
1234,8,DE0 1,DE0 110,26.787129946769817,41.32363814173028,0.0,0.0,base2,windvariability,fixed
1235,80,DE0 122,DE0 86,15.652139135710422,22.66651088691448,0.0,0.0,base2,windvariability,fixed
1236,81,DE0 123,DE0 307,2.4633433365334767,11.012161479845538,0.0,0.0,base2,windvariability,fixed
1237,82,DE0 123,DE0 325,4.805967216173633,7.85575597218498,0.0,0.0,base2,windvariability,fixed
1238,83,DE0 124,DE0 240,16.4160890124781,28.41644831109931,0.0,0.0,base2,windvariability,fixed
1239,84,DE0 124,DE0 374,29.17782390015767,29.177828483954766,0.0,0.0,base2,windvariability,fixed
1240,85,DE0 124,DE0 77,30.865607127208133,49.985408027487146,0.0,0.0,base2,windvariability,fixed
1241,86,DE0 124,DE0 90,19.482561436717393,29.996822372922338,0.0,0.0,base2,windvariability,fixed
1242,87,DE0 125,DE0 233,9.682932238587421,13.34736156873685,0.0,0.0,base2,windvariability,fixed
1243,88,DE0 125,DE0 271,26.075170458672353,37.460917324646864,0.0,0.0,base2,windvariability,fixed
1244,89,DE0 126,DE0 181,12.655446589579276,26.43215240687168,0.0,0.0,base2,windvariability,fixed
1245,9,DE0 1,DE0 131,5.201415660301848,12.480437721447691,0.0,0.0,base2,windvariability,fixed
1246,90,DE0 126,DE0 250,25.44623653510769,40.43950790844445,0.0,0.0,base2,windvariability,fixed
1247,91,DE0 127,DE0 22,7.775395110280758,14.630650837279049,0.0,0.0,base2,windvariability,fixed
1248,92,DE0 127,DE0 233,8.734850454986265,17.995902188347486,0.0,0.0,base2,windvariability,fixed
1249,93,DE0 127,DE0 271,9.527719397303326,24.16712006817611,0.0,0.0,base2,windvariability,fixed
1250,94,DE0 128,DE0 174,36.21233174245943,56.17192530073783,0.0,0.0,base2,windvariability,fixed
1251,95,DE0 128,DE0 175,24.434824173124206,36.15998159949665,0.0,0.0,base2,windvariability,fixed
1252,96,DE0 129,DE0 330,14.588280899204321,19.543869530594353,0.0,0.0,base2,windvariability,fixed
1253,97,DE0 129,DE0 390,2.1800172624012832,7.008250971024042,0.0,0.0,base2,windvariability,fixed
1254,98,DE0 13,DE0 329,62.64867585792734,62.73519438907539,24.0,0.0,base2,windvariability,fixed
1255,99,DE0 13,DE0 69,52.28281003505657,52.28281203990558,0.0,0.0,base2,windvariability,fixed
1256,0,DE0 0,DE0 243,38.29895333867023,53.04892231858139,0.0,0.0,base2,windy,fixed
1257,1,DE0 0,DE0 329,25.22801137338531,35.06850398884399,0.0,0.0,base2,windy,fixed
1258,10,DE0 1,DE0 150,41.74592294409562,52.84280340371965,0.0,0.0,base2,windy,fixed
1259,100,DE0 130,DE0 153,13.851071385288174,24.535190608680285,0.0,0.0,base2,windy,fixed
1260,101,DE0 130,DE0 347,15.00675525586194,19.655355727670294,0.0,0.0,base2,windy,fixed
1261,102,DE0 130,DE0 402,2.88876482031046,10.13808462299909,0.0,0.0,base2,windy,fixed
1262,103,DE0 131,DE0 33,37.94896270467715,49.396975080718235,0.0,0.0,base2,windy,fixed
1263,104,DE0 131,DE0 415,14.475394186548899,21.3106765416423,0.0,0.0,base2,windy,fixed
1264,105,DE0 131,DE0 71,38.99539004186831,54.931354312902116,0.0,0.0,base2,windy,fixed
1265,106,DE0 131,DE0 96,33.18912061799406,48.23619611429419,0.0,0.0,base2,windy,fixed
1266,107,DE0 132,DE0 24,41.9111400164734,65.41101138697556,1.0,0.0,base2,windy,fixed
1267,108,DE0 132,DE0 259,29.272942891115623,52.99411201859794,0.0,0.0,base2,windy,fixed
1268,109,DE0 132,DE0 42,18.260779799880858,40.066980678875744,0.0,0.0,base2,windy,fixed
1269,11,DE0 1,DE0 209,25.45771507248337,46.64503026416029,0.0,0.0,base2,windy,fixed
1270,110,DE0 133,DE0 312,5.936829742787051,12.574856598799597,0.0,0.0,base2,windy,fixed
1271,111,DE0 133,DE0 316,5.3471966786047815,11.660014021203951,0.0,0.0,base2,windy,fixed
1272,112,DE0 133,DE0 371,7.065398828585261,15.84859105939779,0.0,0.0,base2,windy,fixed
1273,113,DE0 133,DE0 412,7.794844019565733,17.076086664488464,0.0,0.0,base2,windy,fixed
1274,114,DE0 134,DE0 145,8.068137475248562,16.90785673038874,0.0,0.0,base2,windy,fixed
1275,115,DE0 134,DE0 274,39.340669477438574,44.7893969108624,0.0,0.0,base2,windy,fixed
1276,116,DE0 134,DE0 423,22.577763100933005,23.630229819428685,0.0,0.0,base2,windy,fixed
1277,117,DE0 135,DE0 300,32.42996017000841,38.2200979457361,0.0,0.0,base2,windy,fixed
1278,118,DE0 135,DE0 313,26.938397077346117,32.13751018154396,0.0,0.0,base2,windy,fixed
1279,119,DE0 136,DE0 317,31.185015613340866,31.18501604664398,0.0,0.0,base2,windy,fixed
1280,12,DE0 10,DE0 219,19.815334607022507,32.668193413240495,0.0,0.0,base2,windy,fixed
1281,120,DE0 136,DE0 32,18.008152012864002,25.891701517158094,0.0,0.0,base2,windy,fixed
1282,121,DE0 136,DE0 43,14.80979561109348,20.22701931339604,0.0,0.0,base2,windy,fixed
1283,122,DE0 136,DE0 72,35.907729083408604,45.32926226065611,0.0,0.0,base2,windy,fixed
1284,123,DE0 137,DE0 22,18.784106716823157,29.969122066466593,0.0,0.0,base2,windy,fixed
1285,124,DE0 137,DE0 61,33.314137936083085,39.53899152720122,0.0,0.0,base2,windy,fixed
1286,125,DE0 138,DE0 174,21.51077769261524,31.842038568126913,0.0,0.0,base2,windy,fixed
1287,126,DE0 138,DE0 194,11.435523294103495,22.928146134743518,0.0,0.0,base2,windy,fixed
1288,127,DE0 138,DE0 420,21.378134052125585,23.71363197016984,0.0,0.0,base2,windy,fixed
1289,128,DE0 139,DE0 209,18.76232149461616,25.203233670539323,0.0,0.0,base2,windy,fixed
1290,129,DE0 139,DE0 281,8.625369073925288,11.76162483217285,0.0,0.0,base2,windy,fixed
1291,13,DE0 10,DE0 382,6.690658592706007,10.882005084833615,0.0,0.0,base2,windy,fixed
1292,130,DE0 14,DE0 38,12.157915393422918,16.26345934323887,0.0,0.0,base2,windy,fixed
1293,131,DE0 14,DE0 58,19.407899241307057,27.552426444478705,0.0,0.0,base2,windy,fixed
1294,132,DE0 140,DE0 219,13.793856568964644,16.18016741990429,0.0,0.0,base2,windy,fixed
1295,133,DE0 140,DE0 369,17.16198991511261,18.612317864159042,0.0,0.0,base2,windy,fixed
1296,134,DE0 140,DE0 429,1.7064865724009755,2.655010775315708,0.0,0.0,base2,windy,fixed
1297,135,DE0 141,DE0 265,4.190800256483076,5.646495372648575,0.0,0.0,base2,windy,fixed
1298,136,DE0 141,DE0 337,9.933051117397811,10.871459201863766,0.0,0.0,base2,windy,fixed
1299,137,DE0 141,DE0 363,8.81632676272765,13.084514713238004,0.0,0.0,base2,windy,fixed
1300,138,DE0 141,DE0 427,11.908644492891273,13.384869568523541,0.0,0.0,base2,windy,fixed
1301,139,DE0 142,DE0 267,13.600414534640063,26.269950311288365,0.0,0.0,base2,windy,fixed
1302,14,DE0 10,DE0 49,6.699650441407923,14.79583380431998,0.0,0.0,base2,windy,fixed
1303,140,DE0 142,DE0 434,12.990280810451328,25.29610611202035,0.0,0.0,base2,windy,fixed
1304,141,DE0 143,DE0 373,0.7046162063244801,0.8114031954978819,0.0,0.0,base2,windy,fixed
1305,142,DE0 143,DE0 449,0.828794633456416,0.9550620010620731,0.0,0.0,base2,windy,fixed
1306,143,DE0 144,DE0 213,6.7897082528341315,14.808008541920476,0.0,0.0,base2,windy,fixed
1307,144,DE0 144,DE0 382,21.017695971374618,32.75480257942792,0.0,0.0,base2,windy,fixed
1308,145,DE0 146,DE0 187,14.9985957200735,36.18500007202312,0.0,0.0,base2,windy,fixed
1309,146,DE0 146,DE0 24,50.47865476759635,67.19977711439084,9.0,0.0,base2,windy,fixed
1310,147,DE0 146,DE0 262,25.362862681973393,43.32744598389658,0.0,0.0,base2,windy,fixed
1311,148,DE0 147,DE0 196,3.810287897703507,9.946126765160873,0.0,0.0,base2,windy,fixed
1312,149,DE0 147,DE0 36,12.24072964201149,21.083227021171002,0.0,0.0,base2,windy,fixed
1313,15,DE0 100,DE0 245,10.5277928822869,22.594898400954552,0.0,0.0,base2,windy,fixed
1314,150,DE0 148,DE0 214,21.177113023751936,31.238420146115885,0.0,0.0,base2,windy,fixed
1315,151,DE0 148,DE0 45,17.384628201077565,25.672995637199374,0.0,0.0,base2,windy,fixed
1316,152,DE0 148,DE0 60,10.980298692758954,28.799639879799482,0.0,0.0,base2,windy,fixed
1317,153,DE0 149,DE0 198,14.987434214016467,17.04092096361566,0.0,0.0,base2,windy,fixed
1318,154,DE0 15,DE0 250,1.596376560477425,2.2350289289837995,0.0,0.0,base2,windy,fixed
1319,155,DE0 15,DE0 419,1.6628081771407894,2.5059965812685197,0.0,0.0,base2,windy,fixed
1320,156,DE0 150,DE0 189,22.065933790048177,32.40718671082028,0.0,0.0,base2,windy,fixed
1321,157,DE0 150,DE0 408,32.51470333319427,37.5031354794035,0.0,0.0,base2,windy,fixed
1322,158,DE0 151,DE0 20,7.866980018400599,9.687388976908666,0.0,0.0,base2,windy,fixed
1323,159,DE0 151,DE0 410,8.96330227673045,12.291774085611163,0.0,0.0,base2,windy,fixed
1324,16,DE0 100,DE0 303,6.1725233465495855,14.775567570885237,0.0,0.0,base2,windy,fixed
1325,160,DE0 151,DE0 78,7.024445243728272,9.146596452774684,0.0,0.0,base2,windy,fixed
1326,161,DE0 152,DE0 258,5.414428832928996,14.492676705484142,0.0,0.0,base2,windy,fixed
1327,162,DE0 152,DE0 356,6.184853075593674,12.050103722773354,0.0,0.0,base2,windy,fixed
1328,163,DE0 153,DE0 40,14.057630451416284,19.743426900735837,0.0,0.0,base2,windy,fixed
1329,164,DE0 154,DE0 256,31.455647311988038,35.9544682950348,0.0,0.0,base2,windy,fixed
1330,165,DE0 154,DE0 72,8.739531121277395,12.800905018758876,0.0,0.0,base2,windy,fixed
1331,166,DE0 155,DE0 247,15.940179666786362,20.686516854220212,0.0,0.0,base2,windy,fixed
1332,167,DE0 155,DE0 292,17.954032816124354,25.130947318495807,0.0,0.0,base2,windy,fixed
1333,168,DE0 156,DE0 22,55.91941893758593,66.52072232209679,14.0,0.0,base2,windy,fixed
1334,169,DE0 156,DE0 48,63.6502677518552,69.13557095110725,17.0,0.0,base2,windy,fixed
1335,17,DE0 100,DE0 352,29.34940192170499,42.444975123763655,0.0,0.0,base2,windy,fixed
1336,170,DE0 157,DE0 251,19.80268241782801,29.601602207550094,0.0,0.0,base2,windy,fixed
1337,171,DE0 157,DE0 304,15.375094856214421,24.48200311902868,0.0,0.0,base2,windy,fixed
1338,172,DE0 158,DE0 361,9.806234646197998,14.8745813468256,0.0,0.0,base2,windy,fixed
1339,173,DE0 158,DE0 389,15.341349356939302,28.978568906912912,0.0,0.0,base2,windy,fixed
1340,174,DE0 159,DE0 234,8.080520312680013,14.86717800142181,0.0,0.0,base2,windy,fixed
1341,175,DE0 159,DE0 252,24.286752094554842,42.10767924645796,0.0,0.0,base2,windy,fixed
1342,176,DE0 159,DE0 279,0.9449009127290103,2.3510785505520246,0.0,0.0,base2,windy,fixed
1343,177,DE0 159,DE0 405,1.2183959709536527,3.516290502883908,0.0,0.0,base2,windy,fixed
1344,178,DE0 16,DE0 304,14.099294591600934,29.84011846241263,0.0,0.0,base2,windy,fixed
1345,179,DE0 16,DE0 311,6.92336832296576,16.970887242848267,0.0,0.0,base2,windy,fixed
1346,18,DE0 100,DE0 422,12.019615810029487,26.473721247030387,0.0,0.0,base2,windy,fixed
1347,180,DE0 160,DE0 182,7.295289960707997,21.033723313862822,0.0,0.0,base2,windy,fixed
1348,181,DE0 160,DE0 237,3.835633791026628,13.327378328703753,0.0,0.0,base2,windy,fixed
1349,182,DE0 160,DE0 349,6.060987633794809,20.04998012088437,0.0,0.0,base2,windy,fixed
1350,183,DE0 160,DE0 37,10.631822334000196,17.3266912020451,0.0,0.0,base2,windy,fixed
1351,184,DE0 160,DE0 393,6.9308772675802555,26.705981990538053,0.0,0.0,base2,windy,fixed
1352,185,DE0 160,DE0 62,7.434991387484254,27.502885659836608,0.0,0.0,base2,windy,fixed
1353,186,DE0 161,DE0 186,8.425406969196992,21.484755415786715,0.0,0.0,base2,windy,fixed
1354,187,DE0 161,DE0 230,59.36797976013531,66.19145962031136,11.0,0.0,base2,windy,fixed
1355,188,DE0 161,DE0 4,66.45547591516357,68.4872784129128,22.0,0.0,base2,windy,fixed
1356,189,DE0 161,DE0 68,61.20320473887233,67.65162232935614,13.0,0.0,base2,windy,fixed
1357,19,DE0 101,DE0 229,6.027945799160539,13.509132788485307,0.0,0.0,base2,windy,fixed
1358,190,DE0 162,DE0 324,23.839271042308507,26.67626855588075,0.0,0.0,base2,windy,fixed
1359,191,DE0 163,DE0 205,8.792467715130968,13.961884892336585,0.0,0.0,base2,windy,fixed
1360,192,DE0 163,DE0 330,5.396854339179252,9.237405775544968,0.0,0.0,base2,windy,fixed
1361,193,DE0 163,DE0 390,10.041459925932406,13.318997671092179,0.0,0.0,base2,windy,fixed
1362,194,DE0 164,DE0 180,1.8059291177823587,6.068547416916541,0.0,0.0,base2,windy,fixed
1363,195,DE0 164,DE0 47,4.891350849936219,9.44775744105098,0.0,0.0,base2,windy,fixed
1364,196,DE0 164,DE0 78,8.193470893695983,13.600261774108716,0.0,0.0,base2,windy,fixed
1365,197,DE0 165,DE0 249,12.04579276471779,19.70278220063572,0.0,0.0,base2,windy,fixed
1366,198,DE0 165,DE0 412,24.5411760798871,40.09470929783542,0.0,0.0,base2,windy,fixed
1367,199,DE0 166,DE0 253,5.907599602502666,19.9358116651797,0.0,0.0,base2,windy,fixed
1368,2,DE0 0,DE0 367,10.41603769617258,14.449838469425973,0.0,0.0,base2,windy,fixed
1369,20,DE0 101,DE0 232,4.235100278901466,7.694960376009158,0.0,0.0,base2,windy,fixed
1370,200,DE0 166,DE0 335,15.970733182008798,42.89037978716779,0.0,0.0,base2,windy,fixed
1371,201,DE0 167,DE0 174,48.24037460458555,56.69658291614689,0.0,0.0,base2,windy,fixed
1372,202,DE0 167,DE0 397,44.6317821368041,45.364999294353744,0.0,0.0,base2,windy,fixed
1373,203,DE0 167,DE0 67,18.203189830638223,32.67434944585025,0.0,0.0,base2,windy,fixed
1374,204,DE0 168,DE0 221,12.73549563893233,16.85067800651889,0.0,0.0,base2,windy,fixed
1375,205,DE0 168,DE0 233,16.888501483228744,26.186420688278,0.0,0.0,base2,windy,fixed
1376,206,DE0 168,DE0 296,13.397787923999251,18.01431504692416,0.0,0.0,base2,windy,fixed
1377,207,DE0 169,DE0 200,31.112876517354042,39.015973895702786,0.0,0.0,base2,windy,fixed
1378,208,DE0 169,DE0 367,17.391777155759126,37.09736958852413,0.0,0.0,base2,windy,fixed
1379,209,DE0 17,DE0 177,19.991549489344454,25.496377887559223,0.0,0.0,base2,windy,fixed
1380,21,DE0 102,DE0 115,11.841743859079017,20.41536213366007,0.0,0.0,base2,windy,fixed
1381,210,DE0 17,DE0 330,35.191209844268215,41.29384783401578,0.0,0.0,base2,windy,fixed
1382,211,DE0 170,DE0 231,5.660520380790443,11.915785046089963,0.0,0.0,base2,windy,fixed
1383,212,DE0 170,DE0 258,7.149428647908311,19.366998884593784,0.0,0.0,base2,windy,fixed
1384,213,DE0 170,DE0 34,7.986318378204517,14.22501102476903,0.0,0.0,base2,windy,fixed
1385,214,DE0 171,DE0 288,2.3219178489963226,4.105282323735429,0.0,0.0,base2,windy,fixed
1386,215,DE0 171,DE0 306,7.736200863959018,10.378932260818543,0.0,0.0,base2,windy,fixed
1387,216,DE0 171,DE0 348,6.978145391392849,10.003739882053658,0.0,0.0,base2,windy,fixed
1388,217,DE0 171,DE0 355,17.069034602887964,20.249619367159617,0.0,0.0,base2,windy,fixed
1389,218,DE0 172,DE0 59,13.0203224533217,34.85811135117938,0.0,0.0,base2,windy,fixed
1390,219,DE0 172,DE0 80,11.813400558780424,17.663226117941196,0.0,0.0,base2,windy,fixed
1391,22,DE0 102,DE0 46,44.88542229700553,67.18440994896673,6.0,0.0,base2,windy,fixed
1392,220,DE0 172,DE0 83,18.32583228715727,31.56619944124084,0.0,0.0,base2,windy,fixed
1393,221,DE0 173,DE0 222,12.144463096398649,16.538052316362545,0.0,0.0,base2,windy,fixed
1394,222,DE0 173,DE0 381,10.281012409388634,11.673467557001562,0.0,0.0,base2,windy,fixed
1395,223,DE0 174,DE0 425,25.833224806759414,29.695394638359318,0.0,0.0,base2,windy,fixed
1396,224,DE0 175,DE0 199,13.702900167688245,23.1158700029477,0.0,0.0,base2,windy,fixed
1397,225,DE0 175,DE0 434,10.99024839802682,22.10156443211992,0.0,0.0,base2,windy,fixed
1398,226,DE0 175,DE0 438,16.014442591738167,29.918914901242243,0.0,0.0,base2,windy,fixed
1399,227,DE0 176,DE0 22,33.62405498546693,43.62245310091767,0.0,0.0,base2,windy,fixed
1400,228,DE0 176,DE0 303,34.951620967533195,49.345642705049656,0.0,0.0,base2,windy,fixed
1401,229,DE0 176,DE0 352,17.575391030804198,28.049127291379133,0.0,0.0,base2,windy,fixed
1402,23,DE0 102,DE0 96,38.70981152244097,47.83445301092068,0.0,0.0,base2,windy,fixed
1403,230,DE0 177,DE0 85,13.195348681259722,18.327487548097622,0.0,0.0,base2,windy,fixed
1404,231,DE0 178,DE0 276,13.814159768551578,14.156005790130195,0.0,0.0,base2,windy,fixed
1405,232,DE0 178,DE0 395,15.277908627758718,15.719772886831704,0.0,0.0,base2,windy,fixed
1406,233,DE0 179,DE0 224,19.203906415766667,24.666638560565044,0.0,0.0,base2,windy,fixed
1407,234,DE0 179,DE0 50,15.864542934287366,19.66087595114876,0.0,0.0,base2,windy,fixed
1408,235,DE0 18,DE0 282,25.788459074829312,41.63241513314259,0.0,0.0,base2,windy,fixed
1409,236,DE0 18,DE0 306,6.5716618015540895,10.310981015981719,0.0,0.0,base2,windy,fixed
1410,237,DE0 18,DE0 418,13.51395919824382,19.928821717110754,0.0,0.0,base2,windy,fixed
1411,238,DE0 180,DE0 26,13.966800200590027,22.514384619995564,0.0,0.0,base2,windy,fixed
1412,239,DE0 180,DE0 47,4.175527215449012,8.297757417202458,0.0,0.0,base2,windy,fixed
1413,24,DE0 103,DE0 148,8.408948136050148,20.534109573016465,0.0,0.0,base2,windy,fixed
1414,240,DE0 181,DE0 250,15.667529126263382,34.352359714103095,0.0,0.0,base2,windy,fixed
1415,241,DE0 181,DE0 269,19.394178139529743,31.407500987550673,0.0,0.0,base2,windy,fixed
1416,242,DE0 181,DE0 44,17.169487519531867,19.60005427416915,0.0,0.0,base2,windy,fixed
1417,243,DE0 182,DE0 62,6.981427467639505,16.693048230731534,0.0,0.0,base2,windy,fixed
1418,244,DE0 183,DE0 241,23.165824042542038,28.697250282608156,0.0,0.0,base2,windy,fixed
1419,245,DE0 183,DE0 327,25.850004972995567,30.153469489081573,0.0,0.0,base2,windy,fixed
1420,246,DE0 184,DE0 26,7.0897852360672715,14.974088006439587,0.0,0.0,base2,windy,fixed
1421,247,DE0 184,DE0 261,10.14524531314395,23.342042475426574,0.0,0.0,base2,windy,fixed
1422,248,DE0 184,DE0 329,40.05427941581857,52.10383684589001,0.0,0.0,base2,windy,fixed
1423,249,DE0 184,DE0 69,8.395584432718366,14.770533919163926,0.0,0.0,base2,windy,fixed
1424,25,DE0 103,DE0 54,9.019453021841274,17.27732145122018,0.0,0.0,base2,windy,fixed
1425,250,DE0 185,DE0 205,6.346150387792887,10.94729250616279,0.0,0.0,base2,windy,fixed
1426,251,DE0 185,DE0 441,6.912759991869017,13.597924816370202,0.0,0.0,base2,windy,fixed
1427,252,DE0 186,DE0 82,10.811768203727695,23.580788432144427,0.0,0.0,base2,windy,fixed
1428,253,DE0 187,DE0 436,22.028394952150244,30.705772344554138,0.0,0.0,base2,windy,fixed
1429,254,DE0 188,DE0 309,33.71887023358146,39.604291580354264,0.0,0.0,base2,windy,fixed
1430,255,DE0 188,DE0 40,20.657760832213498,26.395743683808753,0.0,0.0,base2,windy,fixed
1431,256,DE0 188,DE0 410,2.7414720164970627,4.012328251202434,0.0,0.0,base2,windy,fixed
1432,257,DE0 189,DE0 73,23.91580229384988,30.96747179329766,0.0,0.0,base2,windy,fixed
1433,258,DE0 19,DE0 299,0.30739439676180946,0.7159909711222275,0.0,0.0,base2,windy,fixed
1434,259,DE0 19,DE0 411,0.35107813657604553,0.8391147044649481,0.0,0.0,base2,windy,fixed
1435,26,DE0 103,DE0 9,11.494520075208078,18.92358020129576,0.0,0.0,base2,windy,fixed
1436,260,DE0 190,DE0 330,32.16302043203611,32.16302083715384,0.0,0.0,base2,windy,fixed
1437,261,DE0 191,DE0 435,17.72658819010226,17.7266404302714,0.0,0.0,base2,windy,fixed
1438,262,DE0 191,DE0 89,13.89511300448372,16.00206116040834,0.0,0.0,base2,windy,fixed
1439,263,DE0 192,DE0 319,3.8532849789819994,7.658401158277238,0.0,0.0,base2,windy,fixed
1440,264,DE0 192,DE0 349,2.9775964481569344,6.204033622830649,0.0,0.0,base2,windy,fixed
1441,265,DE0 192,DE0 403,4.206312538265441,9.513522417963788,0.0,0.0,base2,windy,fixed
1442,266,DE0 193,DE0 229,4.582516285452668,9.200762817592521,0.0,0.0,base2,windy,fixed
1443,267,DE0 193,DE0 3,2.8481248271144963,4.806937900388906,0.0,0.0,base2,windy,fixed
1444,268,DE0 193,DE0 342,17.92994160087283,30.078421228888182,0.0,0.0,base2,windy,fixed
1445,269,DE0 193,DE0 356,5.782901724934075,8.298422558913478,0.0,0.0,base2,windy,fixed
1446,27,DE0 104,DE0 201,2.7845273230501717,4.395998509359833,0.0,0.0,base2,windy,fixed
1447,270,DE0 194,DE0 76,22.549429294519623,28.717347553108212,0.0,0.0,base2,windy,fixed
1448,271,DE0 195,DE0 264,14.721167046160542,21.280964378335103,0.0,0.0,base2,windy,fixed
1449,272,DE0 195,DE0 301,10.121169398061532,17.464889367273756,0.0,0.0,base2,windy,fixed
1450,273,DE0 196,DE0 377,21.833263068875787,42.804723436198344,0.0,0.0,base2,windy,fixed
1451,274,DE0 197,DE0 356,8.639271617745308,15.591972263219677,0.0,0.0,base2,windy,fixed
1452,275,DE0 197,DE0 371,4.176693409223451,10.300539017386184,0.0,0.0,base2,windy,fixed
1453,276,DE0 198,DE0 239,18.687035756476277,19.475533331736948,0.0,0.0,base2,windy,fixed
1454,277,DE0 198,DE0 248,2.3421105956774495,3.220987639252098,0.0,0.0,base2,windy,fixed
1455,278,DE0 199,DE0 432,5.531199268905094,11.730920028566134,0.0,0.0,base2,windy,fixed
1456,279,DE0 2,DE0 233,6.86022981919361,12.082399547182549,0.0,0.0,base2,windy,fixed
1457,28,DE0 104,DE0 206,20.788868784270974,24.69716889311453,0.0,0.0,base2,windy,fixed
1458,280,DE0 2,DE0 256,27.778365206832166,32.1566568888389,0.0,0.0,base2,windy,fixed
1459,281,DE0 2,DE0 72,24.271143039203146,28.573097524805675,0.0,0.0,base2,windy,fixed
1460,282,DE0 20,DE0 410,9.842547846531287,14.077365585799912,0.0,0.0,base2,windy,fixed
1461,283,DE0 200,DE0 242,9.658143842273331,16.589098794908864,0.0,0.0,base2,windy,fixed
1462,284,DE0 200,DE0 386,15.61723897097162,15.61723913369172,0.0,0.0,base2,windy,fixed
1463,285,DE0 200,DE0 440,6.471296607851236,12.823793565231409,0.0,0.0,base2,windy,fixed
1464,286,DE0 200,DE0 99,14.687881847632584,24.548230325322294,0.0,0.0,base2,windy,fixed
1465,287,DE0 201,DE0 206,12.798879016286355,15.381535225715155,0.0,0.0,base2,windy,fixed
1466,288,DE0 201,DE0 212,3.359920124795713,6.474559240537141,0.0,0.0,base2,windy,fixed
1467,289,DE0 201,DE0 399,4.387782450090133,4.984029236678186,0.0,0.0,base2,windy,fixed
1468,29,DE0 104,DE0 428,3.2742244859042278,4.7330347405341495,0.0,0.0,base2,windy,fixed
1469,290,DE0 201,DE0 428,6.021478385389442,6.790848430328067,0.0,0.0,base2,windy,fixed
1470,291,DE0 202,DE0 298,56.56863304975403,56.67556436304204,0.0,0.0,base2,windy,fixed
1471,292,DE0 202,DE0 322,18.581321044050945,26.27932454665106,0.0,0.0,base2,windy,fixed
1472,293,DE0 202,DE0 360,21.747088698041143,26.547365939058427,0.0,0.0,base2,windy,fixed
1473,294,DE0 202,DE0 397,12.507534148040737,25.715706129647163,0.0,0.0,base2,windy,fixed
1474,295,DE0 202,DE0 48,52.72610871550286,59.375240558692234,0.0,0.0,base2,windy,fixed
1475,296,DE0 202,DE0 82,8.071377922765437,26.21569330243488,0.0,0.0,base2,windy,fixed
1476,297,DE0 203,DE0 212,16.119602427489998,17.5262503824961,0.0,0.0,base2,windy,fixed
1477,298,DE0 203,DE0 227,37.79619975554091,39.84166739643726,0.0,0.0,base2,windy,fixed
1478,299,DE0 203,DE0 358,19.184752833534368,19.858968874420015,0.0,0.0,base2,windy,fixed
1479,3,DE0 0,DE0 55,9.950608886903119,13.89305438611888,0.0,0.0,base2,windy,fixed
1480,30,DE0 105,DE0 260,5.892645358759623,13.040750332147391,0.0,0.0,base2,windy,fixed
1481,300,DE0 204,DE0 367,35.46854138412579,52.28656468178705,0.0,0.0,base2,windy,fixed
1482,301,DE0 204,DE0 46,34.12640142997338,54.105593991995505,0.0,0.0,base2,windy,fixed
1483,302,DE0 206,DE0 212,6.764947238888729,10.711224000183165,0.0,0.0,base2,windy,fixed
1484,303,DE0 206,DE0 290,19.282064551056525,23.48098693945658,0.0,0.0,base2,windy,fixed
1485,304,DE0 207,DE0 40,7.338564659444209,18.494108171679674,0.0,0.0,base2,windy,fixed
1486,305,DE0 207,DE0 54,4.733191544200316,18.169462628055733,0.0,0.0,base2,windy,fixed
1487,306,DE0 208,DE0 28,17.832600240725583,22.11237207815434,0.0,0.0,base2,windy,fixed
1488,307,DE0 208,DE0 307,17.15509703039626,24.193415897344423,0.0,0.0,base2,windy,fixed
1489,308,DE0 21,DE0 234,14.764281959022721,20.939289981193852,0.0,0.0,base2,windy,fixed
1490,309,DE0 21,DE0 74,12.557859152419661,16.27822912622475,0.0,0.0,base2,windy,fixed
1491,31,DE0 105,DE0 34,1.7174005736143785,4.177301688690153,0.0,0.0,base2,windy,fixed
1492,310,DE0 210,DE0 305,19.843303385042447,24.937705078568868,0.0,0.0,base2,windy,fixed
1493,311,DE0 210,DE0 400,6.228521160529269,11.07136680475676,0.0,0.0,base2,windy,fixed
1494,312,DE0 211,DE0 247,11.966924492998265,14.915165001665823,0.0,0.0,base2,windy,fixed
1495,313,DE0 211,DE0 362,4.821983063307402,5.274196495200725,0.0,0.0,base2,windy,fixed
1496,314,DE0 212,DE0 280,23.63588888634327,24.812182318420813,0.0,0.0,base2,windy,fixed
1497,315,DE0 212,DE0 300,40.76009414148772,47.24466104958002,0.0,0.0,base2,windy,fixed
1498,316,DE0 212,DE0 358,15.97177553383616,17.47323703237564,0.0,0.0,base2,windy,fixed
1499,317,DE0 212,DE0 77,16.643198374025637,21.003934301336578,0.0,0.0,base2,windy,fixed
1500,318,DE0 213,DE0 342,12.73480839749638,24.46466367449647,0.0,0.0,base2,windy,fixed
1501,319,DE0 214,DE0 45,1.8830308041487498,2.9234747749442556,0.0,0.0,base2,windy,fixed
1502,32,DE0 105,DE0 354,13.581264797693626,25.94899216357099,0.0,0.0,base2,windy,fixed
1503,320,DE0 215,DE0 42,34.64307008576226,59.34984435737519,0.0,0.0,base2,windy,fixed
1504,321,DE0 216,DE0 277,7.571612874395046,7.954156273615568,0.0,0.0,base2,windy,fixed
1505,322,DE0 216,DE0 339,4.826236539997177,5.1179507529981745,0.0,0.0,base2,windy,fixed
1506,323,DE0 216,DE0 429,4.535206890547381,4.728050285913294,0.0,0.0,base2,windy,fixed
1507,324,DE0 217,DE0 388,10.485594364162766,14.57509186718614,0.0,0.0,base2,windy,fixed
1508,325,DE0 217,DE0 46,35.507703094138556,49.85004027895737,0.0,0.0,base2,windy,fixed
1509,326,DE0 217,DE0 57,13.321030938855612,17.610859240171408,0.0,0.0,base2,windy,fixed
1510,327,DE0 218,DE0 406,9.614815704335838,14.321669864960263,0.0,0.0,base2,windy,fixed
1511,328,DE0 218,DE0 73,22.050170416353428,32.08053092201533,0.0,0.0,base2,windy,fixed
1512,329,DE0 22,DE0 296,15.21923703680837,24.627936618660847,0.0,0.0,base2,windy,fixed
1513,33,DE0 106,DE0 180,14.826171760523652,18.3127063442938,0.0,0.0,base2,windy,fixed
1514,330,DE0 22,DE0 352,45.703220314596464,53.43202577420845,0.0,0.0,base2,windy,fixed
1515,331,DE0 22,DE0 8,14.988471543119338,24.251204373764978,0.0,0.0,base2,windy,fixed
1516,332,DE0 220,DE0 336,8.16701805788735,11.396682508208386,0.0,0.0,base2,windy,fixed
1517,333,DE0 220,DE0 379,5.43122417235548,6.493503711366298,0.0,0.0,base2,windy,fixed
1518,334,DE0 221,DE0 274,37.72776727508773,38.069712961610705,0.0,0.0,base2,windy,fixed
1519,335,DE0 222,DE0 292,18.21449216751061,27.849851950584288,0.0,0.0,base2,windy,fixed
1520,336,DE0 222,DE0 311,7.257743926666977,15.766477734145266,0.0,0.0,base2,windy,fixed
1521,337,DE0 222,DE0 381,12.726876096740241,19.477340667003386,0.0,0.0,base2,windy,fixed
1522,338,DE0 222,DE0 74,2.1188954322956044,7.089033068507362,0.0,0.0,base2,windy,fixed
1523,339,DE0 222,DE0 87,15.025246585231464,21.110363403766907,0.0,0.0,base2,windy,fixed
1524,34,DE0 106,DE0 275,14.025719213705804,16.82417806168703,0.0,0.0,base2,windy,fixed
1525,340,DE0 223,DE0 286,13.803042905708992,22.208752027108968,0.0,0.0,base2,windy,fixed
1526,341,DE0 223,DE0 295,10.01790691050863,18.464604234412818,0.0,0.0,base2,windy,fixed
1527,342,DE0 224,DE0 40,18.6140042068333,24.033501175246215,0.0,0.0,base2,windy,fixed
1528,343,DE0 225,DE0 425,39.7847342332223,46.05554381317714,0.0,0.0,base2,windy,fixed
1529,344,DE0 225,DE0 6,38.47491734685386,44.550846853558575,0.0,0.0,base2,windy,fixed
1530,345,DE0 226,DE0 424,9.150577728618998,23.551650982709337,0.0,0.0,base2,windy,fixed
1531,346,DE0 227,DE0 289,9.229024316622569,10.113388757036013,0.0,0.0,base2,windy,fixed
1532,347,DE0 227,DE0 334,9.043583119020726,11.045043715738853,0.0,0.0,base2,windy,fixed
1533,348,DE0 227,DE0 396,12.56224780466585,14.90303913351512,0.0,0.0,base2,windy,fixed
1534,349,DE0 228,DE0 325,4.6347665792299395,9.024253421830196,0.0,0.0,base2,windy,fixed
1535,35,DE0 107,DE0 154,21.941134651001555,24.767914148619408,0.0,0.0,base2,windy,fixed
1536,350,DE0 228,DE0 8,7.530195792373945,12.229304960748454,0.0,0.0,base2,windy,fixed
1537,351,DE0 229,DE0 236,5.523793778019553,12.207597616462083,0.0,0.0,base2,windy,fixed
1538,352,DE0 229,DE0 332,7.047463280672763,18.702931542380686,0.0,0.0,base2,windy,fixed
1539,353,DE0 229,DE0 449,1.363165612277162,1.5736268393109623,0.0,0.0,base2,windy,fixed
1540,354,DE0 23,DE0 380,17.640524690906123,18.169408408486497,0.0,0.0,base2,windy,fixed
1541,355,DE0 23,DE0 57,43.584445422780355,52.8081684798288,0.0,0.0,base2,windy,fixed
1542,356,DE0 230,DE0 24,52.81997973733104,66.06029990601589,4.0,0.0,base2,windy,fixed
1543,357,DE0 231,DE0 87,11.18554463813421,19.918319685709417,0.0,0.0,base2,windy,fixed
1544,358,DE0 232,DE0 382,8.231493913540126,12.222492889945507,0.0,0.0,base2,windy,fixed
1545,359,DE0 233,DE0 271,6.409750683270967,16.063985177257745,0.0,0.0,base2,windy,fixed
1546,36,DE0 107,DE0 38,24.79834218919028,28.678560635911627,0.0,0.0,base2,windy,fixed
1547,360,DE0 233,DE0 72,36.58649311567334,42.89174677720666,0.0,0.0,base2,windy,fixed
1548,361,DE0 234,DE0 88,10.949356396810298,15.53686873103977,0.0,0.0,base2,windy,fixed
1549,362,DE0 235,DE0 382,1.6119419401491797,3.5200163287496506,0.0,0.0,base2,windy,fixed
1550,363,DE0 235,DE0 384,3.223516812478502,6.330094281064433,0.0,0.0,base2,windy,fixed
1551,364,DE0 236,DE0 260,7.190894729638099,15.203375063255661,0.0,0.0,base2,windy,fixed
1552,365,DE0 236,DE0 31,16.60825579355527,20.874381459905823,0.0,0.0,base2,windy,fixed
1553,366,DE0 237,DE0 37,23.2424387650657,24.88350843315707,0.0,0.0,base2,windy,fixed
1554,367,DE0 238,DE0 250,1.2803597616188296,1.7245795306665683,0.0,0.0,base2,windy,fixed
1555,368,DE0 238,DE0 445,0.7452713838541315,0.8545247665396969,0.0,0.0,base2,windy,fixed
1556,369,DE0 239,DE0 392,17.138669454819656,17.675225650998236,0.0,0.0,base2,windy,fixed
1557,37,DE0 108,DE0 246,13.141092481763113,27.56920489006883,0.0,0.0,base2,windy,fixed
1558,370,DE0 24,DE0 245,21.451009358993243,55.662025299762504,0.0,0.0,base2,windy,fixed
1559,371,DE0 24,DE0 259,45.91450688961978,58.38764191352509,0.0,0.0,base2,windy,fixed
1560,372,DE0 24,DE0 335,23.41761902683867,51.33120216474054,0.0,0.0,base2,windy,fixed
1561,373,DE0 24,DE0 68,56.92385115561307,69.49191944358152,10.0,0.0,base2,windy,fixed
1562,374,DE0 240,DE0 357,19.989965486018015,20.87830356963965,0.0,0.0,base2,windy,fixed
1563,375,DE0 241,DE0 322,21.07048984698041,27.69691048818062,0.0,0.0,base2,windy,fixed
1564,376,DE0 242,DE0 340,2.9914636349220465,7.149609114874059,0.0,0.0,base2,windy,fixed
1565,377,DE0 242,DE0 99,2.6344570603212643,6.947509876139472,0.0,0.0,base2,windy,fixed
1566,378,DE0 243,DE0 46,37.245354859558844,53.212317268448025,0.0,0.0,base2,windy,fixed
1567,379,DE0 244,DE0 366,4.544410770426833,10.162844452153502,0.0,0.0,base2,windy,fixed
1568,38,DE0 108,DE0 393,6.429538894424663,14.128799724175847,0.0,0.0,base2,windy,fixed
1569,380,DE0 244,DE0 448,6.379092191219864,11.085774850608015,0.0,0.0,base2,windy,fixed
1570,381,DE0 244,DE0 95,8.523924575349467,21.104353124812143,0.0,0.0,base2,windy,fixed
1571,382,DE0 245,DE0 422,10.287735471473635,22.63461605860005,0.0,0.0,base2,windy,fixed
1572,383,DE0 246,DE0 267,11.842726594386574,26.412575020147,0.0,0.0,base2,windy,fixed
1573,384,DE0 247,DE0 74,14.968557556527273,18.81512027029065,0.0,0.0,base2,windy,fixed
1574,385,DE0 248,DE0 374,14.49532301834641,14.834823855751198,0.0,0.0,base2,windy,fixed
1575,386,DE0 248,DE0 66,6.654932062419064,12.990025121611612,0.0,0.0,base2,windy,fixed
1576,387,DE0 248,DE0 90,25.41036933966459,26.376761165968095,0.0,0.0,base2,windy,fixed
1577,388,DE0 249,DE0 36,27.53067136151773,38.2589547351469,0.0,0.0,base2,windy,fixed
1578,389,DE0 249,DE0 364,16.87895881905714,20.898168381866455,0.0,0.0,base2,windy,fixed
1579,39,DE0 108,DE0 417,0.5417048156415522,1.2904315110215303,0.0,0.0,base2,windy,fixed
1580,390,DE0 25,DE0 50,25.938702992127777,34.14943431326458,0.0,0.0,base2,windy,fixed
1581,391,DE0 25,DE0 92,17.258998200569877,29.68039587200793,0.0,0.0,base2,windy,fixed
1582,392,DE0 250,DE0 56,3.813158938285625,7.422096936447094,0.0,0.0,base2,windy,fixed
1583,393,DE0 251,DE0 343,23.557389378184848,32.928290896630855,0.0,0.0,base2,windy,fixed
1584,394,DE0 251,DE0 385,11.293492206551498,17.419995474345278,0.0,0.0,base2,windy,fixed
1585,395,DE0 252,DE0 293,11.203726598861149,22.45675908337966,0.0,0.0,base2,windy,fixed
1586,396,DE0 252,DE0 344,6.586915604864557,13.324025920322121,0.0,0.0,base2,windy,fixed
1587,397,DE0 253,DE0 75,24.780150272971365,36.915937244745436,0.0,0.0,base2,windy,fixed
1588,398,DE0 254,DE0 283,16.71217050611793,18.885403277758307,0.0,0.0,base2,windy,fixed
1589,399,DE0 254,DE0 378,17.930582052802812,20.606519878794337,0.0,0.0,base2,windy,fixed
1590,4,DE0 0,DE0 59,26.203842908282,37.82689494343604,0.0,0.0,base2,windy,fixed
1591,40,DE0 109,DE0 162,22.331056521757866,28.478651579087828,0.0,0.0,base2,windy,fixed
1592,400,DE0 254,DE0 99,25.919178669190234,29.624198275534848,0.0,0.0,base2,windy,fixed
1593,401,DE0 255,DE0 415,15.549609002764186,17.469825570815438,0.0,0.0,base2,windy,fixed
1594,402,DE0 255,DE0 76,21.954511889058022,25.192964312671634,0.0,0.0,base2,windy,fixed
1595,403,DE0 257,DE0 328,13.8917482094387,18.420978746967098,0.0,0.0,base2,windy,fixed
1596,404,DE0 257,DE0 336,4.786185174787056,9.036282206542806,0.0,0.0,base2,windy,fixed
1597,405,DE0 257,DE0 387,1.8039862999545333,3.3228053291963344,0.0,0.0,base2,windy,fixed
1598,406,DE0 258,DE0 34,2.6634727103384894,5.686235637798567,0.0,0.0,base2,windy,fixed
1599,407,DE0 258,DE0 433,5.183131927710274,13.148991751457945,0.0,0.0,base2,windy,fixed
1600,408,DE0 26,DE0 69,8.755345625052257,16.001309186769543,0.0,0.0,base2,windy,fixed
1601,409,DE0 262,DE0 42,18.24218858749144,32.878748156037915,0.0,0.0,base2,windy,fixed
1602,41,DE0 109,DE0 215,19.813986696031648,29.400737794537356,0.0,0.0,base2,windy,fixed
1603,410,DE0 263,DE0 347,14.557951729538996,20.371090857655815,0.0,0.0,base2,windy,fixed
1604,411,DE0 263,DE0 9,12.391432047943242,18.30830399886195,0.0,0.0,base2,windy,fixed
1605,412,DE0 264,DE0 339,19.961951341758546,19.961952100972482,0.0,0.0,base2,windy,fixed
1606,413,DE0 264,DE0 363,13.449823585296105,15.42307797502013,0.0,0.0,base2,windy,fixed
1607,414,DE0 264,DE0 375,15.10477313624815,22.380525635253278,0.0,0.0,base2,windy,fixed
1608,415,DE0 265,DE0 306,5.867226046739845,10.128789827256131,0.0,0.0,base2,windy,fixed
1609,416,DE0 266,DE0 420,29.143312940982984,32.31019894791702,0.0,0.0,base2,windy,fixed
1610,417,DE0 266,DE0 67,28.919396766869802,31.77502173662785,0.0,0.0,base2,windy,fixed
1611,418,DE0 267,DE0 70,17.2145382209018,31.79340776270922,0.0,0.0,base2,windy,fixed
1612,419,DE0 268,DE0 336,2.750062618086869,4.812166350635104,0.0,0.0,base2,windy,fixed
1613,42,DE0 11,DE0 360,20.804630371316094,25.44825063486605,0.0,0.0,base2,windy,fixed
1614,420,DE0 268,DE0 361,3.3969310898194793,7.344463786327897,0.0,0.0,base2,windy,fixed
1615,421,DE0 268,DE0 366,2.260929533032828,4.7593870441177515,0.0,0.0,base2,windy,fixed
1616,422,DE0 268,DE0 95,4.005548490365377,7.989916053435015,0.0,0.0,base2,windy,fixed
1617,423,DE0 269,DE0 29,20.516902680016088,32.40166358740081,0.0,0.0,base2,windy,fixed
1618,424,DE0 27,DE0 283,3.2527382328127046,5.248918011730232,0.0,0.0,base2,windy,fixed
1619,425,DE0 27,DE0 333,5.054004307963142,10.489506722617735,0.0,0.0,base2,windy,fixed
1620,426,DE0 27,DE0 447,19.728198495560516,22.111874113614913,0.0,0.0,base2,windy,fixed
1621,427,DE0 270,DE0 350,9.997121112808859,11.492327284356566,0.0,0.0,base2,windy,fixed
1622,428,DE0 270,DE0 423,18.285910675079098,19.81933591665383,0.0,0.0,base2,windy,fixed
1623,429,DE0 270,DE0 426,21.95037680500195,24.22795067211986,0.0,0.0,base2,windy,fixed
1624,43,DE0 11,DE0 67,20.62351808502019,22.11722836046371,0.0,0.0,base2,windy,fixed
1625,430,DE0 271,DE0 61,21.935481770235885,36.311552624236434,0.0,0.0,base2,windy,fixed
1626,431,DE0 271,DE0 91,16.134356124906873,30.041663932768515,0.0,0.0,base2,windy,fixed
1627,432,DE0 272,DE0 385,1.8536354430727067,4.41865785910021,0.0,0.0,base2,windy,fixed
1628,433,DE0 272,DE0 406,1.8606732707593296,2.650903740609519,0.0,0.0,base2,windy,fixed
1629,434,DE0 273,DE0 370,8.977249753249199,11.770744784989144,0.0,0.0,base2,windy,fixed
1630,435,DE0 273,DE0 407,9.879674839982403,12.520870810785349,0.0,0.0,base2,windy,fixed
1631,436,DE0 274,DE0 28,15.820357541269795,19.06976024925258,0.0,0.0,base2,windy,fixed
1632,437,DE0 275,DE0 309,14.445159609019223,17.45965666621652,0.0,0.0,base2,windy,fixed
1633,438,DE0 276,DE0 277,5.508966595796073,6.1799616035745455,0.0,0.0,base2,windy,fixed
1634,439,DE0 276,DE0 396,4.43237948963607,5.151157672644243,0.0,0.0,base2,windy,fixed
1635,44,DE0 110,DE0 415,41.75794064499338,48.16902315734731,0.0,0.0,base2,windy,fixed
1636,440,DE0 277,DE0 369,1.2529728610275064,2.4675791215874208,0.0,0.0,base2,windy,fixed
1637,441,DE0 277,DE0 376,10.044350019518818,10.751676862974275,0.0,0.0,base2,windy,fixed
1638,442,DE0 278,DE0 296,20.48230391296845,25.27610078804822,0.0,0.0,base2,windy,fixed
1639,443,DE0 278,DE0 324,25.383820286342836,30.69194725120094,0.0,0.0,base2,windy,fixed
1640,444,DE0 279,DE0 405,4.146670896549492,7.744278781714707,0.0,0.0,base2,windy,fixed
1641,445,DE0 280,DE0 439,22.47333264252511,23.553703924820127,0.0,0.0,base2,windy,fixed
1642,446,DE0 281,DE0 346,10.834179288818873,10.88738937739911,0.0,0.0,base2,windy,fixed
1643,447,DE0 281,DE0 52,4.84684621406146,10.723887382410624,0.0,0.0,base2,windy,fixed
1644,448,DE0 282,DE0 355,21.41114768211392,24.684193064801065,0.0,0.0,base2,windy,fixed
1645,449,DE0 282,DE0 365,22.0322705186208,30.435399486213587,0.0,0.0,base2,windy,fixed
1646,45,DE0 111,DE0 435,43.242115731036186,49.60298618650163,0.0,0.0,base2,windy,fixed
1647,450,DE0 282,DE0 389,10.274415366246403,18.41000335529883,0.0,0.0,base2,windy,fixed
1648,451,DE0 283,DE0 292,9.325367474303114,14.995527814245518,0.0,0.0,base2,windy,fixed
1649,452,DE0 283,DE0 331,6.825240824881694,10.050868721434378,0.0,0.0,base2,windy,fixed
1650,453,DE0 283,DE0 378,1.9385273671376466,5.680556604287949,0.0,0.0,base2,windy,fixed
1651,454,DE0 284,DE0 308,7.44406536216913,18.486850014028334,0.0,0.0,base2,windy,fixed
1652,455,DE0 284,DE0 353,7.512881623718359,17.015350059757424,0.0,0.0,base2,windy,fixed
1653,456,DE0 285,DE0 301,8.273214955220656,15.889575719017165,0.0,0.0,base2,windy,fixed
1654,457,DE0 285,DE0 379,2.0171711554194722,3.893775760192976,0.0,0.0,base2,windy,fixed
1655,458,DE0 285,DE0 382,7.163470506281852,11.540847652393396,0.0,0.0,base2,windy,fixed
1656,459,DE0 286,DE0 347,33.95221750602268,38.09228278370202,0.0,0.0,base2,windy,fixed
1657,46,DE0 111,DE0 66,10.31931606720637,12.562965290737713,0.0,0.0,base2,windy,fixed
1658,460,DE0 287,DE0 339,2.02641395285286,2.7452988470320707,0.0,0.0,base2,windy,fixed
1659,461,DE0 287,DE0 413,4.0344319857837565,4.890675648390184,0.0,0.0,base2,windy,fixed
1660,462,DE0 287,DE0 416,2.740817425548514,3.244966829939354,0.0,0.0,base2,windy,fixed
1661,463,DE0 288,DE0 289,4.3083385108863945,7.771959773946466,0.0,0.0,base2,windy,fixed
1662,464,DE0 289,DE0 337,10.710948672310435,11.713925556348874,0.0,0.0,base2,windy,fixed
1663,465,DE0 289,DE0 401,12.714906384217075,13.715145492479419,0.0,0.0,base2,windy,fixed
1664,466,DE0 29,DE0 383,22.014516656126194,34.294087655061574,0.0,0.0,base2,windy,fixed
1665,467,DE0 290,DE0 351,30.26800121583188,39.819406660016156,0.0,0.0,base2,windy,fixed
1666,468,DE0 291,DE0 356,6.054691684924574,11.544414829003067,0.0,0.0,base2,windy,fixed
1667,469,DE0 291,DE0 433,5.477566304422915,14.543999290655002,0.0,0.0,base2,windy,fixed
1668,47,DE0 112,DE0 349,18.240684059971613,23.966505271114404,0.0,0.0,base2,windy,fixed
1669,470,DE0 292,DE0 326,14.095380039505864,18.182543716818657,0.0,0.0,base2,windy,fixed
1670,471,DE0 292,DE0 340,8.342737276366808,15.760591005681931,0.0,0.0,base2,windy,fixed
1671,472,DE0 292,DE0 430,10.5249006700923,19.35712113842439,0.0,0.0,base2,windy,fixed
1672,473,DE0 293,DE0 344,13.357888704555057,26.570214939675108,0.0,0.0,base2,windy,fixed
1673,474,DE0 293,DE0 414,6.840021121175033,13.484764208532795,0.0,0.0,base2,windy,fixed
1674,475,DE0 294,DE0 394,27.778767362035357,28.20749623315562,0.0,0.0,base2,windy,fixed
1675,476,DE0 294,DE0 395,25.905027555227033,26.296178407867387,0.0,0.0,base2,windy,fixed
1676,477,DE0 295,DE0 378,3.536057390995933,7.719307445398224,0.0,0.0,base2,windy,fixed
1677,478,DE0 296,DE0 8,7.82049627678198,15.232690291562164,0.0,0.0,base2,windy,fixed
1678,479,DE0 297,DE0 394,17.587475688262742,17.83490183813395,0.0,0.0,base2,windy,fixed
1679,48,DE0 112,DE0 391,3.053317836143889,7.477244686793363,0.0,0.0,base2,windy,fixed
1680,480,DE0 297,DE0 90,19.032893488190947,19.407331340650227,0.0,0.0,base2,windy,fixed
1681,481,DE0 298,DE0 67,29.224030831031133,29.405397663510225,0.0,0.0,base2,windy,fixed
1682,482,DE0 299,DE0 411,0.2729377655185362,0.6078883307772431,0.0,0.0,base2,windy,fixed
1683,483,DE0 299,DE0 60,1.072911989859636,3.204817468704574,0.0,0.0,base2,windy,fixed
1684,484,DE0 3,DE0 356,9.945958825979968,13.283191363322421,0.0,0.0,base2,windy,fixed
1685,485,DE0 30,DE0 399,6.494430128368836,7.402313642026018,0.0,0.0,base2,windy,fixed
1686,486,DE0 30,DE0 428,4.250814986826687,4.866734750997981,0.0,0.0,base2,windy,fixed
1687,487,DE0 30,DE0 77,20.130146267084108,23.674991728088994,0.0,0.0,base2,windy,fixed
1688,488,DE0 300,DE0 313,31.400026752498594,37.13513487376841,0.0,0.0,base2,windy,fixed
1689,489,DE0 302,DE0 447,13.364529143176501,15.112230564738368,0.0,0.0,base2,windy,fixed
1690,49,DE0 113,DE0 189,4.691831099039668,14.129280027172083,0.0,0.0,base2,windy,fixed
1691,490,DE0 302,DE0 99,21.56578111300641,24.49148166101691,0.0,0.0,base2,windy,fixed
1692,491,DE0 303,DE0 436,27.29181754625955,36.23781860176953,0.0,0.0,base2,windy,fixed
1693,492,DE0 304,DE0 98,3.2476751534417834,8.255672601751794,0.0,0.0,base2,windy,fixed
1694,493,DE0 305,DE0 313,23.852215921741475,29.09567214970643,0.0,0.0,base2,windy,fixed
1695,494,DE0 308,DE0 431,13.197227736344605,32.066146482189446,0.0,0.0,base2,windy,fixed
1696,495,DE0 31,DE0 408,15.511839479582488,18.369549574316366,0.0,0.0,base2,windy,fixed
1697,496,DE0 310,DE0 340,2.245922814369151,5.394925603660425,0.0,0.0,base2,windy,fixed
1698,497,DE0 310,DE0 430,4.3262932436826995,6.018074497719118,0.0,0.0,base2,windy,fixed
1699,498,DE0 312,DE0 364,4.798317812369551,10.381227281383218,0.0,0.0,base2,windy,fixed
1700,499,DE0 314,DE0 380,31.7598131691406,31.813278461783558,0.0,0.0,base2,windy,fixed
1701,5,DE0 0,DE0 65,6.238320611463076,28.427684811998976,0.0,0.0,base2,windy,fixed
1702,50,DE0 113,DE0 251,28.408293116070855,39.946772775448714,0.0,0.0,base2,windy,fixed
1703,500,DE0 314,DE0 86,16.853282044232895,35.38026556795797,0.0,0.0,base2,windy,fixed
1704,501,DE0 315,DE0 365,12.514358383042994,18.817519323065586,0.0,0.0,base2,windy,fixed
1705,502,DE0 315,DE0 448,5.262543904428912,12.783164473715324,0.0,0.0,base2,windy,fixed
1706,503,DE0 316,DE0 412,7.2248499489278375,15.941194806061826,0.0,0.0,base2,windy,fixed
1707,504,DE0 317,DE0 58,20.010994012829197,37.09902810893507,0.0,0.0,base2,windy,fixed
1708,505,DE0 317,DE0 81,31.371383482721487,39.2587456338501,0.0,0.0,base2,windy,fixed
1709,506,DE0 318,DE0 369,14.771091776434266,15.294499505554922,0.0,0.0,base2,windy,fixed
1710,507,DE0 318,DE0 392,32.53774356463762,33.675049967760714,0.0,0.0,base2,windy,fixed
1711,508,DE0 319,DE0 391,1.173422707031998,2.0697099257992173,0.0,0.0,base2,windy,fixed
1712,509,DE0 32,DE0 96,14.061986406040313,22.04120514554595,0.0,0.0,base2,windy,fixed
1713,51,DE0 113,DE0 33,36.93679852678154,47.39055774756937,0.0,0.0,base2,windy,fixed
1714,510,DE0 320,DE0 409,6.718338052463883,9.858179731171255,0.0,0.0,base2,windy,fixed
1715,511,DE0 320,DE0 418,6.623683802351077,9.756022547150339,0.0,0.0,base2,windy,fixed
1716,512,DE0 321,DE0 384,5.407186309012706,8.746271749464784,0.0,0.0,base2,windy,fixed
1717,513,DE0 321,DE0 412,6.77386431019929,10.247551790982957,0.0,0.0,base2,windy,fixed
1718,514,DE0 323,DE0 419,1.3753161305500567,2.043292606675591,0.0,0.0,base2,windy,fixed
1719,515,DE0 323,DE0 445,1.140925811923744,1.7607352843688109,0.0,0.0,base2,windy,fixed
1720,516,DE0 324,DE0 426,23.558525084703934,25.931950896995136,0.0,0.0,base2,windy,fixed
1721,517,DE0 326,DE0 390,10.894712160833468,14.101216399767303,0.0,0.0,base2,windy,fixed
1722,518,DE0 327,DE0 53,28.257012902225014,31.343867066879977,0.0,0.0,base2,windy,fixed
1723,519,DE0 328,DE0 336,7.8892867307938115,12.244783909214261,0.0,0.0,base2,windy,fixed
1724,52,DE0 113,DE0 343,23.827947284198174,34.59097434249681,0.0,0.0,base2,windy,fixed
1725,520,DE0 330,DE0 362,19.518429312972255,19.518430924990458,0.0,0.0,base2,windy,fixed
1726,521,DE0 330,DE0 60,11.416332626026358,16.966005067871652,0.0,0.0,base2,windy,fixed
1727,522,DE0 331,DE0 421,8.237963265914546,11.683484803905179,0.0,0.0,base2,windy,fixed
1728,523,DE0 331,DE0 446,2.773506854712986,9.759771908448771,0.0,0.0,base2,windy,fixed
1729,524,DE0 332,DE0 431,6.487999292315759,16.605781636855813,0.0,0.0,base2,windy,fixed
1730,525,DE0 333,DE0 441,6.35204270979846,12.799416615680867,0.0,0.0,base2,windy,fixed
1731,526,DE0 334,DE0 376,5.010866326964699,5.543284128120582,0.0,0.0,base2,windy,fixed
1732,527,DE0 334,DE0 416,23.096899938907292,24.598286221538693,0.0,0.0,base2,windy,fixed
1733,528,DE0 334,DE0 63,18.836906083143678,20.07779973167012,0.0,0.0,base2,windy,fixed
1734,529,DE0 336,DE0 379,6.03993995429171,9.544881629514428,0.0,0.0,base2,windy,fixed
1735,53,DE0 113,DE0 35,5.433355837915887,17.130545366729258,0.0,0.0,base2,windy,fixed
1736,530,DE0 336,DE0 412,3.1596012392994512,7.352700093407953,0.0,0.0,base2,windy,fixed
1737,531,DE0 338,DE0 379,12.70595582898402,16.3919725239276,0.0,0.0,base2,windy,fixed
1738,532,DE0 338,DE0 51,7.657938879412539,10.926342759369142,0.0,0.0,base2,windy,fixed
1739,533,DE0 339,DE0 363,3.8134619154482268,4.295709282998422,0.0,0.0,base2,windy,fixed
1740,534,DE0 339,DE0 413,1.178524070009517,1.7712883208835375,0.0,0.0,base2,windy,fixed
1741,535,DE0 339,DE0 429,2.4488558674186383,2.9562265768245095,0.0,0.0,base2,windy,fixed
1742,536,DE0 341,DE0 363,11.964104860610156,15.459416729878802,0.0,0.0,base2,windy,fixed
1743,537,DE0 341,DE0 427,9.751710618182475,11.833467395542813,0.0,0.0,base2,windy,fixed
1744,538,DE0 345,DE0 41,10.92563942110133,21.845203191192965,0.0,0.0,base2,windy,fixed
1745,539,DE0 345,DE0 414,9.109971736210072,18.848210190529183,0.0,0.0,base2,windy,fixed
1746,54,DE0 113,DE0 55,11.704885410895132,29.882436843812084,0.0,0.0,base2,windy,fixed
1747,540,DE0 346,DE0 442,20.38916061743443,20.389162380679455,0.0,0.0,base2,windy,fixed
1748,541,DE0 348,DE0 444,6.639993118235889,9.744076549195563,0.0,0.0,base2,windy,fixed
1749,542,DE0 349,DE0 4,16.53358074350515,23.514928558879884,0.0,0.0,base2,windy,fixed
1750,543,DE0 349,DE0 70,20.668077004754938,34.779200740190696,0.0,0.0,base2,windy,fixed
1751,544,DE0 35,DE0 55,13.241881425124976,30.236401584441353,0.0,0.0,base2,windy,fixed
1752,545,DE0 350,DE0 423,43.69380350608631,45.49976358748088,0.0,0.0,base2,windy,fixed
1753,546,DE0 350,DE0 75,23.662675866331853,35.41715529063479,0.0,0.0,base2,windy,fixed
1754,547,DE0 351,DE0 425,32.02052864231955,41.67183259456675,0.0,0.0,base2,windy,fixed
1755,548,DE0 353,DE0 49,7.713859267920769,16.65475644871391,0.0,0.0,base2,windy,fixed
1756,549,DE0 354,DE0 385,2.5135522017905974,3.6260443088849486,0.0,0.0,base2,windy,fixed
1757,55,DE0 113,DE0 65,4.49138993382548,12.776855420865877,0.0,0.0,base2,windy,fixed
1758,550,DE0 354,DE0 406,5.914797492380105,9.291087377379977,0.0,0.0,base2,windy,fixed
1759,551,DE0 354,DE0 98,13.30368892308382,23.008834256936698,0.0,0.0,base2,windy,fixed
1760,552,DE0 356,DE0 364,10.18248429464259,15.7704091290612,0.0,0.0,base2,windy,fixed
1761,553,DE0 356,DE0 371,3.1349095217377227,6.799544351093259,0.0,0.0,base2,windy,fixed
1762,554,DE0 356,DE0 412,4.953809964422975,10.160675178402052,0.0,0.0,base2,windy,fixed
1763,555,DE0 356,DE0 433,6.225332867400763,11.94679317710981,0.0,0.0,base2,windy,fixed
1764,556,DE0 357,DE0 439,14.420989800303543,15.103825523708636,0.0,0.0,base2,windy,fixed
1765,557,DE0 359,DE0 440,2.4620076806051316,3.620398410102548,0.0,0.0,base2,windy,fixed
1766,558,DE0 359,DE0 5,1.8000717548276244,4.839682392968003,0.0,0.0,base2,windy,fixed
1767,559,DE0 363,DE0 416,9.060247170296027,9.312027563391162,0.0,0.0,base2,windy,fixed
1768,56,DE0 114,DE0 175,38.48584661355428,53.844709922918256,0.0,0.0,base2,windy,fixed
1769,560,DE0 365,DE0 389,22.946270983773296,29.293403273157466,0.0,0.0,base2,windy,fixed
1770,561,DE0 365,DE0 448,11.002969563559244,17.91606975302538,0.0,0.0,base2,windy,fixed
1771,562,DE0 367,DE0 55,4.685125717164368,10.33750860463105,0.0,0.0,base2,windy,fixed
1772,563,DE0 367,DE0 92,11.586746253899253,27.69831585878998,0.0,0.0,base2,windy,fixed
1773,564,DE0 367,DE0 94,30.041638840708178,46.069696133838995,0.0,0.0,base2,windy,fixed
1774,565,DE0 368,DE0 424,4.6901358726384235,12.419400998426996,0.0,0.0,base2,windy,fixed
1775,566,DE0 368,DE0 7,2.880211970814639,12.307761687204271,0.0,0.0,base2,windy,fixed
1776,567,DE0 369,DE0 376,9.964622623113433,11.356530111191274,0.0,0.0,base2,windy,fixed
1777,568,DE0 372,DE0 407,10.12308306167788,12.763987969799635,0.0,0.0,base2,windy,fixed
1778,569,DE0 372,DE0 44,20.910730508757034,26.08071680904804,0.0,0.0,base2,windy,fixed
1779,57,DE0 114,DE0 181,13.929342963674038,24.35536767792123,0.0,0.0,base2,windy,fixed
1780,570,DE0 373,DE0 449,0.29420930158778313,0.3405575476510887,0.0,0.0,base2,windy,fixed
1781,571,DE0 375,DE0 382,3.900172046544148,7.90362731006482,0.0,0.0,base2,windy,fixed
1782,572,DE0 375,DE0 51,8.909847332487526,11.44960976700085,0.0,0.0,base2,windy,fixed
1783,573,DE0 376,DE0 437,15.869150096769728,16.3805245858781,0.0,0.0,base2,windy,fixed
1784,574,DE0 377,DE0 414,11.451907358264258,22.686747098624956,0.0,0.0,base2,windy,fixed
1785,575,DE0 378,DE0 404,20.85977753806946,24.344572013841418,0.0,0.0,base2,windy,fixed
1786,576,DE0 38,DE0 58,15.379150933408928,21.26477617543121,0.0,0.0,base2,windy,fixed
1787,577,DE0 381,DE0 74,10.580345371476495,15.126304690354116,0.0,0.0,base2,windy,fixed
1788,578,DE0 382,DE0 412,5.883285645234023,9.30722162288676,0.0,0.0,base2,windy,fixed
1789,579,DE0 383,DE0 432,8.88628072846322,23.94923145432947,0.0,0.0,base2,windy,fixed
1790,58,DE0 115,DE0 12,19.254124247453618,23.75394168127582,0.0,0.0,base2,windy,fixed
1791,580,DE0 383,DE0 434,7.35473623086102,14.917881981155423,0.0,0.0,base2,windy,fixed
1792,581,DE0 383,DE0 97,16.752792674931648,29.144019480972545,0.0,0.0,base2,windy,fixed
1793,582,DE0 386,DE0 99,11.189950115760334,19.95528810360819,0.0,0.0,base2,windy,fixed
1794,583,DE0 387,DE0 412,1.2798292084172773,2.2850797873562563,0.0,0.0,base2,windy,fixed
1795,584,DE0 388,DE0 57,14.623438664835428,18.069916666069734,0.0,0.0,base2,windy,fixed
1796,585,DE0 39,DE0 425,16.941543166586513,31.981431615691214,0.0,0.0,base2,windy,fixed
1797,586,DE0 39,DE0 438,16.126988023216995,30.668509378587693,0.0,0.0,base2,windy,fixed
1798,587,DE0 390,DE0 5,12.788270475451188,20.371923747643084,0.0,0.0,base2,windy,fixed
1799,588,DE0 391,DE0 417,2.2138096149224378,5.311108292202237,0.0,0.0,base2,windy,fixed
1800,589,DE0 393,DE0 403,6.373800320238115,11.640988442151118,0.0,0.0,base2,windy,fixed
1801,59,DE0 115,DE0 398,22.766844561295223,31.84930527243688,0.0,0.0,base2,windy,fixed
1802,590,DE0 394,DE0 395,27.149850370526124,27.14985287823219,0.0,0.0,base2,windy,fixed
1803,591,DE0 394,DE0 443,17.643556872782064,17.931495847861157,0.0,0.0,base2,windy,fixed
1804,592,DE0 395,DE0 437,8.086967428363284,8.309766156355252,0.0,0.0,base2,windy,fixed
1805,593,DE0 396,DE0 416,14.621682924273863,15.61468928292141,0.0,0.0,base2,windy,fixed
1806,594,DE0 398,DE0 58,38.540024992124906,54.87929675514399,0.0,0.0,base2,windy,fixed
1807,595,DE0 398,DE0 81,15.460457788820719,22.578022775709332,0.0,0.0,base2,windy,fixed
1808,596,DE0 4,DE0 97,33.33394029329491,39.434839804411375,0.0,0.0,base2,windy,fixed
1809,597,DE0 40,DE0 410,19.055802120939656,24.43405885278204,0.0,0.0,base2,windy,fixed
1810,598,DE0 400,DE0 56,3.3871905617101157,7.859562235396182,0.0,0.0,base2,windy,fixed
1811,599,DE0 401,DE0 427,15.11731119470007,16.26384447607249,0.0,0.0,base2,windy,fixed
1812,6,DE0 0,DE0 83,20.730370961142043,30.141560638533882,0.0,0.0,base2,windy,fixed
1813,60,DE0 115,DE0 46,51.72574741675707,67.20262129003491,9.0,0.0,base2,windy,fixed
1814,600,DE0 402,DE0 446,5.650762051500424,19.868933935471283,0.0,0.0,base2,windy,fixed
1815,601,DE0 404,DE0 84,9.615502289141169,11.308752158531792,0.0,0.0,base2,windy,fixed
1816,602,DE0 405,DE0 79,3.902581144589733,7.584023001324976,0.0,0.0,base2,windy,fixed
1817,603,DE0 409,DE0 444,13.271778289069703,19.47162258744735,0.0,0.0,base2,windy,fixed
1818,604,DE0 41,DE0 79,24.919003979107345,44.67154872694478,0.0,0.0,base2,windy,fixed
1819,605,DE0 415,DE0 53,54.33705108714616,58.8073298122797,0.0,0.0,base2,windy,fixed
1820,606,DE0 415,DE0 76,22.80639232156379,26.076280804605002,0.0,0.0,base2,windy,fixed
1821,607,DE0 416,DE0 63,16.653854681424672,17.709862023619436,0.0,0.0,base2,windy,fixed
1822,608,DE0 421,DE0 84,14.971329821046472,21.83044481689575,0.0,0.0,base2,windy,fixed
1823,609,DE0 43,DE0 96,6.725422086845861,17.925853497323196,0.0,0.0,base2,windy,fixed
1824,61,DE0 115,DE0 81,22.78697292921591,31.837996001074227,0.0,0.0,base2,windy,fixed
1825,610,DE0 430,DE0 5,0.6921658432419008,1.757304632557023,0.0,0.0,base2,windy,fixed
1826,611,DE0 435,DE0 52,2.9489231809796306,7.50322121018066,0.0,0.0,base2,windy,fixed
1827,612,DE0 435,DE0 6,31.29963556719329,36.73130111267241,0.0,0.0,base2,windy,fixed
1828,613,DE0 435,DE0 89,14.673036092062135,16.73598465799747,0.0,0.0,base2,windy,fixed
1829,614,DE0 440,DE0 5,3.7517862120888568,8.865320953585526,0.0,0.0,base2,windy,fixed
1830,615,DE0 443,DE0 90,12.51429694564198,12.75486818946225,0.0,0.0,base2,windy,fixed
1831,616,DE0 46,DE0 93,47.836483330221654,64.58832385444884,6.0,0.0,base2,windy,fixed
1832,617,DE0 46,DE0 94,34.74469469463901,53.43889412379853,0.0,0.0,base2,windy,fixed
1833,618,DE0 50,DE0 99,6.641915391476506,29.130594093074937,0.0,0.0,base2,windy,fixed
1834,619,DE0 58,DE0 72,29.66274461583065,33.82177885835014,0.0,0.0,base2,windy,fixed
1835,62,DE0 116,DE0 185,2.051674903295326,4.3058121375080285,0.0,0.0,base2,windy,fixed
1836,620,DE0 60,DE0 85,3.7453811102586005,10.06728840579489,0.0,0.0,base2,windy,fixed
1837,621,DE0 61,DE0 91,27.773620069711452,42.860303128113124,0.0,0.0,base2,windy,fixed
1838,622,DE0 61,DE0 96,65.81780094226708,68.2361602820685,20.0,0.0,base2,windy,fixed
1839,623,DE0 64,DE0 86,20.094066290498596,41.71030796266598,0.0,0.0,base2,windy,fixed
1840,624,DE0 7,DE0 80,7.9991671779372515,16.40042725510364,0.0,0.0,base2,windy,fixed
1841,625,DE0 71,DE0 96,27.896392282604182,42.17403626134268,0.0,0.0,base2,windy,fixed
1842,626,DE0 74,DE0 88,15.980635675072067,20.46034485317654,0.0,0.0,base2,windy,fixed
1843,627,DE0 83,DE0 86,15.149069496644588,37.93033985625418,0.0,0.0,base2,windy,fixed
1844,63,DE0 116,DE0 190,10.042459499104485,23.014662845046757,0.0,0.0,base2,windy,fixed
1845,64,DE0 116,DE0 330,16.193566131724992,26.705232082925583,0.0,0.0,base2,windy,fixed
1846,65,DE0 117,DE0 203,17.891455832610966,18.467091469359595,0.0,0.0,base2,windy,fixed
1847,66,DE0 117,DE0 227,47.61361395878918,50.637265043087886,0.0,0.0,base2,windy,fixed
1848,67,DE0 118,DE0 145,25.924869376655824,34.22605191914567,0.0,0.0,base2,windy,fixed
1849,68,DE0 118,DE0 2,34.51020488435295,41.810663292839614,0.0,0.0,base2,windy,fixed
1850,69,DE0 119,DE0 149,7.917529666892629,8.254699186817982,0.0,0.0,base2,windy,fixed
1851,7,DE0 0,DE0 93,11.99025048557805,19.584565711242885,0.0,0.0,base2,windy,fixed
1852,70,DE0 119,DE0 198,22.826059370510666,25.115866009064348,0.0,0.0,base2,windy,fixed
1853,71,DE0 119,DE0 442,11.461957252181474,11.583169256218516,0.0,0.0,base2,windy,fixed
1854,72,DE0 12,DE0 96,19.425071095491766,23.40746471553966,0.0,0.0,base2,windy,fixed
1855,73,DE0 120,DE0 2,17.28644437409771,29.171426305801916,0.0,0.0,base2,windy,fixed
1856,74,DE0 120,DE0 72,28.850533477201708,40.840296876283084,0.0,0.0,base2,windy,fixed
1857,75,DE0 121,DE0 290,5.889346448294779,9.083183680153894,0.0,0.0,base2,windy,fixed
1858,76,DE0 121,DE0 370,7.518577798251225,10.437163879160675,0.0,0.0,base2,windy,fixed
1859,77,DE0 122,DE0 226,15.620863601285373,37.95862211854361,0.0,0.0,base2,windy,fixed
1860,78,DE0 122,DE0 261,16.25657316444967,27.737591209442137,0.0,0.0,base2,windy,fixed
1861,79,DE0 122,DE0 64,15.790420284797088,33.31894752345858,0.0,0.0,base2,windy,fixed
1862,8,DE0 1,DE0 110,37.75691757577794,43.92059485603942,0.0,0.0,base2,windy,fixed
1863,80,DE0 122,DE0 86,18.794430870142644,40.06829910081458,0.0,0.0,base2,windy,fixed
1864,81,DE0 123,DE0 307,3.1633042923800434,6.142202294510072,0.0,0.0,base2,windy,fixed
1865,82,DE0 123,DE0 325,1.6525209744508302,4.318089304577711,0.0,0.0,base2,windy,fixed
1866,83,DE0 124,DE0 240,17.25343236800164,17.857218223855327,0.0,0.0,base2,windy,fixed
1867,84,DE0 124,DE0 374,29.177826317736532,29.17783087276972,0.0,0.0,base2,windy,fixed
1868,85,DE0 124,DE0 77,26.234651344977706,27.635164385685318,0.0,0.0,base2,windy,fixed
1869,86,DE0 124,DE0 90,26.143236478698935,26.610431322338574,0.0,0.0,base2,windy,fixed
1870,87,DE0 125,DE0 233,10.154540514015459,16.56208774308232,0.0,0.0,base2,windy,fixed
1871,88,DE0 125,DE0 271,22.205272175587996,38.372940095599105,0.0,0.0,base2,windy,fixed
1872,89,DE0 126,DE0 181,6.42997857600615,10.47380439349848,0.0,0.0,base2,windy,fixed
1873,9,DE0 1,DE0 131,20.637057394166668,32.172525207835115,0.0,0.0,base2,windy,fixed
1874,90,DE0 126,DE0 250,8.833343881853793,21.77951462835148,0.0,0.0,base2,windy,fixed
1875,91,DE0 127,DE0 22,10.89662623281072,20.9312603562544,0.0,0.0,base2,windy,fixed
1876,92,DE0 127,DE0 233,7.770835755985071,22.074203661520308,0.0,0.0,base2,windy,fixed
1877,93,DE0 127,DE0 271,10.110279348353616,26.93026913949752,0.0,0.0,base2,windy,fixed
1878,94,DE0 128,DE0 174,27.84226534956374,43.47855730295687,0.0,0.0,base2,windy,fixed
1879,95,DE0 128,DE0 175,10.970604625448106,24.64817013520314,0.0,0.0,base2,windy,fixed
1880,96,DE0 129,DE0 330,17.84981362068857,19.543917019820555,0.0,0.0,base2,windy,fixed
1881,97,DE0 129,DE0 390,2.946065087560058,5.57879148137255,0.0,0.0,base2,windy,fixed
1882,98,DE0 13,DE0 329,33.86382545026367,53.59272114026277,0.0,0.0,base2,windy,fixed
1883,99,DE0 13,DE0 69,50.6179574237235,52.28281177943713,0.0,0.0,base2,windy,fixed
1884,0,DE0 0,DE0 281,27.03189510993041,49.59042026582385,0.0,0.0,baseTP,notwindy,projects
1885,1,DE0 0,DE0 86,48.62469659755105,48.636187946725116,0.0,0.0,baseTP,notwindy,projects
1886,10,DE0 100,DE0 88,16.43451796378608,32.17803070378527,0.0,0.0,baseTP,notwindy,projects
1887,100,DE0 129,DE0 259,36.107176132700296,51.52921452160992,0.0,0.0,baseTP,notwindy,projects
1888,101,DE0 129,DE0 32,27.212346991917435,33.32454689255852,0.0,0.0,baseTP,notwindy,projects
1889,102,DE0 129,DE0 75,6.516685005176077,10.808273382082195,0.0,0.0,baseTP,notwindy,projects
1890,103,DE0 13,DE0 215,5.292429335221555,19.183627325383235,0.0,0.0,baseTP,notwindy,projects
1891,104,DE0 13,DE0 249,12.914350075098602,45.087217617179554,0.0,0.0,baseTP,notwindy,projects
1892,105,DE0 130,DE0 144,5.438231050547946,10.085391897389435,0.0,0.0,baseTP,notwindy,projects
1893,106,DE0 130,DE0 23,15.214108540810937,30.41157148036275,0.0,0.0,baseTP,notwindy,projects
1894,107,DE0 130,DE0 274,7.314339791649177,16.36291664512864,0.0,0.0,baseTP,notwindy,projects
1895,108,DE0 131,DE0 373,18.608210765063756,19.539856278650056,0.0,0.0,baseTP,notwindy,projects
1896,109,DE0 131,DE0 89,5.442283101237512,11.403415060511326,0.0,0.0,baseTP,notwindy,projects
1897,11,DE0 101,DE0 195,7.5813608846776726,18.5178693832337,0.0,0.0,baseTP,notwindy,projects
1898,110,DE0 132,DE0 198,28.559864986465005,32.16298365116308,0.0,0.0,baseTP,notwindy,projects
1899,111,DE0 132,DE0 211,11.849978698916631,35.938077436086104,0.0,0.0,baseTP,notwindy,projects
1900,112,DE0 133,DE0 278,6.951183336684741,22.895257296382297,0.0,0.0,baseTP,notwindy,projects
1901,113,DE0 133,DE0 295,6.933144539056375,18.10383282384865,0.0,0.0,baseTP,notwindy,projects
1902,114,DE0 134,DE0 171,3.0682213620690875,7.553393391783837,0.0,0.0,baseTP,notwindy,projects
1903,115,DE0 134,DE0 192,3.2537874641791427,10.114394968583024,0.0,0.0,baseTP,notwindy,projects
1904,116,DE0 134,DE0 245,4.020728214312943,9.097541472848802,0.0,0.0,baseTP,notwindy,projects
1905,117,DE0 134,DE0 400,3.3783493523660586,9.086496010852215,0.0,0.0,baseTP,notwindy,projects
1906,118,DE0 134,DE0 65,13.508414172173325,40.37070146506691,0.0,0.0,baseTP,notwindy,projects
1907,119,DE0 135,DE0 252,12.726756040116385,15.60112035376704,0.0,0.0,baseTP,notwindy,projects
1908,12,DE0 101,DE0 393,11.063676082961702,22.18543547926298,0.0,0.0,baseTP,notwindy,projects
1909,120,DE0 135,DE0 436,13.724739582603931,16.759657352807057,0.0,0.0,baseTP,notwindy,projects
1910,121,DE0 136,DE0 244,4.732114386966569,7.752748240293003,0.0,0.0,baseTP,notwindy,projects
1911,122,DE0 136,DE0 271,6.688874439716443,9.43276852432772,0.0,0.0,baseTP,notwindy,projects
1912,123,DE0 137,DE0 228,10.946438694181438,34.82034841263836,0.0,0.0,baseTP,notwindy,projects
1913,124,DE0 137,DE0 273,10.691088951286403,16.5107541042557,0.0,0.0,baseTP,notwindy,projects
1914,125,DE0 137,DE0 350,9.57777442281731,15.984134682832234,0.0,0.0,baseTP,notwindy,projects
1915,126,DE0 137,DE0 357,14.608690648428487,24.93208161316069,0.0,0.0,baseTP,notwindy,projects
1916,127,DE0 138,DE0 204,52.19328597841565,68.80648825636374,13.0,0.0,baseTP,notwindy,projects
1917,128,DE0 138,DE0 36,23.167878897065286,55.780179500519246,0.0,0.0,baseTP,notwindy,projects
1918,129,DE0 138,DE0 422,8.964282488931625,18.635664121298213,0.0,0.0,baseTP,notwindy,projects
1919,13,DE0 102,DE0 253,5.1621939399004635,16.99773349189983,0.0,0.0,baseTP,notwindy,projects
1920,130,DE0 139,DE0 197,14.742599711808657,47.216070349745074,0.0,0.0,baseTP,notwindy,projects
1921,131,DE0 139,DE0 423,11.086979888880261,23.259414002670532,0.0,0.0,baseTP,notwindy,projects
1922,132,DE0 139,DE0 44,26.085628406092283,60.525890130032245,2.0,0.0,baseTP,notwindy,projects
1923,133,DE0 139,DE0 56,28.556987749027513,54.44564602423178,0.0,0.0,baseTP,notwindy,projects
1924,134,DE0 139,DE0 58,6.569376218498429,21.314146580815425,0.0,0.0,baseTP,notwindy,projects
1925,135,DE0 139,DE0 85,6.908467145287483,10.660334346756837,0.0,0.0,baseTP,notwindy,projects
1926,136,DE0 14,DE0 195,7.50567492365895,33.46900096842839,0.0,0.0,baseTP,notwindy,projects
1927,137,DE0 14,DE0 54,9.126872947186996,30.083016500930427,0.0,0.0,baseTP,notwindy,projects
1928,138,DE0 140,DE0 19,14.251178305506985,25.203211746420834,0.0,0.0,baseTP,notwindy,projects
1929,139,DE0 140,DE0 248,14.65744923889324,18.362212427717523,0.0,0.0,baseTP,notwindy,projects
1930,14,DE0 102,DE0 415,4.873344632852735,16.495401236788602,0.0,0.0,baseTP,notwindy,projects
1931,140,DE0 141,DE0 294,12.52946685748697,18.672574589379707,0.0,0.0,baseTP,notwindy,projects
1932,141,DE0 141,DE0 319,8.496649499871408,13.533958359159604,0.0,0.0,baseTP,notwindy,projects
1933,142,DE0 142,DE0 145,10.313861811739717,19.075810118534122,0.0,0.0,baseTP,notwindy,projects
1934,143,DE0 142,DE0 308,7.6502069949482765,13.414960435344767,0.0,0.0,baseTP,notwindy,projects
1935,144,DE0 143,DE0 234,12.406893113020756,26.703424021301853,0.0,0.0,baseTP,notwindy,projects
1936,145,DE0 144,DE0 262,11.936873816516513,31.80915260143925,0.0,0.0,baseTP,notwindy,projects
1937,146,DE0 144,DE0 36,15.49783977465864,44.20099307095848,0.0,0.0,baseTP,notwindy,projects
1938,147,DE0 145,DE0 35,8.94124044226872,28.271535694966953,0.0,0.0,baseTP,notwindy,projects
1939,148,DE0 145,DE0 51,7.291878853395667,25.585072119269597,0.0,0.0,baseTP,notwindy,projects
1940,149,DE0 146,DE0 321,22.46683961097483,32.45937118832487,0.0,0.0,baseTP,notwindy,projects
1941,15,DE0 102,DE0 99,11.788088767786565,55.19684574285666,0.0,0.0,baseTP,notwindy,projects
1942,150,DE0 146,DE0 411,11.940575130576569,23.63307383272628,0.0,0.0,baseTP,notwindy,projects
1943,151,DE0 146,DE0 42,13.066146465897468,20.308037750421086,0.0,0.0,baseTP,notwindy,projects
1944,152,DE0 146,DE0 69,20.924156831506004,41.82804552777424,0.0,0.0,baseTP,notwindy,projects
1945,153,DE0 147,DE0 183,13.29506218438652,45.23317722571185,0.0,0.0,baseTP,notwindy,projects
1946,154,DE0 147,DE0 222,12.18509722875338,40.809447454166616,0.0,0.0,baseTP,notwindy,projects
1947,155,DE0 148,DE0 172,8.218671874806311,11.281821178457138,0.0,0.0,baseTP,notwindy,projects
1948,156,DE0 148,DE0 238,10.60035152231825,14.76883009337932,0.0,0.0,baseTP,notwindy,projects
1949,157,DE0 148,DE0 250,1.7608062480287876,5.863329536156495,0.0,0.0,baseTP,notwindy,projects
1950,158,DE0 148,DE0 429,0.7073096087241904,1.7015077361138928,0.0,0.0,baseTP,notwindy,projects
1951,159,DE0 148,DE0 432,4.305103809312314,7.250751756656001,0.0,0.0,baseTP,notwindy,projects
1952,16,DE0 103,DE0 202,4.179485544788934,10.719085835831766,0.0,0.0,baseTP,notwindy,projects
1953,160,DE0 148,DE0 53,7.742738812152868,10.554177837310283,0.0,0.0,baseTP,notwindy,projects
1954,161,DE0 149,DE0 267,3.23317631105057,12.038963129861468,0.0,0.0,baseTP,notwindy,projects
1955,162,DE0 149,DE0 335,2.081249257358571,6.140863852249315,0.0,0.0,baseTP,notwindy,projects
1956,163,DE0 15,DE0 364,10.950761897370459,16.95544043726603,0.0,0.0,baseTP,notwindy,projects
1957,164,DE0 15,DE0 409,24.439189036602464,31.825320772297566,0.0,0.0,baseTP,notwindy,projects
1958,165,DE0 150,DE0 21,19.03321443138531,53.273453445204154,0.0,0.0,baseTP,notwindy,projects
1959,166,DE0 150,DE0 410,20.919131501487158,58.316841066041235,0.0,0.0,baseTP,notwindy,projects
1960,167,DE0 151,DE0 405,8.326958558641786,13.821870320976581,0.0,0.0,baseTP,notwindy,projects
1961,168,DE0 151,DE0 79,7.5746219541485065,14.625940601254673,0.0,0.0,baseTP,notwindy,projects
1962,169,DE0 152,DE0 351,12.360715946888833,40.10337023902505,0.0,0.0,baseTP,notwindy,projects
1963,17,DE0 103,DE0 428,5.163798376324164,8.02180693949322,0.0,0.0,baseTP,notwindy,projects
1964,170,DE0 153,DE0 315,8.500405683121382,15.104843710190474,0.0,0.0,baseTP,notwindy,projects
1965,171,DE0 153,DE0 79,10.79763912374621,15.57610187759146,0.0,0.0,baseTP,notwindy,projects
1966,172,DE0 155,DE0 265,11.224603222794544,31.106477413112582,0.0,0.0,baseTP,notwindy,projects
1967,173,DE0 155,DE0 277,9.363858921707102,24.677329528073614,0.0,0.0,baseTP,notwindy,projects
1968,174,DE0 156,DE0 306,23.022692271153,36.94929255213782,0.0,0.0,baseTP,notwindy,projects
1969,175,DE0 156,DE0 309,7.501530613320077,16.47959842782906,0.0,0.0,baseTP,notwindy,projects
1970,176,DE0 156,DE0 382,22.76002578318911,32.88074749112086,0.0,0.0,baseTP,notwindy,projects
1971,177,DE0 156,DE0 430,16.00675456235099,25.601412703441827,0.0,0.0,baseTP,notwindy,projects
1972,178,DE0 157,DE0 158,7.541318673064934,19.468456185281664,0.0,0.0,baseTP,notwindy,projects
1973,179,DE0 157,DE0 3,23.80150839700642,67.04513044273185,4.0,0.0,baseTP,notwindy,projects
1974,18,DE0 103,DE0 9,8.144776389220716,21.600605069694932,0.0,0.0,baseTP,notwindy,projects
1975,180,DE0 157,DE0 45,8.011042453432486,19.953718128688955,0.0,0.0,baseTP,notwindy,projects
1976,181,DE0 157,DE0 94,2.4050299270395477,9.147624813129607,0.0,0.0,baseTP,notwindy,projects
1977,182,DE0 158,DE0 18,22.736622084978098,28.591400546802753,0.0,0.0,baseTP,notwindy,projects
1978,183,DE0 158,DE0 209,6.164744329947867,10.45103817499098,0.0,0.0,baseTP,notwindy,projects
1979,184,DE0 158,DE0 322,17.65378382251341,36.405589255427635,0.0,0.0,baseTP,notwindy,projects
1980,185,DE0 158,DE0 361,7.080680826900084,20.755137512004378,0.0,0.0,baseTP,notwindy,projects
1981,186,DE0 158,DE0 378,17.726043587897998,53.71140899354538,0.0,0.0,baseTP,notwindy,projects
1982,187,DE0 158,DE0 55,6.955880739606957,20.33162514083915,0.0,0.0,baseTP,notwindy,projects
1983,188,DE0 158,DE0 86,16.8964953625827,33.835945983738824,0.0,0.0,baseTP,notwindy,projects
1984,189,DE0 158,DE0 90,17.912834170383395,58.42853984271185,0.0,0.0,baseTP,notwindy,projects
1985,19,DE0 104,DE0 125,36.62405729755579,57.92663759956055,0.0,0.0,baseTP,notwindy,projects
1986,190,DE0 159,DE0 253,10.690670512035561,40.99801271467461,0.0,0.0,baseTP,notwindy,projects
1987,191,DE0 159,DE0 29,4.14590150237984,14.183717290455512,0.0,0.0,baseTP,notwindy,projects
1988,192,DE0 16,DE0 197,8.634398835299551,19.84530429945405,0.0,0.0,baseTP,notwindy,projects
1989,193,DE0 16,DE0 423,7.7958460292912495,23.951276517320913,0.0,0.0,baseTP,notwindy,projects
1990,194,DE0 160,DE0 202,4.12703394501755,8.68232774522723,0.0,0.0,baseTP,notwindy,projects
1991,195,DE0 160,DE0 280,3.6073181624902038,6.6796795438080565,0.0,0.0,baseTP,notwindy,projects
1992,196,DE0 160,DE0 423,3.9287472356619837,7.214085512364209,0.0,0.0,baseTP,notwindy,projects
1993,197,DE0 161,DE0 320,11.250436866995043,14.187709184562086,0.0,0.0,baseTP,notwindy,projects
1994,198,DE0 161,DE0 385,14.562222877554337,18.434889544026895,0.0,0.0,baseTP,notwindy,projects
1995,199,DE0 162,DE0 341,13.33435704346346,21.329098210768795,0.0,0.0,baseTP,notwindy,projects
1996,2,DE0 0,DE0 90,9.980847572829333,33.513101609934196,0.0,0.0,baseTP,notwindy,projects
1997,20,DE0 104,DE0 297,13.390759353821988,29.25382026514645,0.0,0.0,baseTP,notwindy,projects
1998,200,DE0 162,DE0 389,10.607756449164125,17.741285996179577,0.0,0.0,baseTP,notwindy,projects
1999,201,DE0 163,DE0 361,20.431706484051222,54.23293084781121,0.0,0.0,baseTP,notwindy,projects
2000,202,DE0 163,DE0 43,16.084316352036232,42.667689899020075,0.0,0.0,baseTP,notwindy,projects
2001,203,DE0 164,DE0 250,2.8915348269145937,6.253110107387724,0.0,0.0,baseTP,notwindy,projects
2002,204,DE0 164,DE0 387,3.004323983071762,6.537261314256365,0.0,0.0,baseTP,notwindy,projects
2003,205,DE0 165,DE0 50,11.720815904009624,20.38637019932764,0.0,0.0,baseTP,notwindy,projects
2004,206,DE0 165,DE0 8,8.878539787359683,14.46059247950012,0.0,0.0,baseTP,notwindy,projects
2005,207,DE0 166,DE0 206,18.829946441591698,47.04801384075231,0.0,0.0,baseTP,notwindy,projects
2006,208,DE0 166,DE0 274,10.474870398255053,26.56300542257301,0.0,0.0,baseTP,notwindy,projects
2007,209,DE0 166,DE0 36,15.516026226024158,42.4517502461492,0.0,0.0,baseTP,notwindy,projects
2008,21,DE0 104,DE0 389,11.2092072180144,34.24765109745335,0.0,0.0,baseTP,notwindy,projects
2009,210,DE0 166,DE0 97,2.596017121568514,5.071214124805777,0.0,0.0,baseTP,notwindy,projects
2010,211,DE0 167,DE0 224,7.211632062748594,9.73427535425684,0.0,0.0,baseTP,notwindy,projects
2011,212,DE0 167,DE0 226,13.804978030828083,27.777109439659565,0.0,0.0,baseTP,notwindy,projects
2012,213,DE0 167,DE0 33,5.6328951926747,7.153870287476338,0.0,0.0,baseTP,notwindy,projects
2013,214,DE0 167,DE0 388,6.99212494709272,17.954830477949052,0.0,0.0,baseTP,notwindy,projects
2014,215,DE0 167,DE0 48,13.57400815781662,26.462864611036263,0.0,0.0,baseTP,notwindy,projects
2015,216,DE0 168,DE0 310,7.349257978073687,10.57615244049622,0.0,0.0,baseTP,notwindy,projects
2016,217,DE0 168,DE0 312,9.73304908079355,18.463549844253794,0.0,0.0,baseTP,notwindy,projects
2017,218,DE0 168,DE0 421,3.9934070329237645,9.544031919357113,0.0,0.0,baseTP,notwindy,projects
2018,219,DE0 168,DE0 84,13.217400069562753,21.892264978050992,0.0,0.0,baseTP,notwindy,projects
2019,22,DE0 104,DE0 4,9.109361884399233,19.830335841460027,0.0,0.0,baseTP,notwindy,projects
2020,220,DE0 169,DE0 263,13.044781711099173,27.454698638937526,0.0,0.0,baseTP,notwindy,projects
2021,221,DE0 169,DE0 427,11.418994756073483,29.54028494217555,0.0,0.0,baseTP,notwindy,projects
2022,222,DE0 17,DE0 205,26.53975426404559,43.060863637324296,0.0,0.0,baseTP,notwindy,projects
2023,223,DE0 17,DE0 259,12.15055541082672,27.642255967427403,0.0,0.0,baseTP,notwindy,projects
2024,224,DE0 170,DE0 42,1.875866996567443,4.4649572528827095,0.0,0.0,baseTP,notwindy,projects
2025,225,DE0 170,DE0 56,1.8657109692465326,4.00536476999851,0.0,0.0,baseTP,notwindy,projects
2026,226,DE0 171,DE0 9,4.413042194838285,9.29998038376005,0.0,0.0,baseTP,notwindy,projects
2027,227,DE0 172,DE0 214,11.500565438500002,15.440497786255378,0.0,0.0,baseTP,notwindy,projects
2028,228,DE0 172,DE0 270,17.706218882042833,25.833494062599822,0.0,0.0,baseTP,notwindy,projects
2029,229,DE0 172,DE0 296,28.37849781808138,34.68070341128585,0.0,0.0,baseTP,notwindy,projects
2030,23,DE0 105,DE0 181,5.341958361193338,8.033740910173586,0.0,0.0,baseTP,notwindy,projects
2031,230,DE0 173,DE0 26,12.257545546872677,21.51165539289794,0.0,0.0,baseTP,notwindy,projects
2032,231,DE0 173,DE0 286,5.538090591924838,14.426587052704374,0.0,0.0,baseTP,notwindy,projects
2033,232,DE0 173,DE0 307,14.723986546151338,22.691969418273715,0.0,0.0,baseTP,notwindy,projects
2034,233,DE0 173,DE0 337,4.726439535317326,16.30065875839659,0.0,0.0,baseTP,notwindy,projects
2035,234,DE0 174,DE0 273,1.4083719297308241,1.6895483610694946,0.0,0.0,baseTP,notwindy,projects
2036,235,DE0 174,DE0 397,0.859804704613877,1.0166464721814568,0.0,0.0,baseTP,notwindy,projects
2037,236,DE0 175,DE0 413,2.488380291935427,4.018905291636205,0.0,0.0,baseTP,notwindy,projects
2038,237,DE0 175,DE0 54,2.1790644520357825,3.787095196967473,0.0,0.0,baseTP,notwindy,projects
2039,238,DE0 176,DE0 357,7.190169802660945,19.244946769425482,0.0,0.0,baseTP,notwindy,projects
2040,239,DE0 176,DE0 382,12.168957231463057,18.88312417714577,0.0,0.0,baseTP,notwindy,projects
2041,24,DE0 105,DE0 211,1.554501116749119,5.856928772936801,0.0,0.0,baseTP,notwindy,projects
2042,240,DE0 177,DE0 231,2.901824454180553,5.152275463852361,0.0,0.0,baseTP,notwindy,projects
2043,241,DE0 177,DE0 355,5.161488728302993,9.79540626289468,0.0,0.0,baseTP,notwindy,projects
2044,242,DE0 177,DE0 380,3.410328038021145,5.715850537540021,0.0,0.0,baseTP,notwindy,projects
2045,243,DE0 178,DE0 215,1.7755773605186775,8.943088065041364,0.0,0.0,baseTP,notwindy,projects
2046,244,DE0 178,DE0 83,1.6823300995851533,10.211445873021285,0.0,0.0,baseTP,notwindy,projects
2047,245,DE0 179,DE0 324,5.630130108182385,16.659876379078582,0.0,0.0,baseTP,notwindy,projects
2048,246,DE0 179,DE0 403,10.61446146248206,15.118734749058396,0.0,0.0,baseTP,notwindy,projects
2049,247,DE0 18,DE0 99,14.395468656555845,20.214127110684714,0.0,0.0,baseTP,notwindy,projects
2050,248,DE0 180,DE0 376,7.5483208131131585,17.263897528211903,0.0,0.0,baseTP,notwindy,projects
2051,249,DE0 180,DE0 63,6.945344439949085,14.894885554729697,0.0,0.0,baseTP,notwindy,projects
2052,25,DE0 105,DE0 445,5.673538384284325,14.921077514829689,0.0,0.0,baseTP,notwindy,projects
2053,250,DE0 181,DE0 236,7.102092091593347,11.071712629815822,0.0,0.0,baseTP,notwindy,projects
2054,251,DE0 182,DE0 52,3.0746491818626653,7.8567408932528755,0.0,0.0,baseTP,notwindy,projects
2055,252,DE0 183,DE0 351,21.996176392001406,41.814832023570226,0.0,0.0,baseTP,notwindy,projects
2056,253,DE0 184,DE0 229,7.880442823855101,12.032772491296027,0.0,0.0,baseTP,notwindy,projects
2057,254,DE0 184,DE0 295,7.947843440116692,14.439845427675044,0.0,0.0,baseTP,notwindy,projects
2058,255,DE0 185,DE0 283,11.219550422028151,27.45422738258267,0.0,0.0,baseTP,notwindy,projects
2059,256,DE0 185,DE0 328,2.5188738843877845,7.436129174305011,0.0,0.0,baseTP,notwindy,projects
2060,257,DE0 185,DE0 400,4.454556204612834,14.627358606818108,0.0,0.0,baseTP,notwindy,projects
2061,258,DE0 186,DE0 55,10.423168722216552,29.95312627642157,0.0,0.0,baseTP,notwindy,projects
2062,259,DE0 186,DE0 99,12.871897542724698,23.16599836770261,0.0,0.0,baseTP,notwindy,projects
2063,26,DE0 106,DE0 182,8.19790273983285,13.679857682287247,0.0,0.0,baseTP,notwindy,projects
2064,260,DE0 187,DE0 56,20.054946669209915,29.74364352387892,0.0,0.0,baseTP,notwindy,projects
2065,261,DE0 188,DE0 217,16.677624408752415,19.145473649869395,0.0,0.0,baseTP,notwindy,projects
2066,262,DE0 188,DE0 68,31.296221109296614,35.46927362972512,0.0,0.0,baseTP,notwindy,projects
2067,263,DE0 189,DE0 316,6.637890682739424,22.485059918440808,0.0,0.0,baseTP,notwindy,projects
2068,264,DE0 189,DE0 334,4.205889672100027,11.194085745126703,0.0,0.0,baseTP,notwindy,projects
2069,265,DE0 189,DE0 66,8.142556943505237,27.836268829785006,0.0,0.0,baseTP,notwindy,projects
2070,266,DE0 19,DE0 248,13.118357645020188,19.24858467231736,0.0,0.0,baseTP,notwindy,projects
2071,267,DE0 19,DE0 254,14.809637835116929,42.250718791673066,0.0,0.0,baseTP,notwindy,projects
2072,268,DE0 19,DE0 62,14.024585258025613,35.80746487126124,0.0,0.0,baseTP,notwindy,projects
2073,269,DE0 190,DE0 414,18.19883118182641,56.0382523661151,0.0,0.0,baseTP,notwindy,projects
2074,27,DE0 106,DE0 222,9.49622755521612,33.26336358044483,0.0,0.0,baseTP,notwindy,projects
2075,270,DE0 190,DE0 55,11.035080266883405,33.478373256372365,0.0,0.0,baseTP,notwindy,projects
2076,271,DE0 191,DE0 269,47.21356548969358,52.28277801146155,0.0,0.0,baseTP,notwindy,projects
2077,272,DE0 191,DE0 322,22.82712137848761,45.71839305489333,0.0,0.0,baseTP,notwindy,projects
2078,273,DE0 192,DE0 449,1.712744686032332,4.653615407497776,0.0,0.0,baseTP,notwindy,projects
2079,274,DE0 193,DE0 43,12.821288007801915,41.18753260053203,0.0,0.0,baseTP,notwindy,projects
2080,275,DE0 193,DE0 57,5.1076752930456495,16.35144391466554,0.0,0.0,baseTP,notwindy,projects
2081,276,DE0 193,DE0 6,9.345751861766782,26.777888734473347,0.0,0.0,baseTP,notwindy,projects
2082,277,DE0 194,DE0 390,31.755518947129417,36.32167049752125,0.0,0.0,baseTP,notwindy,projects
2083,278,DE0 194,DE0 391,4.063724933738018,11.369326265398652,0.0,0.0,baseTP,notwindy,projects
2084,279,DE0 195,DE0 283,11.531246960167758,26.90315467940853,0.0,0.0,baseTP,notwindy,projects
2085,28,DE0 106,DE0 30,9.197678428244156,17.057725022788933,0.0,0.0,baseTP,notwindy,projects
2086,280,DE0 195,DE0 54,10.044006715055904,29.259473382923535,0.0,0.0,baseTP,notwindy,projects
2087,281,DE0 195,DE0 65,11.972866977539196,26.32502957088133,0.0,0.0,baseTP,notwindy,projects
2088,282,DE0 196,DE0 249,9.921855401049823,37.028916071630306,0.0,0.0,baseTP,notwindy,projects
2089,283,DE0 196,DE0 380,10.133312441558301,25.775995615745746,0.0,0.0,baseTP,notwindy,projects
2090,284,DE0 197,DE0 57,6.826898303465094,23.69755045396461,0.0,0.0,baseTP,notwindy,projects
2091,285,DE0 198,DE0 211,14.31626077467316,20.717356828585835,0.0,0.0,baseTP,notwindy,projects
2092,286,DE0 198,DE0 236,4.995480962577958,10.794008102040223,0.0,0.0,baseTP,notwindy,projects
2093,287,DE0 198,DE0 335,19.409522004790084,19.581868001324725,0.0,0.0,baseTP,notwindy,projects
2094,288,DE0 198,DE0 368,14.784864536654815,19.607526978327506,0.0,0.0,baseTP,notwindy,projects
2095,289,DE0 198,DE0 50,29.43557720482193,42.2128920270909,0.0,0.0,baseTP,notwindy,projects
2096,29,DE0 106,DE0 52,5.69758179374147,11.056378987587093,0.0,0.0,baseTP,notwindy,projects
2097,290,DE0 198,DE0 67,7.050342887086317,11.466282084952725,0.0,0.0,baseTP,notwindy,projects
2098,291,DE0 199,DE0 364,1.2648082390863797,4.1623774700591705,0.0,0.0,baseTP,notwindy,projects
2099,292,DE0 199,DE0 369,3.297468674672787,7.693187166922937,0.0,0.0,baseTP,notwindy,projects
2100,293,DE0 2,DE0 314,5.143293896641171,12.046989253198042,0.0,0.0,baseTP,notwindy,projects
2101,294,DE0 20,DE0 348,11.150083505563364,20.142725947831757,0.0,0.0,baseTP,notwindy,projects
2102,295,DE0 20,DE0 421,11.212150404020417,13.764755992380987,0.0,0.0,baseTP,notwindy,projects
2103,296,DE0 200,DE0 318,19.081441285336627,23.8386349227186,0.0,0.0,baseTP,notwindy,projects
2104,297,DE0 200,DE0 326,3.9503670229575856,7.322911082718946,0.0,0.0,baseTP,notwindy,projects
2105,298,DE0 200,DE0 333,1.8887421162024969,4.277326987746211,0.0,0.0,baseTP,notwindy,projects
2106,299,DE0 200,DE0 417,1.6249232021688733,8.21008365489187,0.0,0.0,baseTP,notwindy,projects
2107,3,DE0 1,DE0 172,19.99662204935214,22.12869385037646,0.0,0.0,baseTP,notwindy,projects
2108,30,DE0 107,DE0 143,13.14025919470069,27.632286405203686,0.0,0.0,baseTP,notwindy,projects
2109,300,DE0 201,DE0 204,3.088865607288661,5.5534284476381615,0.0,0.0,baseTP,notwindy,projects
2110,301,DE0 201,DE0 366,10.593891771731334,29.722784149340598,0.0,0.0,baseTP,notwindy,projects
2111,302,DE0 201,DE0 381,6.310011922527354,16.961377031677166,0.0,0.0,baseTP,notwindy,projects
2112,303,DE0 203,DE0 21,5.279255481966183,7.975112282555327,0.0,0.0,baseTP,notwindy,projects
2113,304,DE0 203,DE0 35,16.336970663188946,35.06094115403459,0.0,0.0,baseTP,notwindy,projects
2114,305,DE0 203,DE0 351,7.168816689540396,14.01339800330789,0.0,0.0,baseTP,notwindy,projects
2115,306,DE0 204,DE0 289,8.569188152139375,22.149523133344783,0.0,0.0,baseTP,notwindy,projects
2116,307,DE0 204,DE0 5,12.200019725901878,32.145385245445866,0.0,0.0,baseTP,notwindy,projects
2117,308,DE0 204,DE0 82,38.90907269525929,66.19574012085477,3.0,0.0,baseTP,notwindy,projects
2118,309,DE0 204,DE0 83,2.1496330513982542,10.263017640735631,0.0,0.0,baseTP,notwindy,projects
2119,31,DE0 107,DE0 61,5.876690465400216,14.579280523738786,0.0,0.0,baseTP,notwindy,projects
2120,310,DE0 205,DE0 213,12.732844852303785,20.931932803635306,0.0,0.0,baseTP,notwindy,projects
2121,311,DE0 205,DE0 75,13.766392073072797,19.89910701021192,0.0,0.0,baseTP,notwindy,projects
2122,312,DE0 206,DE0 327,13.917931855563381,37.07196474579977,0.0,0.0,baseTP,notwindy,projects
2123,313,DE0 207,DE0 300,6.307484459821257,16.450246468113285,0.0,0.0,baseTP,notwindy,projects
2124,314,DE0 207,DE0 70,11.472745295625204,21.569010565231608,0.0,0.0,baseTP,notwindy,projects
2125,315,DE0 208,DE0 3,5.794318397192852,18.323646364777243,0.0,0.0,baseTP,notwindy,projects
2126,316,DE0 208,DE0 414,7.004427250561178,15.57621482202966,0.0,0.0,baseTP,notwindy,projects
2127,317,DE0 209,DE0 99,6.413153849212254,9.77097286053607,0.0,0.0,baseTP,notwindy,projects
2128,318,DE0 21,DE0 284,7.4980510166812495,23.424116931071996,0.0,0.0,baseTP,notwindy,projects
2129,319,DE0 21,DE0 351,11.383168845272056,31.638120555399702,0.0,0.0,baseTP,notwindy,projects
2130,32,DE0 108,DE0 196,7.695209249576897,10.707418458807656,0.0,0.0,baseTP,notwindy,projects
2131,320,DE0 210,DE0 303,7.852259250616357,10.99106676386807,0.0,0.0,baseTP,notwindy,projects
2132,321,DE0 210,DE0 68,15.81701233593156,21.992175830086115,0.0,0.0,baseTP,notwindy,projects
2133,322,DE0 212,DE0 230,21.51343359086002,27.72312148969914,0.0,0.0,baseTP,notwindy,projects
2134,323,DE0 212,DE0 343,13.159213554314848,17.139059218596483,0.0,0.0,baseTP,notwindy,projects
2135,324,DE0 212,DE0 408,19.665053999248897,24.53592850491642,0.0,0.0,baseTP,notwindy,projects
2136,325,DE0 212,DE0 436,12.202355009290862,17.880028691678007,0.0,0.0,baseTP,notwindy,projects
2137,326,DE0 212,DE0 78,17.772771828956195,23.295956161837083,0.0,0.0,baseTP,notwindy,projects
2138,327,DE0 213,DE0 75,21.312739749307564,44.2138508328539,0.0,0.0,baseTP,notwindy,projects
2139,328,DE0 214,DE0 242,5.482117298930182,8.64968202992217,0.0,0.0,baseTP,notwindy,projects
2140,329,DE0 214,DE0 367,5.604876768829775,10.751826179733632,0.0,0.0,baseTP,notwindy,projects
2141,33,DE0 108,DE0 384,23.50994432982225,34.075187590215904,0.0,0.0,baseTP,notwindy,projects
2142,330,DE0 215,DE0 359,2.3986714101581033,5.877638528907871,0.0,0.0,baseTP,notwindy,projects
2143,331,DE0 215,DE0 380,14.578282398891595,43.699945062803266,0.0,0.0,baseTP,notwindy,projects
2144,332,DE0 215,DE0 384,25.781185487997437,36.600343684220746,0.0,0.0,baseTP,notwindy,projects
2145,333,DE0 215,DE0 81,22.06111126246637,51.87846357025556,0.0,0.0,baseTP,notwindy,projects
2146,334,DE0 216,DE0 251,3.067161874014059,6.44797766125552,0.0,0.0,baseTP,notwindy,projects
2147,335,DE0 216,DE0 272,6.16750435940141,12.614249007810951,0.0,0.0,baseTP,notwindy,projects
2148,336,DE0 216,DE0 294,13.063110390162105,19.183480148512597,0.0,0.0,baseTP,notwindy,projects
2149,337,DE0 217,DE0 365,12.85467951734586,19.09158298075142,0.0,0.0,baseTP,notwindy,projects
2150,338,DE0 217,DE0 379,14.555485760842583,18.469024650571157,0.0,0.0,baseTP,notwindy,projects
2151,339,DE0 218,DE0 251,13.760747179460054,20.181251002547413,0.0,0.0,baseTP,notwindy,projects
2152,34,DE0 109,DE0 221,8.427674024817005,12.379247798220288,0.0,0.0,baseTP,notwindy,projects
2153,340,DE0 218,DE0 47,9.869012424096885,15.239849305507608,0.0,0.0,baseTP,notwindy,projects
2154,341,DE0 219,DE0 447,17.726618205775324,17.72663396287026,0.0,0.0,baseTP,notwindy,projects
2155,342,DE0 219,DE0 76,12.152539803413921,17.16362380445894,0.0,0.0,baseTP,notwindy,projects
2156,343,DE0 22,DE0 269,7.766599486859417,30.27178319803754,0.0,0.0,baseTP,notwindy,projects
2157,344,DE0 22,DE0 30,21.415124069875713,29.691937213107927,0.0,0.0,baseTP,notwindy,projects
2158,345,DE0 22,DE0 322,11.660332503582664,30.121612797300408,0.0,0.0,baseTP,notwindy,projects
2159,346,DE0 22,DE0 62,32.338001750477346,52.79760277997979,0.0,0.0,baseTP,notwindy,projects
2160,347,DE0 220,DE0 270,17.833504819558723,27.537623590352826,0.0,0.0,baseTP,notwindy,projects
2161,348,DE0 223,DE0 360,18.777337162667,31.965617436303106,0.0,0.0,baseTP,notwindy,projects
2162,349,DE0 223,DE0 377,7.822859287469351,14.563203965920549,0.0,0.0,baseTP,notwindy,projects
2163,35,DE0 109,DE0 239,3.1141751244109424,6.674861831742696,0.0,0.0,baseTP,notwindy,projects
2164,350,DE0 224,DE0 33,3.383639046227118,4.776905820678659,0.0,0.0,baseTP,notwindy,projects
2165,351,DE0 225,DE0 242,2.8340102545785855,5.437110237183885,0.0,0.0,baseTP,notwindy,projects
2166,352,DE0 225,DE0 429,0.6882517440037997,1.6645798857080552,0.0,0.0,baseTP,notwindy,projects
2167,353,DE0 225,DE0 432,0.7634980399937569,1.5460587378169566,0.0,0.0,baseTP,notwindy,projects
2168,354,DE0 226,DE0 48,9.544276732497563,18.382201742845616,0.0,0.0,baseTP,notwindy,projects
2169,355,DE0 226,DE0 49,0.8233543709213592,1.8556070273511491,0.0,0.0,baseTP,notwindy,projects
2170,356,DE0 227,DE0 51,19.455200814176695,33.23544627944117,0.0,0.0,baseTP,notwindy,projects
2171,357,DE0 227,DE0 59,1.9036134184498337,3.4578458448278866,0.0,0.0,baseTP,notwindy,projects
2172,358,DE0 228,DE0 261,11.541319814073017,30.501407250659835,0.0,0.0,baseTP,notwindy,projects
2173,359,DE0 229,DE0 324,7.974424238122946,11.837482965286847,0.0,0.0,baseTP,notwindy,projects
2174,36,DE0 109,DE0 247,3.0341057272588503,8.3463812622729,0.0,0.0,baseTP,notwindy,projects
2175,360,DE0 23,DE0 244,5.885244280060931,9.501493410380945,0.0,0.0,baseTP,notwindy,projects
2176,361,DE0 230,DE0 78,10.112623964453748,14.021827844070586,0.0,0.0,baseTP,notwindy,projects
2177,362,DE0 231,DE0 359,2.471758658227983,5.590696472742681,0.0,0.0,baseTP,notwindy,projects
2178,363,DE0 232,DE0 407,10.036339847556029,26.647950971307584,0.0,0.0,baseTP,notwindy,projects
2179,364,DE0 233,DE0 437,1.601532761238519,2.256750953211872,0.0,0.0,baseTP,notwindy,projects
2180,365,DE0 234,DE0 398,16.786857227189227,42.716795340487536,0.0,0.0,baseTP,notwindy,projects
2181,366,DE0 235,DE0 329,9.920980756608982,20.608845943696007,0.0,0.0,baseTP,notwindy,projects
2182,367,DE0 235,DE0 353,3.948898047470819,13.658461730503916,0.0,0.0,baseTP,notwindy,projects
2183,368,DE0 235,DE0 413,2.5238775546575827,4.190794287826362,0.0,0.0,baseTP,notwindy,projects
2184,369,DE0 236,DE0 401,8.99603437215598,16.274831414419726,0.0,0.0,baseTP,notwindy,projects
2185,37,DE0 11,DE0 114,9.75105353584933,26.745795632890484,0.0,0.0,baseTP,notwindy,projects
2186,370,DE0 237,DE0 258,6.4030517707033034,9.652951257419073,0.0,0.0,baseTP,notwindy,projects
2187,371,DE0 237,DE0 275,8.677426385697114,12.18720910775474,0.0,0.0,baseTP,notwindy,projects
2188,372,DE0 237,DE0 46,5.930906480588549,7.259751583286232,0.0,0.0,baseTP,notwindy,projects
2189,373,DE0 238,DE0 250,5.33450997222501,8.54631284403006,0.0,0.0,baseTP,notwindy,projects
2190,374,DE0 238,DE0 268,12.222895626360163,16.8339157525183,0.0,0.0,baseTP,notwindy,projects
2191,375,DE0 238,DE0 53,11.9990937223772,19.61508283961056,0.0,0.0,baseTP,notwindy,projects
2192,376,DE0 239,DE0 440,2.5211910471237258,5.525559806338885,0.0,0.0,baseTP,notwindy,projects
2193,377,DE0 24,DE0 266,5.29272632069688,18.807978151005173,0.0,0.0,baseTP,notwindy,projects
2194,378,DE0 24,DE0 447,7.161246295161555,13.95925853947132,0.0,0.0,baseTP,notwindy,projects
2195,379,DE0 240,DE0 356,17.922734593481785,35.898444147518816,0.0,0.0,baseTP,notwindy,projects
2196,38,DE0 11,DE0 152,5.47896640589097,20.582864040736006,0.0,0.0,baseTP,notwindy,projects
2197,380,DE0 240,DE0 63,3.753494704360536,5.358019374432814,0.0,0.0,baseTP,notwindy,projects
2198,381,DE0 241,DE0 332,7.598244082027201,13.708355965398008,0.0,0.0,baseTP,notwindy,projects
2199,382,DE0 241,DE0 341,4.688460070950651,9.952833619044924,0.0,0.0,baseTP,notwindy,projects
2200,383,DE0 242,DE0 250,2.5922296383175802,6.36317128606787,0.0,0.0,baseTP,notwindy,projects
2201,384,DE0 243,DE0 46,7.513197949897816,21.859891790406408,0.0,0.0,baseTP,notwindy,projects
2202,385,DE0 243,DE0 96,6.541266979958821,20.048533331635042,0.0,0.0,baseTP,notwindy,projects
2203,386,DE0 245,DE0 439,4.007491211098527,9.685367807724969,0.0,0.0,baseTP,notwindy,projects
2204,387,DE0 246,DE0 433,5.392333978329241,9.931994501042459,0.0,0.0,baseTP,notwindy,projects
2205,388,DE0 246,DE0 6,9.622769573291041,24.22592187583518,0.0,0.0,baseTP,notwindy,projects
2206,389,DE0 247,DE0 400,2.9595697740740947,7.152586148593102,0.0,0.0,baseTP,notwindy,projects
2207,39,DE0 11,DE0 351,9.602474483272731,32.60151813523735,0.0,0.0,baseTP,notwindy,projects
2208,390,DE0 248,DE0 386,2.8923321274876486,9.74538623679196,0.0,0.0,baseTP,notwindy,projects
2209,391,DE0 248,DE0 90,21.810999820851983,67.7885013506988,1.0,0.0,baseTP,notwindy,projects
2210,392,DE0 249,DE0 9,13.831206819866349,26.06383000516096,0.0,0.0,baseTP,notwindy,projects
2211,393,DE0 25,DE0 255,20.3515090475936,29.48175138039822,0.0,0.0,baseTP,notwindy,projects
2212,394,DE0 25,DE0 267,4.576203801884837,7.020569929626555,0.0,0.0,baseTP,notwindy,projects
2213,395,DE0 25,DE0 324,13.94268185268739,19.94110291558948,0.0,0.0,baseTP,notwindy,projects
2214,396,DE0 25,DE0 403,22.4422645271278,32.78764784735736,0.0,0.0,baseTP,notwindy,projects
2215,397,DE0 25,DE0 64,21.415123305973996,31.204333641452358,0.0,0.0,baseTP,notwindy,projects
2216,398,DE0 250,DE0 317,10.258656630812284,20.121231814727352,0.0,0.0,baseTP,notwindy,projects
2217,399,DE0 250,DE0 370,9.958478902120653,14.391014186146231,0.0,0.0,baseTP,notwindy,projects
2218,4,DE0 1,DE0 296,14.622002396432155,17.753359778633552,0.0,0.0,baseTP,notwindy,projects
2219,40,DE0 110,DE0 253,7.485424023383487,15.041888639203863,0.0,0.0,baseTP,notwindy,projects
2220,400,DE0 250,DE0 78,10.011986525183797,14.398639550082915,0.0,0.0,baseTP,notwindy,projects
2221,401,DE0 251,DE0 306,7.654252461130219,16.878143380706717,0.0,0.0,baseTP,notwindy,projects
2222,402,DE0 251,DE0 396,10.4370996554207,14.273182581404031,0.0,0.0,baseTP,notwindy,projects
2223,403,DE0 251,DE0 416,7.68194510156104,15.509524254578272,0.0,0.0,baseTP,notwindy,projects
2224,404,DE0 251,DE0 68,6.317242515208295,14.622827464378057,0.0,0.0,baseTP,notwindy,projects
2225,405,DE0 251,DE0 92,34.03508966849668,43.02996565648599,0.0,0.0,baseTP,notwindy,projects
2226,406,DE0 252,DE0 285,2.4877306334352456,7.288629600294964,0.0,0.0,baseTP,notwindy,projects
2227,407,DE0 252,DE0 383,23.89278403079795,30.87430689779912,0.0,0.0,baseTP,notwindy,projects
2228,408,DE0 252,DE0 448,20.933321018367025,25.583635328528953,0.0,0.0,baseTP,notwindy,projects
2229,409,DE0 253,DE0 415,4.061666893693983,12.483834746190126,0.0,0.0,baseTP,notwindy,projects
2230,41,DE0 110,DE0 69,2.892122934101905,5.864682380072733,0.0,0.0,baseTP,notwindy,projects
2231,410,DE0 254,DE0 443,12.541378238881492,23.551611920752443,0.0,0.0,baseTP,notwindy,projects
2232,411,DE0 255,DE0 84,26.90267907748783,40.173308712441084,0.0,0.0,baseTP,notwindy,projects
2233,412,DE0 256,DE0 290,7.40742716756271,8.964162480414016,0.0,0.0,baseTP,notwindy,projects
2234,413,DE0 256,DE0 365,6.7342431187951055,9.139723281929935,0.0,0.0,baseTP,notwindy,projects
2235,414,DE0 257,DE0 312,8.215640403307665,18.304362697068147,0.0,0.0,baseTP,notwindy,projects
2236,415,DE0 257,DE0 372,10.77689805579659,24.452241524145684,0.0,0.0,baseTP,notwindy,projects
2237,416,DE0 257,DE0 435,5.125432215826895,12.536197799202206,0.0,0.0,baseTP,notwindy,projects
2238,417,DE0 258,DE0 345,11.462524584158192,36.690280437543365,0.0,0.0,baseTP,notwindy,projects
2239,418,DE0 259,DE0 75,23.074773572090255,34.21610782617345,0.0,0.0,baseTP,notwindy,projects
2240,419,DE0 260,DE0 290,9.272071045439523,11.664095441857203,0.0,0.0,baseTP,notwindy,projects
2241,42,DE0 111,DE0 305,4.605270916532772,8.936047494477284,0.0,0.0,baseTP,notwindy,projects
2242,420,DE0 260,DE0 408,10.245749400168759,14.261313708033535,0.0,0.0,baseTP,notwindy,projects
2243,421,DE0 260,DE0 441,6.069619770572199,13.964638947094452,0.0,0.0,baseTP,notwindy,projects
2244,422,DE0 261,DE0 92,19.002355240722654,28.802984899836265,0.0,0.0,baseTP,notwindy,projects
2245,423,DE0 262,DE0 36,15.16592494109801,47.25840741550574,0.0,0.0,baseTP,notwindy,projects
2246,424,DE0 263,DE0 273,9.198662635393832,19.91586040647166,0.0,0.0,baseTP,notwindy,projects
2247,425,DE0 264,DE0 305,3.631389988983054,7.918979308732808,0.0,0.0,baseTP,notwindy,projects
2248,426,DE0 264,DE0 328,3.4654400892973594,11.545851095422327,0.0,0.0,baseTP,notwindy,projects
2249,427,DE0 264,DE0 418,4.631275512779976,8.878017258367471,0.0,0.0,baseTP,notwindy,projects
2250,428,DE0 265,DE0 4,2.9912399251644324,7.370742352627217,0.0,0.0,baseTP,notwindy,projects
2251,429,DE0 266,DE0 439,5.3102846721302965,19.03138522798,0.0,0.0,baseTP,notwindy,projects
2252,43,DE0 111,DE0 328,2.300946103012454,6.168284840730327,0.0,0.0,baseTP,notwindy,projects
2253,430,DE0 267,DE0 311,6.351629308441463,12.042726497111572,0.0,0.0,baseTP,notwindy,projects
2254,431,DE0 268,DE0 330,4.900068346070354,10.888948474500381,0.0,0.0,baseTP,notwindy,projects
2255,432,DE0 268,DE0 362,15.259672101058436,25.54623121669472,0.0,0.0,baseTP,notwindy,projects
2256,433,DE0 269,DE0 30,24.27991413634668,34.95542460195257,0.0,0.0,baseTP,notwindy,projects
2257,434,DE0 27,DE0 304,14.987867227088433,34.429114680925494,0.0,0.0,baseTP,notwindy,projects
2258,435,DE0 27,DE0 336,5.989667846323101,13.562419431921038,0.0,0.0,baseTP,notwindy,projects
2259,436,DE0 270,DE0 367,3.3816232305702125,7.457411228623155,0.0,0.0,baseTP,notwindy,projects
2260,437,DE0 270,DE0 79,3.118486002936133,7.38563444382658,0.0,0.0,baseTP,notwindy,projects
2261,438,DE0 271,DE0 297,17.08514475368165,29.49300742397552,0.0,0.0,baseTP,notwindy,projects
2262,439,DE0 271,DE0 374,12.817801972138943,23.94336941821376,0.0,0.0,baseTP,notwindy,projects
2263,44,DE0 112,DE0 214,4.148943137087962,7.660860817744132,0.0,0.0,baseTP,notwindy,projects
2264,440,DE0 272,DE0 346,11.720938783095846,20.250812824668575,0.0,0.0,baseTP,notwindy,projects
2265,441,DE0 273,DE0 304,10.101642228689798,20.264956297100746,0.0,0.0,baseTP,notwindy,projects
2266,442,DE0 273,DE0 47,12.206068400732589,20.292011952783486,0.0,0.0,baseTP,notwindy,projects
2267,443,DE0 275,DE0 431,11.18829760122802,21.231329785011063,0.0,0.0,baseTP,notwindy,projects
2268,444,DE0 275,DE0 46,10.07662600151575,25.244742932681124,0.0,0.0,baseTP,notwindy,projects
2269,445,DE0 276,DE0 318,14.352046997354122,19.88589709737995,0.0,0.0,baseTP,notwindy,projects
2270,446,DE0 276,DE0 385,25.52004009795374,31.627018200386363,0.0,0.0,baseTP,notwindy,projects
2271,447,DE0 276,DE0 39,39.204994340944666,46.359635336226404,0.0,0.0,baseTP,notwindy,projects
2272,448,DE0 276,DE0 390,19.052482463500155,22.189223496495185,0.0,0.0,baseTP,notwindy,projects
2273,449,DE0 277,DE0 37,20.88145807670438,30.180926364586263,0.0,0.0,baseTP,notwindy,projects
2274,45,DE0 112,DE0 387,3.214762836520492,7.223802330041247,0.0,0.0,baseTP,notwindy,projects
2275,450,DE0 278,DE0 349,9.955261043056773,32.31817995023046,0.0,0.0,baseTP,notwindy,projects
2276,451,DE0 278,DE0 406,13.232154185241104,36.33904093255599,0.0,0.0,baseTP,notwindy,projects
2277,452,DE0 278,DE0 43,12.068142577266332,39.17374688508252,0.0,0.0,baseTP,notwindy,projects
2278,453,DE0 279,DE0 286,12.61698615733044,18.627173536600957,0.0,0.0,baseTP,notwindy,projects
2279,454,DE0 279,DE0 3,18.91299196859429,28.41509030050771,0.0,0.0,baseTP,notwindy,projects
2280,455,DE0 279,DE0 377,12.220907028404826,19.63482466359803,0.0,0.0,baseTP,notwindy,projects
2281,456,DE0 28,DE0 317,10.26360593813515,20.860416704185226,0.0,0.0,baseTP,notwindy,projects
2282,457,DE0 28,DE0 329,9.896902059128747,20.665664676847474,0.0,0.0,baseTP,notwindy,projects
2283,458,DE0 28,DE0 342,9.780645158291463,20.38198344293381,0.0,0.0,baseTP,notwindy,projects
2284,459,DE0 280,DE0 423,7.428100340023421,12.217459898304881,0.0,0.0,baseTP,notwindy,projects
2285,46,DE0 113,DE0 258,3.6835186948309477,12.756518810201346,0.0,0.0,baseTP,notwindy,projects
2286,460,DE0 281,DE0 73,22.28760676444713,29.27109200509411,0.0,0.0,baseTP,notwindy,projects
2287,461,DE0 282,DE0 407,1.6412028951092716,5.169701215143693,0.0,0.0,baseTP,notwindy,projects
2288,462,DE0 282,DE0 434,1.6321507150310417,3.6339108369163773,0.0,0.0,baseTP,notwindy,projects
2289,463,DE0 284,DE0 45,7.887500374322738,22.980084089652465,0.0,0.0,baseTP,notwindy,projects
2290,464,DE0 285,DE0 333,6.635440272658309,22.5064787597686,0.0,0.0,baseTP,notwindy,projects
2291,465,DE0 286,DE0 344,5.852751364819872,15.341692330757715,0.0,0.0,baseTP,notwindy,projects
2292,466,DE0 286,DE0 377,6.567858383682712,15.259338738400965,0.0,0.0,baseTP,notwindy,projects
2293,467,DE0 286,DE0 66,3.8549221006230963,9.922367496457033,0.0,0.0,baseTP,notwindy,projects
2294,468,DE0 287,DE0 357,13.523537463384638,18.895411847093918,0.0,0.0,baseTP,notwindy,projects
2295,469,DE0 287,DE0 431,11.506797182175795,21.95892155982511,0.0,0.0,baseTP,notwindy,projects
2296,47,DE0 113,DE0 263,4.786639902852244,12.76943458517151,0.0,0.0,baseTP,notwindy,projects
2297,470,DE0 288,DE0 36,9.604053998969023,24.211044265814838,0.0,0.0,baseTP,notwindy,projects
2298,471,DE0 288,DE0 422,8.51046813160204,24.684951828790062,0.0,0.0,baseTP,notwindy,projects
2299,472,DE0 289,DE0 91,9.017722567551674,24.595604608712037,0.0,0.0,baseTP,notwindy,projects
2300,473,DE0 29,DE0 386,5.5915826718887205,21.639240248905338,0.0,0.0,baseTP,notwindy,projects
2301,474,DE0 290,DE0 298,11.272390030183573,12.522857103962629,0.0,0.0,baseTP,notwindy,projects
2302,475,DE0 290,DE0 379,17.622686953512826,25.559458265077524,0.0,0.0,baseTP,notwindy,projects
2303,476,DE0 291,DE0 406,12.111584638443524,19.30268121148616,0.0,0.0,baseTP,notwindy,projects
2304,477,DE0 291,DE0 433,6.078017253796456,10.524266135240357,0.0,0.0,baseTP,notwindy,projects
2305,478,DE0 292,DE0 426,15.093285326345363,15.340975015491336,0.0,0.0,baseTP,notwindy,projects
2306,479,DE0 292,DE0 436,11.400605803198342,15.998486542900014,0.0,0.0,baseTP,notwindy,projects
2307,48,DE0 114,DE0 52,3.1913478755079194,8.511920458991671,0.0,0.0,baseTP,notwindy,projects
2308,480,DE0 292,DE0 448,27.199821715058942,32.712130799301136,0.0,0.0,baseTP,notwindy,projects
2309,481,DE0 293,DE0 446,5.56766287970927,11.107469625824946,0.0,0.0,baseTP,notwindy,projects
2310,482,DE0 294,DE0 365,13.8770810552188,22.49590279785909,0.0,0.0,baseTP,notwindy,projects
2311,483,DE0 294,DE0 383,14.054136062251324,18.122805939605854,0.0,0.0,baseTP,notwindy,projects
2312,484,DE0 295,DE0 93,7.224930912668777,19.527088914107367,0.0,0.0,baseTP,notwindy,projects
2313,485,DE0 298,DE0 343,11.030416394578053,15.04995921856461,0.0,0.0,baseTP,notwindy,projects
2314,486,DE0 298,DE0 379,21.10358249315997,26.5818740851274,0.0,0.0,baseTP,notwindy,projects
2315,487,DE0 298,DE0 402,4.252367394483109,8.253769499046989,0.0,0.0,baseTP,notwindy,projects
2316,488,DE0 299,DE0 302,11.587386135040807,22.724142207982347,0.0,0.0,baseTP,notwindy,projects
2317,489,DE0 299,DE0 361,23.564680747301544,23.918962593734463,0.0,0.0,baseTP,notwindy,projects
2318,49,DE0 115,DE0 338,3.2904592020789916,8.548364602738207,0.0,0.0,baseTP,notwindy,projects
2319,490,DE0 299,DE0 58,13.728505658261156,33.40349773141103,0.0,0.0,baseTP,notwindy,projects
2320,491,DE0 3,DE0 307,16.840559307526714,24.767959333195087,0.0,0.0,baseTP,notwindy,projects
2321,492,DE0 3,DE0 316,8.102068136188718,21.181320815452832,0.0,0.0,baseTP,notwindy,projects
2322,493,DE0 3,DE0 414,6.841736173631357,21.05560511936568,0.0,0.0,baseTP,notwindy,projects
2323,494,DE0 30,DE0 89,6.214458166822199,12.434838145958988,0.0,0.0,baseTP,notwindy,projects
2324,495,DE0 301,DE0 360,22.763156119197735,35.33268071839638,0.0,0.0,baseTP,notwindy,projects
2325,496,DE0 301,DE0 38,28.057674603157974,37.155492054472155,0.0,0.0,baseTP,notwindy,projects
2326,497,DE0 302,DE0 7,20.503686659629604,57.88086807794761,0.0,0.0,baseTP,notwindy,projects
2327,498,DE0 303,DE0 336,6.628800412035862,8.85570068288353,0.0,0.0,baseTP,notwindy,projects
2328,499,DE0 306,DE0 340,20.11668738881669,29.260535276840855,0.0,0.0,baseTP,notwindy,projects
2329,5,DE0 1,DE0 331,26.219773082580765,28.042816646605743,0.0,0.0,baseTP,notwindy,projects
2330,50,DE0 115,DE0 364,2.9004572625894576,7.4877406331920735,0.0,0.0,baseTP,notwindy,projects
2331,500,DE0 306,DE0 352,5.486773700749284,13.180631340872681,0.0,0.0,baseTP,notwindy,projects
2332,501,DE0 306,DE0 357,15.683772190118509,22.43310101128538,0.0,0.0,baseTP,notwindy,projects
2333,502,DE0 306,DE0 364,3.6659057852174057,10.24614508020437,0.0,0.0,baseTP,notwindy,projects
2334,503,DE0 306,DE0 419,1.8672071800110546,5.062128413480712,0.0,0.0,baseTP,notwindy,projects
2335,504,DE0 306,DE0 430,20.96152494407827,33.83066260691423,0.0,0.0,baseTP,notwindy,projects
2336,505,DE0 308,DE0 38,9.664415182070329,15.94464978706767,0.0,0.0,baseTP,notwindy,projects
2337,506,DE0 309,DE0 392,21.51400217498172,43.15873054643655,0.0,0.0,baseTP,notwindy,projects
2338,507,DE0 31,DE0 55,8.613276941201503,25.262456983163172,0.0,0.0,baseTP,notwindy,projects
2339,508,DE0 31,DE0 94,2.3945768034908275,5.53530106552254,0.0,0.0,baseTP,notwindy,projects
2340,509,DE0 310,DE0 421,18.571023250152773,24.805759198207163,0.0,0.0,baseTP,notwindy,projects
2341,51,DE0 115,DE0 375,2.2426875603044127,4.252421771711302,0.0,0.0,baseTP,notwindy,projects
2342,510,DE0 311,DE0 66,26.175069299813952,26.186977135755946,0.0,0.0,baseTP,notwindy,projects
2343,511,DE0 312,DE0 372,4.287646574301538,9.100274573545182,0.0,0.0,baseTP,notwindy,projects
2344,512,DE0 314,DE0 327,8.798634969463519,19.55973519968917,0.0,0.0,baseTP,notwindy,projects
2345,513,DE0 315,DE0 70,11.639622023691105,21.636892648501146,0.0,0.0,baseTP,notwindy,projects
2346,514,DE0 315,DE0 79,18.5780049236271,25.066131352427007,0.0,0.0,baseTP,notwindy,projects
2347,515,DE0 316,DE0 414,14.967216237757619,33.58711149303708,0.0,0.0,baseTP,notwindy,projects
2348,516,DE0 317,DE0 342,10.113564704022986,20.358563352498475,0.0,0.0,baseTP,notwindy,projects
2349,517,DE0 319,DE0 396,6.963251384173547,11.482650071930477,0.0,0.0,baseTP,notwindy,projects
2350,518,DE0 32,DE0 60,17.253204487670427,21.136799467628983,0.0,0.0,baseTP,notwindy,projects
2351,519,DE0 320,DE0 338,18.401618482732886,22.40280855190235,0.0,0.0,baseTP,notwindy,projects
2352,52,DE0 115,DE0 391,9.122902893469627,20.260001575946895,0.0,0.0,baseTP,notwindy,projects
2353,520,DE0 320,DE0 375,9.112054952252102,12.584366725387582,0.0,0.0,baseTP,notwindy,projects
2354,521,DE0 321,DE0 60,13.835625808075768,35.12306274656511,0.0,0.0,baseTP,notwindy,projects
2355,522,DE0 323,DE0 401,18.180541247824785,34.1658293994095,0.0,0.0,baseTP,notwindy,projects
2356,523,DE0 323,DE0 66,11.579284119231973,24.272862135729326,0.0,0.0,baseTP,notwindy,projects
2357,524,DE0 324,DE0 403,5.321888753649908,21.225650828549696,0.0,0.0,baseTP,notwindy,projects
2358,525,DE0 324,DE0 66,3.464251221982262,12.938761014505177,0.0,0.0,baseTP,notwindy,projects
2359,526,DE0 324,DE0 96,5.730851946094236,21.10198082478277,0.0,0.0,baseTP,notwindy,projects
2360,527,DE0 325,DE0 379,9.403010793930628,12.310336713738916,0.0,0.0,baseTP,notwindy,projects
2361,528,DE0 325,DE0 405,17.395166558225483,27.054760546077382,0.0,0.0,baseTP,notwindy,projects
2362,529,DE0 326,DE0 436,8.279759128842375,14.837515453157568,0.0,0.0,baseTP,notwindy,projects
2363,53,DE0 116,DE0 197,14.587863910869633,47.600735471724946,0.0,0.0,baseTP,notwindy,projects
2364,530,DE0 328,DE0 412,4.708337362590454,13.848602961786854,0.0,0.0,baseTP,notwindy,projects
2365,531,DE0 331,DE0 402,27.070517473992545,28.44329839371375,0.0,0.0,baseTP,notwindy,projects
2366,532,DE0 332,DE0 37,22.2144273653883,38.658797791893676,0.0,0.0,baseTP,notwindy,projects
2367,533,DE0 333,DE0 39,10.479003825026965,28.76186481496179,0.0,0.0,baseTP,notwindy,projects
2368,534,DE0 334,DE0 399,3.9190308295468754,6.289761313435914,0.0,0.0,baseTP,notwindy,projects
2369,535,DE0 337,DE0 445,5.410541094676894,15.230444191384269,0.0,0.0,baseTP,notwindy,projects
2370,536,DE0 339,DE0 434,1.8268279930829336,4.314304269500108,0.0,0.0,baseTP,notwindy,projects
2371,537,DE0 339,DE0 54,1.3521155200144983,3.318808790988797,0.0,0.0,baseTP,notwindy,projects
2372,538,DE0 34,DE0 81,40.37817317617474,69.13564376560954,4.0,0.0,baseTP,notwindy,projects
2373,539,DE0 340,DE0 61,9.754152882392573,14.124745906999786,0.0,0.0,baseTP,notwindy,projects
2374,54,DE0 116,DE0 300,11.264047399661948,28.737743997916866,0.0,0.0,baseTP,notwindy,projects
2375,540,DE0 343,DE0 404,19.346105062152343,20.201738775219606,0.0,0.0,baseTP,notwindy,projects
2376,541,DE0 343,DE0 95,23.783616507396445,24.673270003940367,0.0,0.0,baseTP,notwindy,projects
2377,542,DE0 344,DE0 424,12.361938055518866,30.907516319011147,0.0,0.0,baseTP,notwindy,projects
2378,543,DE0 344,DE0 438,10.184945220637154,15.231926442443383,0.0,0.0,baseTP,notwindy,projects
2379,544,DE0 345,DE0 406,3.123608134131903,7.530650958790441,0.0,0.0,baseTP,notwindy,projects
2380,545,DE0 345,DE0 433,6.986816234640831,10.634221552615813,0.0,0.0,baseTP,notwindy,projects
2381,546,DE0 345,DE0 93,7.634097554268273,13.08121149318658,0.0,0.0,baseTP,notwindy,projects
2382,547,DE0 346,DE0 409,17.022748186464195,26.59777735365659,0.0,0.0,baseTP,notwindy,projects
2383,548,DE0 347,DE0 365,8.131957875104558,11.13998278265291,0.0,0.0,baseTP,notwindy,projects
2384,549,DE0 347,DE0 394,10.403676184636646,13.83644383447791,0.0,0.0,baseTP,notwindy,projects
2385,55,DE0 117,DE0 123,14.605043174679821,23.90136565474678,0.0,0.0,baseTP,notwindy,projects
2386,550,DE0 347,DE0 95,5.840091896952459,7.7494094018467115,0.0,0.0,baseTP,notwindy,projects
2387,551,DE0 348,DE0 80,4.939663150046839,12.037378487165752,0.0,0.0,baseTP,notwindy,projects
2388,552,DE0 349,DE0 43,12.989156102013846,34.53360608918386,0.0,0.0,baseTP,notwindy,projects
2389,553,DE0 350,DE0 357,21.788427405379686,37.3221172904641,0.0,0.0,baseTP,notwindy,projects
2390,554,DE0 352,DE0 358,9.784125096395098,19.543756047432332,0.0,0.0,baseTP,notwindy,projects
2391,555,DE0 353,DE0 74,15.734624074156187,17.749609531137743,0.0,0.0,baseTP,notwindy,projects
2392,556,DE0 354,DE0 399,7.662308003828507,21.568028705469015,0.0,0.0,baseTP,notwindy,projects
2393,557,DE0 354,DE0 414,11.192314373663349,28.068890011912696,0.0,0.0,baseTP,notwindy,projects
2394,558,DE0 355,DE0 85,5.503068726706664,10.262279614026435,0.0,0.0,baseTP,notwindy,projects
2395,559,DE0 356,DE0 36,26.749949779178323,60.84226742424972,2.0,0.0,baseTP,notwindy,projects
2396,56,DE0 117,DE0 154,22.15799316321018,30.183516143584594,0.0,0.0,baseTP,notwindy,projects
2397,560,DE0 357,DE0 382,10.38561256021293,14.103924075956611,0.0,0.0,baseTP,notwindy,projects
2398,561,DE0 357,DE0 392,13.484781205754961,25.618234515349688,0.0,0.0,baseTP,notwindy,projects
2399,562,DE0 357,DE0 431,13.958481555534616,20.984531026135798,0.0,0.0,baseTP,notwindy,projects
2400,563,DE0 358,DE0 416,7.37461520813326,16.63989235330896,0.0,0.0,baseTP,notwindy,projects
2401,564,DE0 36,DE0 82,33.85918835868956,48.65726633295778,0.0,0.0,baseTP,notwindy,projects
2402,565,DE0 361,DE0 43,19.40753425366976,56.67860722169649,0.0,0.0,baseTP,notwindy,projects
2403,566,DE0 361,DE0 55,8.697560610424416,25.725495420319085,0.0,0.0,baseTP,notwindy,projects
2404,567,DE0 362,DE0 439,15.87847924586407,24.53858695352498,0.0,0.0,baseTP,notwindy,projects
2405,568,DE0 363,DE0 383,28.954415994777992,35.28287159841901,0.0,0.0,baseTP,notwindy,projects
2406,569,DE0 363,DE0 448,18.375410350652736,21.788596195251948,0.0,0.0,baseTP,notwindy,projects
2407,57,DE0 117,DE0 313,17.749373482460133,24.378357767841525,0.0,0.0,baseTP,notwindy,projects
2408,570,DE0 364,DE0 369,2.4196133860746807,6.446280730359348,0.0,0.0,baseTP,notwindy,projects
2409,571,DE0 364,DE0 409,3.355675478993298,9.242118425521838,0.0,0.0,baseTP,notwindy,projects
2410,572,DE0 365,DE0 383,10.454772638576289,15.65816327725367,0.0,0.0,baseTP,notwindy,projects
2411,573,DE0 365,DE0 394,5.607497280367624,8.250307265305313,0.0,0.0,baseTP,notwindy,projects
2412,574,DE0 366,DE0 49,2.1925806443849716,5.5044462545843444,0.0,0.0,baseTP,notwindy,projects
2413,575,DE0 368,DE0 401,3.0780908159024287,12.532522051614563,0.0,0.0,baseTP,notwindy,projects
2414,576,DE0 369,DE0 419,2.6496820168627377,7.358751046058526,0.0,0.0,baseTP,notwindy,projects
2415,577,DE0 370,DE0 78,10.896759255912986,15.102912246775416,0.0,0.0,baseTP,notwindy,projects
2416,578,DE0 371,DE0 417,1.982192334567269,8.867833387478088,0.0,0.0,baseTP,notwindy,projects
2417,579,DE0 371,DE0 420,2.0539495612557124,8.995869030787617,0.0,0.0,baseTP,notwindy,projects
2418,58,DE0 117,DE0 72,14.496551467166272,25.04351739436494,0.0,0.0,baseTP,notwindy,projects
2419,580,DE0 374,DE0 376,7.7606914200754735,13.067548368403523,0.0,0.0,baseTP,notwindy,projects
2420,581,DE0 374,DE0 444,7.996960149491099,14.560106395468003,0.0,0.0,baseTP,notwindy,projects
2421,582,DE0 376,DE0 444,15.522661195409073,25.472367368972826,0.0,0.0,baseTP,notwindy,projects
2422,583,DE0 377,DE0 425,17.606948605721186,23.68484833697155,0.0,0.0,baseTP,notwindy,projects
2423,584,DE0 378,DE0 43,6.8470839424372,24.28796871286498,0.0,0.0,baseTP,notwindy,projects
2424,585,DE0 378,DE0 87,3.333289765784761,6.432005682615934,0.0,0.0,baseTP,notwindy,projects
2425,586,DE0 38,DE0 410,16.495899651107422,26.703014510217333,0.0,0.0,baseTP,notwindy,projects
2426,587,DE0 381,DE0 412,3.3617813447353657,9.624642828933846,0.0,0.0,baseTP,notwindy,projects
2427,588,DE0 383,DE0 95,4.877450915166811,9.323349174839999,0.0,0.0,baseTP,notwindy,projects
2428,589,DE0 385,DE0 390,22.500649685634812,29.29335742437143,0.0,0.0,baseTP,notwindy,projects
2429,59,DE0 117,DE0 97,14.511294296744936,24.801846900627595,0.0,0.0,baseTP,notwindy,projects
2430,590,DE0 388,DE0 418,4.332907607785792,8.516168519157613,0.0,0.0,baseTP,notwindy,projects
2431,591,DE0 388,DE0 440,1.1479218170941263,4.3570635439845535,0.0,0.0,baseTP,notwindy,projects
2432,592,DE0 39,DE0 442,4.394211302199924,18.715987587309442,0.0,0.0,baseTP,notwindy,projects
2433,593,DE0 392,DE0 61,5.330707801279836,9.178429123010435,0.0,0.0,baseTP,notwindy,projects
2434,594,DE0 393,DE0 446,5.630033286438371,11.230372906798385,0.0,0.0,baseTP,notwindy,projects
2435,595,DE0 395,DE0 443,6.260380684833993,11.936588921942516,0.0,0.0,baseTP,notwindy,projects
2436,596,DE0 395,DE0 73,7.056368200017846,9.930415662805373,0.0,0.0,baseTP,notwindy,projects
2437,597,DE0 396,DE0 409,6.63757193417293,15.646800844545291,0.0,0.0,baseTP,notwindy,projects
2438,598,DE0 398,DE0 435,8.224086213890384,20.759708909571277,0.0,0.0,baseTP,notwindy,projects
2439,599,DE0 399,DE0 401,12.896216922713657,36.52832634392046,0.0,0.0,baseTP,notwindy,projects
2440,6,DE0 1,DE0 402,26.656491579609142,27.1498447728427,0.0,0.0,baseTP,notwindy,projects
2441,60,DE0 118,DE0 233,1.0127963072304258,1.520893635267434,0.0,0.0,baseTP,notwindy,projects
2442,600,DE0 399,DE0 66,9.41819973715798,33.032100099422195,0.0,0.0,baseTP,notwindy,projects
2443,601,DE0 40,DE0 72,6.865307711611333,21.214447983940968,0.0,0.0,baseTP,notwindy,projects
2444,602,DE0 400,DE0 449,3.6691638808920284,8.572945978434912,0.0,0.0,baseTP,notwindy,projects
2445,603,DE0 400,DE0 91,11.088785106889905,18.789313744495658,0.0,0.0,baseTP,notwindy,projects
2446,604,DE0 402,DE0 441,7.798745033251358,15.273072161052859,0.0,0.0,baseTP,notwindy,projects
2447,605,DE0 404,DE0 95,17.257807038313135,18.3516616449904,0.0,0.0,baseTP,notwindy,projects
2448,606,DE0 407,DE0 54,1.2979984289531965,3.5772074589903786,0.0,0.0,baseTP,notwindy,projects
2449,607,DE0 407,DE0 54,1.2970379661673324,3.5722590104724823,0.0,0.0,baseTP,notwindy,projects
2450,608,DE0 408,DE0 95,8.49556340214776,14.682286206063408,0.0,0.0,baseTP,notwindy,projects
2451,609,DE0 41,DE0 412,5.184200312765428,10.320721799919633,0.0,0.0,baseTP,notwindy,projects
2452,61,DE0 118,DE0 437,0.6772517202697219,1.0820985846714417,0.0,0.0,baseTP,notwindy,projects
2453,610,DE0 41,DE0 440,1.557408722758674,3.2212988469864827,0.0,0.0,baseTP,notwindy,projects
2454,611,DE0 410,DE0 424,12.917671916283634,31.44365761070331,0.0,0.0,baseTP,notwindy,projects
2455,612,DE0 411,DE0 42,13.188141808133281,20.713319209695094,0.0,0.0,baseTP,notwindy,projects
2456,613,DE0 411,DE0 60,26.955705914235008,47.96727760381717,0.0,0.0,baseTP,notwindy,projects
2457,614,DE0 42,DE0 7,13.004815942989268,25.341956390879698,0.0,0.0,baseTP,notwindy,projects
2458,615,DE0 42,DE0 99,13.761486070411047,24.535418723117584,0.0,0.0,baseTP,notwindy,projects
2459,616,DE0 420,DE0 442,2.112841029861294,9.122842600827516,0.0,0.0,baseTP,notwindy,projects
2460,617,DE0 423,DE0 85,8.288052395056857,17.194483844170993,0.0,0.0,baseTP,notwindy,projects
2461,618,DE0 425,DE0 77,7.952678008838528,10.839016402271847,0.0,0.0,baseTP,notwindy,projects
2462,619,DE0 426,DE0 436,17.14148629752817,25.453209877465206,0.0,0.0,baseTP,notwindy,projects
2463,62,DE0 118,DE0 67,2.590718096578686,7.295270622710672,0.0,0.0,baseTP,notwindy,projects
2464,620,DE0 427,DE0 57,21.826373953573107,61.49577109227048,2.0,0.0,baseTP,notwindy,projects
2465,621,DE0 43,DE0 58,10.797401509894266,35.249325880308255,0.0,0.0,baseTP,notwindy,projects
2466,622,DE0 432,DE0 53,7.090578704284202,9.680198177687432,0.0,0.0,baseTP,notwindy,projects
2467,623,DE0 435,DE0 80,5.772251819437944,15.193323075375279,0.0,0.0,baseTP,notwindy,projects
2468,624,DE0 438,DE0 77,18.849956439709445,29.22705856289966,0.0,0.0,baseTP,notwindy,projects
2469,625,DE0 439,DE0 9,5.40478823206922,14.37928716386251,0.0,0.0,baseTP,notwindy,projects
2470,626,DE0 44,DE0 56,30.617026547912733,48.97174374805945,0.0,0.0,baseTP,notwindy,projects
2471,627,DE0 447,DE0 76,12.8065850459961,17.697970325057362,0.0,0.0,baseTP,notwindy,projects
2472,628,DE0 5,DE0 91,1.2197778528730427,4.234572005902404,0.0,0.0,baseTP,notwindy,projects
2473,629,DE0 51,DE0 59,16.175389796084538,27.701559133340027,0.0,0.0,baseTP,notwindy,projects
2474,63,DE0 119,DE0 293,4.8134633376603695,10.285880606155397,0.0,0.0,baseTP,notwindy,projects
2475,630,DE0 51,DE0 67,8.005963210488282,19.14821447446646,0.0,0.0,baseTP,notwindy,projects
2476,631,DE0 54,DE0 74,3.0763525931779183,9.986366398062604,0.0,0.0,baseTP,notwindy,projects
2477,632,DE0 55,DE0 98,17.648680398039538,48.086349623206466,0.0,0.0,baseTP,notwindy,projects
2478,633,DE0 56,DE0 7,11.989056074612302,23.128766245451228,0.0,0.0,baseTP,notwindy,projects
2479,634,DE0 56,DE0 71,6.846157970352435,15.309278718586947,0.0,0.0,baseTP,notwindy,projects
2480,635,DE0 56,DE0 72,23.090772303102376,32.129335481442126,0.0,0.0,baseTP,notwindy,projects
2481,636,DE0 60,DE0 75,24.39160514074379,34.25772859698087,0.0,0.0,baseTP,notwindy,projects
2482,637,DE0 64,DE0 84,23.711026523072906,34.979958839764066,0.0,0.0,baseTP,notwindy,projects
2483,638,DE0 67,DE0 8,5.642826707786398,14.343731239232483,0.0,0.0,baseTP,notwindy,projects
2484,639,DE0 7,DE0 99,8.2522703184429,13.877223786716819,0.0,0.0,baseTP,notwindy,projects
2485,64,DE0 119,DE0 330,4.297326027780582,9.722491197095144,0.0,0.0,baseTP,notwindy,projects
2486,640,DE0 72,DE0 97,13.12516500593378,35.37664644089038,0.0,0.0,baseTP,notwindy,projects
2487,641,DE0 98,DE0 99,8.308777335853074,16.38131614098154,0.0,0.0,baseTP,notwindy,projects
2488,65,DE0 12,DE0 187,13.686782455483835,18.352393959299683,0.0,0.0,baseTP,notwindy,projects
2489,66,DE0 12,DE0 321,30.58812846003028,31.185002665389185,0.0,0.0,baseTP,notwindy,projects
2490,67,DE0 12,DE0 71,12.181427678294583,17.10033471798367,0.0,0.0,baseTP,notwindy,projects
2491,68,DE0 12,DE0 75,27.464102722914564,36.403695923024735,0.0,0.0,baseTP,notwindy,projects
2492,69,DE0 120,DE0 2,8.245455541849566,18.608107631049357,0.0,0.0,baseTP,notwindy,projects
2493,7,DE0 10,DE0 275,11.55290135557518,22.78538764697269,0.0,0.0,baseTP,notwindy,projects
2494,70,DE0 120,DE0 288,7.555873556886551,23.1439067182722,0.0,0.0,baseTP,notwindy,projects
2495,71,DE0 120,DE0 327,14.790299557251954,52.740010089895826,0.0,0.0,baseTP,notwindy,projects
2496,72,DE0 120,DE0 422,17.58497965418334,26.524114077723393,0.0,0.0,baseTP,notwindy,projects
2497,73,DE0 121,DE0 220,16.10400245687866,24.11089283235474,0.0,0.0,baseTP,notwindy,projects
2498,74,DE0 121,DE0 447,23.208453046155434,29.744080286579127,0.0,0.0,baseTP,notwindy,projects
2499,75,DE0 122,DE0 32,17.368952193091594,22.341218143653357,0.0,0.0,baseTP,notwindy,projects
2500,76,DE0 122,DE0 60,16.8864062786911,26.44155606425774,0.0,0.0,baseTP,notwindy,projects
2501,77,DE0 123,DE0 154,19.587849511139176,27.842535003642755,0.0,0.0,baseTP,notwindy,projects
2502,78,DE0 123,DE0 205,32.36738774090433,60.5087715261268,1.0,0.0,baseTP,notwindy,projects
2503,79,DE0 123,DE0 313,14.129532654466217,23.81276583901842,0.0,0.0,baseTP,notwindy,projects
2504,8,DE0 10,DE0 357,13.545361559332667,18.437469908812737,0.0,0.0,baseTP,notwindy,projects
2505,80,DE0 123,DE0 4,7.157312193289467,15.81042446444444,0.0,0.0,baseTP,notwindy,projects
2506,81,DE0 123,DE0 75,5.291012462951004,14.841373140091688,0.0,0.0,baseTP,notwindy,projects
2507,82,DE0 124,DE0 207,6.457616253150731,11.625284761675445,0.0,0.0,baseTP,notwindy,projects
2508,83,DE0 124,DE0 447,3.6431631913057707,11.097670689508304,0.0,0.0,baseTP,notwindy,projects
2509,84,DE0 125,DE0 154,24.93185732199471,34.64061695467059,0.0,0.0,baseTP,notwindy,projects
2510,85,DE0 125,DE0 2,13.14929194349089,23.583901426404633,0.0,0.0,baseTP,notwindy,projects
2511,86,DE0 125,DE0 314,9.675811916836887,16.664881127070004,0.0,0.0,baseTP,notwindy,projects
2512,87,DE0 125,DE0 34,38.83457607075593,61.493441427394714,2.0,0.0,baseTP,notwindy,projects
2513,88,DE0 125,DE0 389,35.82375706643883,55.600274423381045,0.0,0.0,baseTP,notwindy,projects
2514,89,DE0 125,DE0 40,21.069523564090854,34.80638184252182,0.0,0.0,baseTP,notwindy,projects
2515,9,DE0 100,DE0 205,15.694463186168248,26.818142846070376,0.0,0.0,baseTP,notwindy,projects
2516,90,DE0 126,DE0 196,6.7977949842793945,13.524262442825641,0.0,0.0,baseTP,notwindy,projects
2517,91,DE0 126,DE0 428,7.356822923034012,12.026845659582024,0.0,0.0,baseTP,notwindy,projects
2518,92,DE0 127,DE0 167,5.445829413543107,10.411971773382936,0.0,0.0,baseTP,notwindy,projects
2519,93,DE0 127,DE0 221,7.004956759470331,11.987817874919383,0.0,0.0,baseTP,notwindy,projects
2520,94,DE0 127,DE0 264,1.987776657966114,6.479902768145047,0.0,0.0,baseTP,notwindy,projects
2521,95,DE0 127,DE0 381,4.971353121535014,7.898706031198498,0.0,0.0,baseTP,notwindy,projects
2522,96,DE0 127,DE0 5,5.941524354673572,12.474891812830993,0.0,0.0,baseTP,notwindy,projects
2523,97,DE0 128,DE0 155,19.295599348237566,51.11680402334632,0.0,0.0,baseTP,notwindy,projects
2524,98,DE0 128,DE0 444,8.373032200724522,12.125033367194542,0.0,0.0,baseTP,notwindy,projects
2525,99,DE0 128,DE0 88,21.70316377612042,32.772789461479576,0.0,0.0,baseTP,notwindy,projects
2526,0,DE0 0,DE0 281,4.226116395060275,8.791934813273624,0.0,0.0,baseTP,windvariability,projects
2527,1,DE0 0,DE0 86,30.086237779587172,46.59634079468293,0.0,0.0,baseTP,windvariability,projects
2528,10,DE0 100,DE0 88,14.372200744993261,27.776950273417157,0.0,0.0,baseTP,windvariability,projects
2529,100,DE0 129,DE0 259,16.961693984971923,25.542425988265734,0.0,0.0,baseTP,windvariability,projects
2530,101,DE0 129,DE0 32,23.29966224822341,32.33191741245009,0.0,0.0,baseTP,windvariability,projects
2531,102,DE0 129,DE0 75,3.6389318290620447,8.18778507405499,0.0,0.0,baseTP,windvariability,projects
2532,103,DE0 13,DE0 215,5.958900872292498,10.231636043507837,0.0,0.0,baseTP,windvariability,projects
2533,104,DE0 13,DE0 249,25.78624671592187,45.70936418859831,0.0,0.0,baseTP,windvariability,projects
2534,105,DE0 130,DE0 144,11.90110696781556,19.73144984422133,0.0,0.0,baseTP,windvariability,projects
2535,106,DE0 130,DE0 23,14.620467159506417,27.802598121488643,0.0,0.0,baseTP,windvariability,projects
2536,107,DE0 130,DE0 274,29.496452712009464,45.3171026381767,0.0,0.0,baseTP,windvariability,projects
2537,108,DE0 131,DE0 373,19.54001984554776,19.54002990121317,0.0,0.0,baseTP,windvariability,projects
2538,109,DE0 131,DE0 89,2.9724495480940933,4.587139168861157,0.0,0.0,baseTP,windvariability,projects
2539,11,DE0 101,DE0 195,12.081784676108136,17.80722513539646,0.0,0.0,baseTP,windvariability,projects
2540,110,DE0 132,DE0 198,19.64597814809649,31.209183450310125,0.0,0.0,baseTP,windvariability,projects
2541,111,DE0 132,DE0 211,15.55936739494389,29.923363395500385,0.0,0.0,baseTP,windvariability,projects
2542,112,DE0 133,DE0 278,14.640892335003604,24.0123208347654,0.0,0.0,baseTP,windvariability,projects
2543,113,DE0 133,DE0 295,19.856921322301233,29.76105699830799,0.0,0.0,baseTP,windvariability,projects
2544,114,DE0 134,DE0 171,12.614811537694006,31.300067624021686,0.0,0.0,baseTP,windvariability,projects
2545,115,DE0 134,DE0 192,12.553061485086028,21.76974040680664,0.0,0.0,baseTP,windvariability,projects
2546,116,DE0 134,DE0 245,11.858767199337906,30.509014465024382,0.0,0.0,baseTP,windvariability,projects
2547,117,DE0 134,DE0 400,10.745586920445866,21.72655509935117,0.0,0.0,baseTP,windvariability,projects
2548,118,DE0 134,DE0 65,34.917617732821455,68.98830029597214,7.0,0.0,baseTP,windvariability,projects
2549,119,DE0 135,DE0 252,9.807129772416562,14.59590099391907,0.0,0.0,baseTP,windvariability,projects
2550,12,DE0 101,DE0 393,34.56789932192277,47.51982805483675,0.0,0.0,baseTP,windvariability,projects
2551,120,DE0 135,DE0 436,10.922845211602532,15.648216778080256,0.0,0.0,baseTP,windvariability,projects
2552,121,DE0 136,DE0 244,12.73584807218889,23.96281938600028,0.0,0.0,baseTP,windvariability,projects
2553,122,DE0 136,DE0 271,15.405990120387017,27.55991768312256,0.0,0.0,baseTP,windvariability,projects
2554,123,DE0 137,DE0 228,20.110496730914498,35.618741697883216,0.0,0.0,baseTP,windvariability,projects
2555,124,DE0 137,DE0 273,11.54390705905088,19.612589321212933,0.0,0.0,baseTP,windvariability,projects
2556,125,DE0 137,DE0 350,8.673636638526945,20.939641058292338,0.0,0.0,baseTP,windvariability,projects
2557,126,DE0 137,DE0 357,13.689338714121128,32.06242875518354,0.0,0.0,baseTP,windvariability,projects
2558,127,DE0 138,DE0 204,68.80647876736168,68.80649493013003,24.0,0.0,baseTP,windvariability,projects
2559,128,DE0 138,DE0 36,40.97564130097073,58.08766258551494,0.0,0.0,baseTP,windvariability,projects
2560,129,DE0 138,DE0 422,13.464048494972273,17.604495725188556,0.0,0.0,baseTP,windvariability,projects
2561,13,DE0 102,DE0 253,2.5097875427751144,4.053658935392287,0.0,0.0,baseTP,windvariability,projects
2562,130,DE0 139,DE0 197,10.197881069158727,22.542895078609185,0.0,0.0,baseTP,windvariability,projects
2563,131,DE0 139,DE0 423,7.3734924266082285,13.301334859974245,0.0,0.0,baseTP,windvariability,projects
2564,132,DE0 139,DE0 44,17.626322719986685,34.04487889487289,0.0,0.0,baseTP,windvariability,projects
2565,133,DE0 139,DE0 56,19.75709906698855,32.860372946122325,0.0,0.0,baseTP,windvariability,projects
2566,134,DE0 139,DE0 58,9.997991634001234,21.691189587681173,0.0,0.0,baseTP,windvariability,projects
2567,135,DE0 139,DE0 85,7.283716308663296,16.165119534256515,0.0,0.0,baseTP,windvariability,projects
2568,136,DE0 14,DE0 195,9.115530683975036,13.978128741142138,0.0,0.0,baseTP,windvariability,projects
2569,137,DE0 14,DE0 54,60.75397828590795,66.74204022215051,16.0,0.0,baseTP,windvariability,projects
2570,138,DE0 140,DE0 19,8.596877931548603,15.254446417316414,0.0,0.0,baseTP,windvariability,projects
2571,139,DE0 140,DE0 248,2.8535740142894435,7.464255448812811,0.0,0.0,baseTP,windvariability,projects
2572,14,DE0 102,DE0 415,2.039265811105388,3.9062918819403416,0.0,0.0,baseTP,windvariability,projects
2573,140,DE0 141,DE0 294,10.000030120206604,16.81219206887545,0.0,0.0,baseTP,windvariability,projects
2574,141,DE0 141,DE0 319,6.174100246668455,12.605495698421922,0.0,0.0,baseTP,windvariability,projects
2575,142,DE0 142,DE0 145,25.751308638980692,33.10395571086573,0.0,0.0,baseTP,windvariability,projects
2576,143,DE0 142,DE0 308,21.30990066738766,26.104680698895265,0.0,0.0,baseTP,windvariability,projects
2577,144,DE0 143,DE0 234,18.176850576203822,25.058700900391568,0.0,0.0,baseTP,windvariability,projects
2578,145,DE0 144,DE0 262,29.51992791786103,45.75760613180863,0.0,0.0,baseTP,windvariability,projects
2579,146,DE0 144,DE0 36,40.69306356627383,59.21407321042778,0.0,0.0,baseTP,windvariability,projects
2580,147,DE0 145,DE0 35,15.11238190832462,27.97106231092849,0.0,0.0,baseTP,windvariability,projects
2581,148,DE0 145,DE0 51,7.609977359418769,23.18001481536041,0.0,0.0,baseTP,windvariability,projects
2582,149,DE0 146,DE0 321,22.60630145364601,35.129869254404156,0.0,0.0,baseTP,windvariability,projects
2583,15,DE0 102,DE0 99,8.582331207026884,14.368380480454976,0.0,0.0,baseTP,windvariability,projects
2584,150,DE0 146,DE0 411,14.206454643253133,25.237978773804798,0.0,0.0,baseTP,windvariability,projects
2585,151,DE0 146,DE0 42,10.689178972668062,21.682229200845246,0.0,0.0,baseTP,windvariability,projects
2586,152,DE0 146,DE0 69,35.02114932006341,53.85885839406588,0.0,0.0,baseTP,windvariability,projects
2587,153,DE0 147,DE0 183,16.461548199856953,26.51041152130109,0.0,0.0,baseTP,windvariability,projects
2588,154,DE0 147,DE0 222,15.298393887437145,24.944544764870432,0.0,0.0,baseTP,windvariability,projects
2589,155,DE0 148,DE0 172,9.398888436896497,18.354983632781675,0.0,0.0,baseTP,windvariability,projects
2590,156,DE0 148,DE0 238,12.671511184938291,29.269501905127566,0.0,0.0,baseTP,windvariability,projects
2591,157,DE0 148,DE0 250,8.035244503135853,12.081949666457962,0.0,0.0,baseTP,windvariability,projects
2592,158,DE0 148,DE0 429,0.8700158033109652,2.5438636786852458,0.0,0.0,baseTP,windvariability,projects
2593,159,DE0 148,DE0 432,4.520006630939665,8.68465754485962,0.0,0.0,baseTP,windvariability,projects
2594,16,DE0 103,DE0 202,7.384528008399248,14.72879279629235,0.0,0.0,baseTP,windvariability,projects
2595,160,DE0 148,DE0 53,8.350355270104824,19.207164371073095,0.0,0.0,baseTP,windvariability,projects
2596,161,DE0 149,DE0 267,4.151578286542612,10.978394971930845,0.0,0.0,baseTP,windvariability,projects
2597,162,DE0 149,DE0 335,2.153111042197062,4.641991960481915,0.0,0.0,baseTP,windvariability,projects
2598,163,DE0 15,DE0 364,12.534728901968478,24.909531136981403,0.0,0.0,baseTP,windvariability,projects
2599,164,DE0 15,DE0 409,5.306777106202597,7.534655497852399,0.0,0.0,baseTP,windvariability,projects
2600,165,DE0 150,DE0 21,36.10791378730999,44.70139153256644,0.0,0.0,baseTP,windvariability,projects
2601,166,DE0 150,DE0 410,37.92293408746529,47.87716662722846,0.0,0.0,baseTP,windvariability,projects
2602,167,DE0 151,DE0 405,19.125767678292473,30.248825363640304,0.0,0.0,baseTP,windvariability,projects
2603,168,DE0 151,DE0 79,19.618349015301327,31.29457656955146,0.0,0.0,baseTP,windvariability,projects
2604,169,DE0 152,DE0 351,15.531213565009361,22.069589182306533,0.0,0.0,baseTP,windvariability,projects
2605,17,DE0 103,DE0 428,6.001295866496941,11.912975120926456,0.0,0.0,baseTP,windvariability,projects
2606,170,DE0 153,DE0 315,7.505159035142101,14.50429286150747,0.0,0.0,baseTP,windvariability,projects
2607,171,DE0 153,DE0 79,7.9807829716262715,16.400782863534,0.0,0.0,baseTP,windvariability,projects
2608,172,DE0 155,DE0 265,30.903141905440297,38.19040888596965,0.0,0.0,baseTP,windvariability,projects
2609,173,DE0 155,DE0 277,18.74894221836021,26.516289075663902,0.0,0.0,baseTP,windvariability,projects
2610,174,DE0 156,DE0 306,15.223314256062888,32.70190811743047,0.0,0.0,baseTP,windvariability,projects
2611,175,DE0 156,DE0 309,7.35264495168413,13.41598080712857,0.0,0.0,baseTP,windvariability,projects
2612,176,DE0 156,DE0 382,13.798585778353203,29.27722080784754,0.0,0.0,baseTP,windvariability,projects
2613,177,DE0 156,DE0 430,10.433946049664696,22.28640199676283,0.0,0.0,baseTP,windvariability,projects
2614,178,DE0 157,DE0 158,3.056185746610926,6.900758005102841,0.0,0.0,baseTP,windvariability,projects
2615,179,DE0 157,DE0 3,50.15069576343326,65.62132181432877,4.0,0.0,baseTP,windvariability,projects
2616,18,DE0 103,DE0 9,7.738938730682457,14.292156669097395,0.0,0.0,baseTP,windvariability,projects
2617,180,DE0 157,DE0 45,4.5719206677727895,11.28514503977697,0.0,0.0,baseTP,windvariability,projects
2618,181,DE0 157,DE0 94,5.243262787643532,11.409745929696086,0.0,0.0,baseTP,windvariability,projects
2619,182,DE0 158,DE0 18,17.772938337927236,25.220506961895545,0.0,0.0,baseTP,windvariability,projects
2620,183,DE0 158,DE0 209,15.887206374984327,23.225371500385343,0.0,0.0,baseTP,windvariability,projects
2621,184,DE0 158,DE0 322,6.544724332046004,12.464598363625774,0.0,0.0,baseTP,windvariability,projects
2622,185,DE0 158,DE0 361,12.762975630499069,18.125127039121804,0.0,0.0,baseTP,windvariability,projects
2623,186,DE0 158,DE0 378,13.34060525441478,32.3733194455608,0.0,0.0,baseTP,windvariability,projects
2624,187,DE0 158,DE0 55,13.19836758724965,18.61904349742032,0.0,0.0,baseTP,windvariability,projects
2625,188,DE0 158,DE0 86,31.30522727991342,41.91470966829319,0.0,0.0,baseTP,windvariability,projects
2626,189,DE0 158,DE0 90,22.94016273523553,38.45169602871453,0.0,0.0,baseTP,windvariability,projects
2627,19,DE0 104,DE0 125,29.421182370420773,50.90895889542807,0.0,0.0,baseTP,windvariability,projects
2628,190,DE0 159,DE0 253,22.470358640783186,37.073671425222905,0.0,0.0,baseTP,windvariability,projects
2629,191,DE0 159,DE0 29,9.754138384317635,16.257480396854714,0.0,0.0,baseTP,windvariability,projects
2630,192,DE0 16,DE0 197,11.12502578356901,19.72884867825367,0.0,0.0,baseTP,windvariability,projects
2631,193,DE0 16,DE0 423,13.044926076380428,23.00386434671208,0.0,0.0,baseTP,windvariability,projects
2632,194,DE0 160,DE0 202,7.632599854797663,18.599936016534993,0.0,0.0,baseTP,windvariability,projects
2633,195,DE0 160,DE0 280,7.215436629388622,18.318669058590903,0.0,0.0,baseTP,windvariability,projects
2634,196,DE0 160,DE0 423,7.426568454436325,18.89566029702381,0.0,0.0,baseTP,windvariability,projects
2635,197,DE0 161,DE0 320,6.631323942129315,10.538347470820423,0.0,0.0,baseTP,windvariability,projects
2636,198,DE0 161,DE0 385,11.9877922270126,18.058992913833446,0.0,0.0,baseTP,windvariability,projects
2637,199,DE0 162,DE0 341,3.5716304560323215,8.797012326331512,0.0,0.0,baseTP,windvariability,projects
2638,2,DE0 0,DE0 90,16.05874215311568,24.218284742464448,0.0,0.0,baseTP,windvariability,projects
2639,20,DE0 104,DE0 297,22.464274813054548,29.9092239759181,0.0,0.0,baseTP,windvariability,projects
2640,200,DE0 162,DE0 389,3.29877959876528,6.28291383793478,0.0,0.0,baseTP,windvariability,projects
2641,201,DE0 163,DE0 361,5.440134886579586,14.29380778426596,0.0,0.0,baseTP,windvariability,projects
2642,202,DE0 163,DE0 43,13.165389491081903,22.864782009739343,0.0,0.0,baseTP,windvariability,projects
2643,203,DE0 164,DE0 250,4.960506662510646,10.364397007653494,0.0,0.0,baseTP,windvariability,projects
2644,204,DE0 164,DE0 387,5.058264544139641,10.618419003100609,0.0,0.0,baseTP,windvariability,projects
2645,205,DE0 165,DE0 50,31.2198696278235,44.26004311870928,0.0,0.0,baseTP,windvariability,projects
2646,206,DE0 165,DE0 8,19.516194549462085,35.882364039957004,0.0,0.0,baseTP,windvariability,projects
2647,207,DE0 166,DE0 206,33.718810575735205,52.94883019078836,0.0,0.0,baseTP,windvariability,projects
2648,208,DE0 166,DE0 274,32.36369513458921,47.44595969207408,0.0,0.0,baseTP,windvariability,projects
2649,209,DE0 166,DE0 36,20.033733641641163,30.421020137334466,0.0,0.0,baseTP,windvariability,projects
2650,21,DE0 104,DE0 389,15.209993823364131,32.67036248492292,0.0,0.0,baseTP,windvariability,projects
2651,210,DE0 166,DE0 97,4.397962111784334,15.84621602333157,0.0,0.0,baseTP,windvariability,projects
2652,211,DE0 167,DE0 224,13.3298070265187,27.460906420298425,0.0,0.0,baseTP,windvariability,projects
2653,212,DE0 167,DE0 226,21.417331446851072,51.72782161704621,0.0,0.0,baseTP,windvariability,projects
2654,213,DE0 167,DE0 33,10.06101332234105,20.929940258292902,0.0,0.0,baseTP,windvariability,projects
2655,214,DE0 167,DE0 388,14.50639100047465,19.841619223116115,0.0,0.0,baseTP,windvariability,projects
2656,215,DE0 167,DE0 48,17.629794986385573,48.806266927665035,0.0,0.0,baseTP,windvariability,projects
2657,216,DE0 168,DE0 310,6.934759636868335,9.460624535940907,0.0,0.0,baseTP,windvariability,projects
2658,217,DE0 168,DE0 312,23.424893352978412,33.953470471449705,0.0,0.0,baseTP,windvariability,projects
2659,218,DE0 168,DE0 421,5.416442585377681,15.51521443137217,0.0,0.0,baseTP,windvariability,projects
2660,219,DE0 168,DE0 84,11.46563657414162,23.267176431056036,0.0,0.0,baseTP,windvariability,projects
2661,22,DE0 104,DE0 4,4.462937158656733,13.401809970314618,0.0,0.0,baseTP,windvariability,projects
2662,220,DE0 169,DE0 263,15.083710378033674,25.158836860267243,0.0,0.0,baseTP,windvariability,projects
2663,221,DE0 169,DE0 427,15.384683715616548,26.25335925458317,0.0,0.0,baseTP,windvariability,projects
2664,222,DE0 17,DE0 205,19.048366857234544,32.499092861283344,0.0,0.0,baseTP,windvariability,projects
2665,223,DE0 17,DE0 259,21.75240524575448,35.41698423868016,0.0,0.0,baseTP,windvariability,projects
2666,224,DE0 170,DE0 42,10.186449420861214,19.716222520363306,0.0,0.0,baseTP,windvariability,projects
2667,225,DE0 170,DE0 56,11.311831864194993,20.357279433596077,0.0,0.0,baseTP,windvariability,projects
2668,226,DE0 171,DE0 9,15.205543616352532,30.818948078221435,0.0,0.0,baseTP,windvariability,projects
2669,227,DE0 172,DE0 214,16.9690317552077,27.317459850184576,0.0,0.0,baseTP,windvariability,projects
2670,228,DE0 172,DE0 270,29.77792366218548,45.81438464448953,0.0,0.0,baseTP,windvariability,projects
2671,229,DE0 172,DE0 296,36.20664481956079,61.82491696715883,2.0,0.0,baseTP,windvariability,projects
2672,23,DE0 105,DE0 181,2.1108827571515167,8.00783022521847,0.0,0.0,baseTP,windvariability,projects
2673,230,DE0 173,DE0 26,23.164175338901995,35.29867275546111,0.0,0.0,baseTP,windvariability,projects
2674,231,DE0 173,DE0 286,30.01847031633406,37.791080564449835,0.0,0.0,baseTP,windvariability,projects
2675,232,DE0 173,DE0 307,32.11100724687057,37.917339280613874,0.0,0.0,baseTP,windvariability,projects
2676,233,DE0 173,DE0 337,12.248550608306264,22.33547520221615,0.0,0.0,baseTP,windvariability,projects
2677,234,DE0 174,DE0 273,1.5600404987348664,1.8050123173315569,0.0,0.0,baseTP,windvariability,projects
2678,235,DE0 174,DE0 397,0.9348626474683943,1.0843979943393414,0.0,0.0,baseTP,windvariability,projects
2679,236,DE0 175,DE0 413,21.41817942556523,61.47236662166308,3.0,0.0,baseTP,windvariability,projects
2680,237,DE0 175,DE0 54,12.011987287981169,19.426585197527576,0.0,0.0,baseTP,windvariability,projects
2681,238,DE0 176,DE0 357,9.922290770078309,19.628935660395147,0.0,0.0,baseTP,windvariability,projects
2682,239,DE0 176,DE0 382,7.994071914649487,18.035994801372993,0.0,0.0,baseTP,windvariability,projects
2683,24,DE0 105,DE0 211,5.816575921108582,9.835497810217161,0.0,0.0,baseTP,windvariability,projects
2684,240,DE0 177,DE0 231,9.145806688582518,19.70325661095234,0.0,0.0,baseTP,windvariability,projects
2685,241,DE0 177,DE0 355,13.352210918466657,31.229159373300487,0.0,0.0,baseTP,windvariability,projects
2686,242,DE0 177,DE0 380,4.278627229584725,11.323926384982652,0.0,0.0,baseTP,windvariability,projects
2687,243,DE0 178,DE0 215,6.783847024730461,17.433267510575686,0.0,0.0,baseTP,windvariability,projects
2688,244,DE0 178,DE0 83,15.119668005993535,20.926947170087264,0.0,0.0,baseTP,windvariability,projects
2689,245,DE0 179,DE0 324,8.848378790946061,20.7216412553705,0.0,0.0,baseTP,windvariability,projects
2690,246,DE0 179,DE0 403,12.60708964432461,16.65194932906135,0.0,0.0,baseTP,windvariability,projects
2691,247,DE0 18,DE0 99,26.48101704784189,35.30551761940477,0.0,0.0,baseTP,windvariability,projects
2692,248,DE0 180,DE0 376,29.214228362166356,43.26628472312889,0.0,0.0,baseTP,windvariability,projects
2693,249,DE0 180,DE0 63,26.945540980871126,40.47313242360581,0.0,0.0,baseTP,windvariability,projects
2694,25,DE0 105,DE0 445,9.101344769050302,19.576583421357636,0.0,0.0,baseTP,windvariability,projects
2695,250,DE0 181,DE0 236,2.781255742398358,5.564221100027571,0.0,0.0,baseTP,windvariability,projects
2696,251,DE0 182,DE0 52,1.7850750581098667,2.9445181482516682,0.0,0.0,baseTP,windvariability,projects
2697,252,DE0 183,DE0 351,39.515004357255016,41.730971943223,0.0,0.0,baseTP,windvariability,projects
2698,253,DE0 184,DE0 229,28.8963960179028,45.94553889965237,0.0,0.0,baseTP,windvariability,projects
2699,254,DE0 184,DE0 295,39.66503773121936,63.91073419038684,3.0,0.0,baseTP,windvariability,projects
2700,255,DE0 185,DE0 283,33.440102287103585,60.96915786154613,2.0,0.0,baseTP,windvariability,projects
2701,256,DE0 185,DE0 328,21.369808305769546,45.643553980488946,0.0,0.0,baseTP,windvariability,projects
2702,257,DE0 185,DE0 400,17.973901448392883,30.46150909819963,0.0,0.0,baseTP,windvariability,projects
2703,258,DE0 186,DE0 55,3.8933857102116596,10.172502185541918,0.0,0.0,baseTP,windvariability,projects
2704,259,DE0 186,DE0 99,7.517885395073668,14.804536316336977,0.0,0.0,baseTP,windvariability,projects
2705,26,DE0 106,DE0 182,8.198140312567375,9.453167862431794,0.0,0.0,baseTP,windvariability,projects
2706,260,DE0 187,DE0 56,10.530682740089455,19.14954678357227,0.0,0.0,baseTP,windvariability,projects
2707,261,DE0 188,DE0 217,15.345340008459281,18.44234774273495,0.0,0.0,baseTP,windvariability,projects
2708,262,DE0 188,DE0 68,24.9989891934601,31.66892600510601,0.0,0.0,baseTP,windvariability,projects
2709,263,DE0 189,DE0 316,20.131299069497466,29.714211594791657,0.0,0.0,baseTP,windvariability,projects
2710,264,DE0 189,DE0 334,9.601618603912652,15.53434063218819,0.0,0.0,baseTP,windvariability,projects
2711,265,DE0 189,DE0 66,23.805266758037426,37.961510350636175,0.0,0.0,baseTP,windvariability,projects
2712,266,DE0 19,DE0 248,3.4783292099821255,9.167561648567913,0.0,0.0,baseTP,windvariability,projects
2713,267,DE0 19,DE0 254,16.823077907187237,21.90779056782738,0.0,0.0,baseTP,windvariability,projects
2714,268,DE0 19,DE0 62,10.508867789975733,16.54322478850902,0.0,0.0,baseTP,windvariability,projects
2715,269,DE0 190,DE0 414,26.044011147038145,39.88289908699901,0.0,0.0,baseTP,windvariability,projects
2716,27,DE0 106,DE0 222,14.876352567355411,23.945443236411933,0.0,0.0,baseTP,windvariability,projects
2717,270,DE0 190,DE0 55,29.03171461748991,42.09694732481871,0.0,0.0,baseTP,windvariability,projects
2718,271,DE0 191,DE0 269,52.28273113799921,52.28280364311942,0.0,0.0,baseTP,windvariability,projects
2719,272,DE0 191,DE0 322,10.17410068913545,29.124299419226578,0.0,0.0,baseTP,windvariability,projects
2720,273,DE0 192,DE0 449,5.4594398214084165,11.156472142854707,0.0,0.0,baseTP,windvariability,projects
2721,274,DE0 193,DE0 43,7.494288422300892,15.266669004963793,0.0,0.0,baseTP,windvariability,projects
2722,275,DE0 193,DE0 57,8.855159025040372,18.6261363274968,0.0,0.0,baseTP,windvariability,projects
2723,276,DE0 193,DE0 6,6.4546206000128326,18.95273278807644,0.0,0.0,baseTP,windvariability,projects
2724,277,DE0 194,DE0 390,22.838217271025954,32.90578359013953,0.0,0.0,baseTP,windvariability,projects
2725,278,DE0 194,DE0 391,6.47903364586541,15.633072136570842,0.0,0.0,baseTP,windvariability,projects
2726,279,DE0 195,DE0 283,33.66072730259887,61.33519483255988,2.0,0.0,baseTP,windvariability,projects
2727,28,DE0 106,DE0 30,7.479536730032178,15.601136154191064,0.0,0.0,baseTP,windvariability,projects
2728,280,DE0 195,DE0 54,66.73332069914922,68.85909482618504,22.0,0.0,baseTP,windvariability,projects
2729,281,DE0 195,DE0 65,29.732946557970624,62.669091103948524,3.0,0.0,baseTP,windvariability,projects
2730,282,DE0 196,DE0 249,15.498339439801429,31.754197100493986,0.0,0.0,baseTP,windvariability,projects
2731,283,DE0 196,DE0 380,13.717783722417673,22.809681207495597,0.0,0.0,baseTP,windvariability,projects
2732,284,DE0 197,DE0 57,11.182537193625368,19.266835641462404,0.0,0.0,baseTP,windvariability,projects
2733,285,DE0 198,DE0 211,5.189902862103896,19.494496137606728,0.0,0.0,baseTP,windvariability,projects
2734,286,DE0 198,DE0 236,5.124442029740035,12.290720647588465,0.0,0.0,baseTP,windvariability,projects
2735,287,DE0 198,DE0 335,17.795837073005693,19.581891980514442,0.0,0.0,baseTP,windvariability,projects
2736,288,DE0 198,DE0 368,5.1540562463301764,15.764998210028605,0.0,0.0,baseTP,windvariability,projects
2737,289,DE0 198,DE0 50,54.059034028469355,61.31386505855345,2.0,0.0,baseTP,windvariability,projects
2738,29,DE0 106,DE0 52,3.050684595800153,4.26597789710798,0.0,0.0,baseTP,windvariability,projects
2739,290,DE0 198,DE0 67,18.764688441035617,34.9871338655103,0.0,0.0,baseTP,windvariability,projects
2740,291,DE0 199,DE0 364,8.964404839471184,26.3624998532112,0.0,0.0,baseTP,windvariability,projects
2741,292,DE0 199,DE0 369,4.651337013359739,13.504376918184096,0.0,0.0,baseTP,windvariability,projects
2742,293,DE0 2,DE0 314,18.012707686321964,28.234781909437075,0.0,0.0,baseTP,windvariability,projects
2743,294,DE0 20,DE0 348,24.744884801427595,35.82059767828261,0.0,0.0,baseTP,windvariability,projects
2744,295,DE0 20,DE0 421,18.634223217802283,23.727065055626223,0.0,0.0,baseTP,windvariability,projects
2745,296,DE0 200,DE0 318,15.723922764897377,23.47011455301411,0.0,0.0,baseTP,windvariability,projects
2746,297,DE0 200,DE0 326,4.400759895149296,13.200039067738642,0.0,0.0,baseTP,windvariability,projects
2747,298,DE0 200,DE0 333,0.7398010244112949,1.9487652177713173,0.0,0.0,baseTP,windvariability,projects
2748,299,DE0 200,DE0 417,3.445880311894344,8.940500330578377,0.0,0.0,baseTP,windvariability,projects
2749,3,DE0 1,DE0 172,31.306210716437636,50.22924729097939,0.0,0.0,baseTP,windvariability,projects
2750,30,DE0 107,DE0 143,19.607315920559135,30.788071035845014,0.0,0.0,baseTP,windvariability,projects
2751,300,DE0 201,DE0 204,3.709945003701639,7.558686191024585,0.0,0.0,baseTP,windvariability,projects
2752,301,DE0 201,DE0 366,29.52294937935302,29.57685363142116,0.0,0.0,baseTP,windvariability,projects
2753,302,DE0 201,DE0 381,10.67912006907984,20.278082789808803,0.0,0.0,baseTP,windvariability,projects
2754,303,DE0 203,DE0 21,5.272593087932901,7.727006166765693,0.0,0.0,baseTP,windvariability,projects
2755,304,DE0 203,DE0 35,3.788357361841905,10.801999272770548,0.0,0.0,baseTP,windvariability,projects
2756,305,DE0 203,DE0 351,1.11855208198361,3.2550413995625838,0.0,0.0,baseTP,windvariability,projects
2757,306,DE0 204,DE0 289,9.203291520039674,12.565264390589078,0.0,0.0,baseTP,windvariability,projects
2758,307,DE0 204,DE0 5,12.001023098653112,20.857061021124007,0.0,0.0,baseTP,windvariability,projects
2759,308,DE0 204,DE0 82,57.25579844883221,66.19576141489314,13.0,0.0,baseTP,windvariability,projects
2760,309,DE0 204,DE0 83,17.76391847737946,23.377937171288693,0.0,0.0,baseTP,windvariability,projects
2761,31,DE0 107,DE0 61,18.40409935188608,49.66635898512735,0.0,0.0,baseTP,windvariability,projects
2762,310,DE0 205,DE0 213,3.6468300973214136,13.756544237271198,0.0,0.0,baseTP,windvariability,projects
2763,311,DE0 205,DE0 75,14.492831134661891,27.137116570618936,0.0,0.0,baseTP,windvariability,projects
2764,312,DE0 206,DE0 327,19.641459044982433,33.15540268650121,0.0,0.0,baseTP,windvariability,projects
2765,313,DE0 207,DE0 300,1.7037195662742606,4.080005167117585,0.0,0.0,baseTP,windvariability,projects
2766,314,DE0 207,DE0 70,7.038362083149814,13.05436083741967,0.0,0.0,baseTP,windvariability,projects
2767,315,DE0 208,DE0 3,8.137763818561403,24.91620987729256,0.0,0.0,baseTP,windvariability,projects
2768,316,DE0 208,DE0 414,15.576807401269646,15.576833615256987,0.0,0.0,baseTP,windvariability,projects
2769,317,DE0 209,DE0 99,15.646968202686166,22.974698502032165,0.0,0.0,baseTP,windvariability,projects
2770,318,DE0 21,DE0 284,4.7250404172366585,12.345610017867724,0.0,0.0,baseTP,windvariability,projects
2771,319,DE0 21,DE0 351,27.06210474310831,31.2687683592996,0.0,0.0,baseTP,windvariability,projects
2772,32,DE0 108,DE0 196,8.918162532359295,16.829574393585887,0.0,0.0,baseTP,windvariability,projects
2773,320,DE0 210,DE0 303,7.136618890150405,12.843952581339767,0.0,0.0,baseTP,windvariability,projects
2774,321,DE0 210,DE0 68,8.802624326692206,17.920519186116312,0.0,0.0,baseTP,windvariability,projects
2775,322,DE0 212,DE0 230,26.89487301687575,42.284756797690946,0.0,0.0,baseTP,windvariability,projects
2776,323,DE0 212,DE0 343,6.2224875946262,16.59657276630562,0.0,0.0,baseTP,windvariability,projects
2777,324,DE0 212,DE0 408,11.010877861765888,23.713128606912317,0.0,0.0,baseTP,windvariability,projects
2778,325,DE0 212,DE0 436,9.007301068010154,21.121502202066264,0.0,0.0,baseTP,windvariability,projects
2779,326,DE0 212,DE0 78,22.231897978615255,34.57058534412466,0.0,0.0,baseTP,windvariability,projects
2780,327,DE0 213,DE0 75,23.554998501922476,37.66596522789804,0.0,0.0,baseTP,windvariability,projects
2781,328,DE0 214,DE0 242,6.121520427337487,14.34645276405668,0.0,0.0,baseTP,windvariability,projects
2782,329,DE0 214,DE0 367,7.766960008695994,18.970455182144818,0.0,0.0,baseTP,windvariability,projects
2783,33,DE0 108,DE0 384,19.355722409997554,27.522997666292763,0.0,0.0,baseTP,windvariability,projects
2784,330,DE0 215,DE0 359,7.690295953006772,20.477803640453473,0.0,0.0,baseTP,windvariability,projects
2785,331,DE0 215,DE0 380,27.935017161820973,48.599463310011934,0.0,0.0,baseTP,windvariability,projects
2786,332,DE0 215,DE0 384,21.038317966362875,29.545581815594886,0.0,0.0,baseTP,windvariability,projects
2787,333,DE0 215,DE0 81,29.614580113884355,45.37107433928152,0.0,0.0,baseTP,windvariability,projects
2788,334,DE0 216,DE0 251,4.026103826870189,9.571510290154409,0.0,0.0,baseTP,windvariability,projects
2789,335,DE0 216,DE0 272,7.6077394374719844,12.47588403835503,0.0,0.0,baseTP,windvariability,projects
2790,336,DE0 216,DE0 294,9.932174206820706,16.88670549252255,0.0,0.0,baseTP,windvariability,projects
2791,337,DE0 217,DE0 365,9.466682908051078,23.191728880367368,0.0,0.0,baseTP,windvariability,projects
2792,338,DE0 217,DE0 379,16.245692972725394,21.517009619239722,0.0,0.0,baseTP,windvariability,projects
2793,339,DE0 218,DE0 251,10.907418950940007,20.965743367443785,0.0,0.0,baseTP,windvariability,projects
2794,34,DE0 109,DE0 221,8.168945223502806,15.411862481127411,0.0,0.0,baseTP,windvariability,projects
2795,340,DE0 218,DE0 47,7.470663358890055,16.01036586782276,0.0,0.0,baseTP,windvariability,projects
2796,341,DE0 219,DE0 447,17.726635569749526,17.72663789287594,0.0,0.0,baseTP,windvariability,projects
2797,342,DE0 219,DE0 76,13.468293383132321,16.74592381279044,0.0,0.0,baseTP,windvariability,projects
2798,343,DE0 22,DE0 269,10.26186147231934,19.190434084599083,0.0,0.0,baseTP,windvariability,projects
2799,344,DE0 22,DE0 30,14.978155289442732,21.177853579689522,0.0,0.0,baseTP,windvariability,projects
2800,345,DE0 22,DE0 322,14.396710807719307,22.084776136331197,0.0,0.0,baseTP,windvariability,projects
2801,346,DE0 22,DE0 62,30.13823901527317,38.882144024947216,0.0,0.0,baseTP,windvariability,projects
2802,347,DE0 220,DE0 270,14.039555710283022,31.00809835865725,0.0,0.0,baseTP,windvariability,projects
2803,348,DE0 223,DE0 360,23.53450877464532,39.86938759201218,0.0,0.0,baseTP,windvariability,projects
2804,349,DE0 223,DE0 377,13.527589879804092,21.36663891907615,0.0,0.0,baseTP,windvariability,projects
2805,35,DE0 109,DE0 239,17.35411345609336,33.61965262088862,0.0,0.0,baseTP,windvariability,projects
2806,350,DE0 224,DE0 33,5.445101587754795,12.400201941326543,0.0,0.0,baseTP,windvariability,projects
2807,351,DE0 225,DE0 242,5.382605503531452,8.569308744819294,0.0,0.0,baseTP,windvariability,projects
2808,352,DE0 225,DE0 429,1.152652598732353,2.714077486141546,0.0,0.0,baseTP,windvariability,projects
2809,353,DE0 225,DE0 432,1.5005014056302233,2.2851003415674866,0.0,0.0,baseTP,windvariability,projects
2810,354,DE0 226,DE0 48,19.254749693668437,32.56609038575948,0.0,0.0,baseTP,windvariability,projects
2811,355,DE0 226,DE0 49,4.238042125262573,8.400452831123344,0.0,0.0,baseTP,windvariability,projects
2812,356,DE0 227,DE0 51,29.275749852496286,35.91319664135095,0.0,0.0,baseTP,windvariability,projects
2813,357,DE0 227,DE0 59,3.0335208632914124,4.782710976946899,0.0,0.0,baseTP,windvariability,projects
2814,358,DE0 228,DE0 261,15.34525588650579,29.585676555099425,0.0,0.0,baseTP,windvariability,projects
2815,359,DE0 229,DE0 324,26.919217186314338,42.77210493303884,0.0,0.0,baseTP,windvariability,projects
2816,36,DE0 109,DE0 247,12.683641777445711,24.454327130829416,0.0,0.0,baseTP,windvariability,projects
2817,360,DE0 23,DE0 244,10.105820614809346,20.44055854173079,0.0,0.0,baseTP,windvariability,projects
2818,361,DE0 230,DE0 78,12.854664963690402,19.430542111838005,0.0,0.0,baseTP,windvariability,projects
2819,362,DE0 231,DE0 359,8.589196102501003,20.440909666135397,0.0,0.0,baseTP,windvariability,projects
2820,363,DE0 232,DE0 407,25.551787482886994,26.648479069057956,0.0,0.0,baseTP,windvariability,projects
2821,364,DE0 233,DE0 437,1.9537416025326506,2.6646634519796053,0.0,0.0,baseTP,windvariability,projects
2822,365,DE0 234,DE0 398,30.466541368690653,42.716843265885544,0.0,0.0,baseTP,windvariability,projects
2823,366,DE0 235,DE0 329,18.073161381185628,29.466095232722317,0.0,0.0,baseTP,windvariability,projects
2824,367,DE0 235,DE0 353,28.105622806561854,47.178398553056894,0.0,0.0,baseTP,windvariability,projects
2825,368,DE0 235,DE0 413,20.144272926958998,60.20927024047159,2.0,0.0,baseTP,windvariability,projects
2826,369,DE0 236,DE0 401,17.70032623818162,21.854471198415464,0.0,0.0,baseTP,windvariability,projects
2827,37,DE0 11,DE0 114,9.15293551825373,14.516779837275942,0.0,0.0,baseTP,windvariability,projects
2828,370,DE0 237,DE0 258,13.043803247680714,24.090049852577405,0.0,0.0,baseTP,windvariability,projects
2829,371,DE0 237,DE0 275,9.383279830386675,15.843760436295945,0.0,0.0,baseTP,windvariability,projects
2830,372,DE0 237,DE0 46,9.278750565466188,16.018450647287192,0.0,0.0,baseTP,windvariability,projects
2831,373,DE0 238,DE0 250,7.553440537500639,16.555519290318625,0.0,0.0,baseTP,windvariability,projects
2832,374,DE0 238,DE0 268,14.31387930204458,36.819050988235766,0.0,0.0,baseTP,windvariability,projects
2833,375,DE0 238,DE0 53,16.266374143016783,34.94934118261795,0.0,0.0,baseTP,windvariability,projects
2834,376,DE0 239,DE0 440,15.16980413484399,27.085705430448048,0.0,0.0,baseTP,windvariability,projects
2835,377,DE0 24,DE0 266,11.98372240564612,23.32483934091912,0.0,0.0,baseTP,windvariability,projects
2836,378,DE0 24,DE0 447,10.551524304565042,25.243361705282748,0.0,0.0,baseTP,windvariability,projects
2837,379,DE0 240,DE0 356,13.867221008154631,31.227271871572864,0.0,0.0,baseTP,windvariability,projects
2838,38,DE0 11,DE0 152,11.012960378351389,15.800001569061372,0.0,0.0,baseTP,windvariability,projects
2839,380,DE0 240,DE0 63,5.87389284696122,15.985496357568755,0.0,0.0,baseTP,windvariability,projects
2840,381,DE0 241,DE0 332,7.953940776720353,12.377216515128726,0.0,0.0,baseTP,windvariability,projects
2841,382,DE0 241,DE0 341,6.5011638275569394,8.972259501533536,0.0,0.0,baseTP,windvariability,projects
2842,383,DE0 242,DE0 250,7.090207513698458,13.396736502522497,0.0,0.0,baseTP,windvariability,projects
2843,384,DE0 243,DE0 46,20.422111799058907,35.959191650355,0.0,0.0,baseTP,windvariability,projects
2844,385,DE0 243,DE0 96,18.647313305882243,32.05459542927647,0.0,0.0,baseTP,windvariability,projects
2845,386,DE0 245,DE0 439,12.685406733969803,30.16507020294969,0.0,0.0,baseTP,windvariability,projects
2846,387,DE0 246,DE0 433,18.625311110308864,30.960552828788902,0.0,0.0,baseTP,windvariability,projects
2847,388,DE0 246,DE0 6,33.107998509381524,57.68414856689412,0.0,0.0,baseTP,windvariability,projects
2848,389,DE0 247,DE0 400,12.841479863771951,25.10137583721693,0.0,0.0,baseTP,windvariability,projects
2849,39,DE0 11,DE0 351,13.749991779527274,19.597977987730342,0.0,0.0,baseTP,windvariability,projects
2850,390,DE0 248,DE0 386,8.214679629692153,13.77077554199248,0.0,0.0,baseTP,windvariability,projects
2851,391,DE0 248,DE0 90,6.204153162213814,19.443198658348535,0.0,0.0,baseTP,windvariability,projects
2852,392,DE0 249,DE0 9,10.19038027249772,21.586070293279917,0.0,0.0,baseTP,windvariability,projects
2853,393,DE0 25,DE0 255,18.522504093970625,28.603650651228,0.0,0.0,baseTP,windvariability,projects
2854,394,DE0 25,DE0 267,3.5717673448578355,8.890388657651876,0.0,0.0,baseTP,windvariability,projects
2855,395,DE0 25,DE0 324,17.44994487276258,27.75177914210028,0.0,0.0,baseTP,windvariability,projects
2856,396,DE0 25,DE0 403,27.784252267707565,41.23026211108768,0.0,0.0,baseTP,windvariability,projects
2857,397,DE0 25,DE0 64,19.80126117536112,30.516676800723165,0.0,0.0,baseTP,windvariability,projects
2858,398,DE0 250,DE0 317,22.753392791159463,37.13517564517541,0.0,0.0,baseTP,windvariability,projects
2859,399,DE0 250,DE0 370,13.52861989729659,19.802391323929818,0.0,0.0,baseTP,windvariability,projects
2860,4,DE0 1,DE0 296,27.70908494246967,48.91438293190782,0.0,0.0,baseTP,windvariability,projects
2861,40,DE0 110,DE0 253,14.71579526852379,24.876913470530848,0.0,0.0,baseTP,windvariability,projects
2862,400,DE0 250,DE0 78,13.57071789862844,19.973005753946403,0.0,0.0,baseTP,windvariability,projects
2863,401,DE0 251,DE0 306,12.806141983931102,25.93577162297731,0.0,0.0,baseTP,windvariability,projects
2864,402,DE0 251,DE0 396,4.343190890953636,8.800846655170073,0.0,0.0,baseTP,windvariability,projects
2865,403,DE0 251,DE0 416,7.919426023381231,16.88866914303291,0.0,0.0,baseTP,windvariability,projects
2866,404,DE0 251,DE0 68,7.015175607203859,17.021574933576638,0.0,0.0,baseTP,windvariability,projects
2867,405,DE0 251,DE0 92,25.74002930377828,43.02994961917948,0.0,0.0,baseTP,windvariability,projects
2868,406,DE0 252,DE0 285,4.121346448677402,10.202956672067694,0.0,0.0,baseTP,windvariability,projects
2869,407,DE0 252,DE0 383,10.149897777570544,29.60477067241105,0.0,0.0,baseTP,windvariability,projects
2870,408,DE0 252,DE0 448,16.622932476503895,24.44395854240099,0.0,0.0,baseTP,windvariability,projects
2871,409,DE0 253,DE0 415,2.9986021485358187,5.462071603597182,0.0,0.0,baseTP,windvariability,projects
2872,41,DE0 110,DE0 69,4.935620218760292,8.190190834489043,0.0,0.0,baseTP,windvariability,projects
2873,410,DE0 254,DE0 443,20.041577168931216,23.597491245880267,0.0,0.0,baseTP,windvariability,projects
2874,411,DE0 255,DE0 84,26.63020117377201,41.4171635676289,0.0,0.0,baseTP,windvariability,projects
2875,412,DE0 256,DE0 290,9.972656970645717,13.852232412430132,0.0,0.0,baseTP,windvariability,projects
2876,413,DE0 256,DE0 365,7.563749415334782,12.62851343629991,0.0,0.0,baseTP,windvariability,projects
2877,414,DE0 257,DE0 312,17.062617982870396,24.556761497807116,0.0,0.0,baseTP,windvariability,projects
2878,415,DE0 257,DE0 372,20.124568737816446,28.83353964715301,0.0,0.0,baseTP,windvariability,projects
2879,416,DE0 257,DE0 435,9.34662166380636,13.306685118468012,0.0,0.0,baseTP,windvariability,projects
2880,417,DE0 258,DE0 345,34.004870972766035,66.30075001409661,5.0,0.0,baseTP,windvariability,projects
2881,418,DE0 259,DE0 75,5.862385148011437,16.60432699754166,0.0,0.0,baseTP,windvariability,projects
2882,419,DE0 260,DE0 290,6.255814369589695,13.152848974890386,0.0,0.0,baseTP,windvariability,projects
2883,42,DE0 111,DE0 305,20.03821074674397,33.77986776435719,0.0,0.0,baseTP,windvariability,projects
2884,420,DE0 260,DE0 408,9.301251026701458,16.02344620919088,0.0,0.0,baseTP,windvariability,projects
2885,421,DE0 260,DE0 441,12.55536924167379,20.141141721633122,0.0,0.0,baseTP,windvariability,projects
2886,422,DE0 261,DE0 92,10.603458698938883,24.270405309714963,0.0,0.0,baseTP,windvariability,projects
2887,423,DE0 262,DE0 36,43.06951295395504,58.99677201088136,0.0,0.0,baseTP,windvariability,projects
2888,424,DE0 263,DE0 273,12.327057809624808,22.355895692849277,0.0,0.0,baseTP,windvariability,projects
2889,425,DE0 264,DE0 305,33.95149006966832,63.8218722913294,5.0,0.0,baseTP,windvariability,projects
2890,426,DE0 264,DE0 328,13.566405853742214,25.301387175937194,0.0,0.0,baseTP,windvariability,projects
2891,427,DE0 264,DE0 418,16.76103722799698,34.16495160800127,0.0,0.0,baseTP,windvariability,projects
2892,428,DE0 265,DE0 4,6.086303712257815,16.641044847030805,0.0,0.0,baseTP,windvariability,projects
2893,429,DE0 266,DE0 439,11.820354613281815,22.461327972651297,0.0,0.0,baseTP,windvariability,projects
2894,43,DE0 111,DE0 328,19.42213785940795,39.27885306666188,0.0,0.0,baseTP,windvariability,projects
2895,430,DE0 267,DE0 311,17.07005822215676,29.80797327930097,0.0,0.0,baseTP,windvariability,projects
2896,431,DE0 268,DE0 330,12.796205775497258,22.763045052790904,0.0,0.0,baseTP,windvariability,projects
2897,432,DE0 268,DE0 362,23.307390357149462,45.63891569391461,0.0,0.0,baseTP,windvariability,projects
2898,433,DE0 269,DE0 30,15.623283878234895,21.44211729389826,0.0,0.0,baseTP,windvariability,projects
2899,434,DE0 27,DE0 304,23.167127056915113,34.429116046023665,0.0,0.0,baseTP,windvariability,projects
2900,435,DE0 27,DE0 336,9.947026301243088,16.808083426427388,0.0,0.0,baseTP,windvariability,projects
2901,436,DE0 270,DE0 367,4.611482470326609,8.558727761558929,0.0,0.0,baseTP,windvariability,projects
2902,437,DE0 270,DE0 79,9.533287972382528,17.13403648977146,0.0,0.0,baseTP,windvariability,projects
2903,438,DE0 271,DE0 297,27.983879954614153,36.83393639095283,0.0,0.0,baseTP,windvariability,projects
2904,439,DE0 271,DE0 374,10.286483241606039,28.384390318695164,0.0,0.0,baseTP,windvariability,projects
2905,44,DE0 112,DE0 214,5.683885348135951,13.251286453711996,0.0,0.0,baseTP,windvariability,projects
2906,440,DE0 272,DE0 346,11.771114928322362,22.307419299025398,0.0,0.0,baseTP,windvariability,projects
2907,441,DE0 273,DE0 304,15.211071831681874,21.46785426940597,0.0,0.0,baseTP,windvariability,projects
2908,442,DE0 273,DE0 47,12.515060655350277,21.764059531384934,0.0,0.0,baseTP,windvariability,projects
2909,443,DE0 275,DE0 431,11.828945721046184,21.911660436846635,0.0,0.0,baseTP,windvariability,projects
2910,444,DE0 275,DE0 46,13.475399283514108,26.238501108021183,0.0,0.0,baseTP,windvariability,projects
2911,445,DE0 276,DE0 318,10.838298651055721,18.74413476346965,0.0,0.0,baseTP,windvariability,projects
2912,446,DE0 276,DE0 385,20.695382372394135,31.569287241592097,0.0,0.0,baseTP,windvariability,projects
2913,447,DE0 276,DE0 39,31.721142191970987,46.017344026435346,0.0,0.0,baseTP,windvariability,projects
2914,448,DE0 276,DE0 390,14.463581909733547,21.00975550278232,0.0,0.0,baseTP,windvariability,projects
2915,449,DE0 277,DE0 37,21.407604382632066,31.980311961637742,0.0,0.0,baseTP,windvariability,projects
2916,45,DE0 112,DE0 387,6.089462902336679,13.662392593971406,0.0,0.0,baseTP,windvariability,projects
2917,450,DE0 278,DE0 349,12.186923287450485,21.962489131278204,0.0,0.0,baseTP,windvariability,projects
2918,451,DE0 278,DE0 406,13.615253967171759,40.65039735958933,0.0,0.0,baseTP,windvariability,projects
2919,452,DE0 278,DE0 43,13.81443336867437,25.63214580154782,0.0,0.0,baseTP,windvariability,projects
2920,453,DE0 279,DE0 286,38.803579781803215,38.80359644839643,0.0,0.0,baseTP,windvariability,projects
2921,454,DE0 279,DE0 3,60.993638109906044,62.71001819976898,19.0,0.0,baseTP,windvariability,projects
2922,455,DE0 279,DE0 377,45.83597610538752,48.08736451383571,0.0,0.0,baseTP,windvariability,projects
2923,456,DE0 28,DE0 317,20.795883466853358,32.1822764959796,0.0,0.0,baseTP,windvariability,projects
2924,457,DE0 28,DE0 329,19.065178176605997,30.558722384228528,0.0,0.0,baseTP,windvariability,projects
2925,458,DE0 28,DE0 342,19.599420536615874,30.88859492807557,0.0,0.0,baseTP,windvariability,projects
2926,459,DE0 280,DE0 423,9.021493420276485,16.41657549073972,0.0,0.0,baseTP,windvariability,projects
2927,46,DE0 113,DE0 258,11.266017266299873,22.42376583508485,0.0,0.0,baseTP,windvariability,projects
2928,460,DE0 281,DE0 73,8.380547264650694,13.392895779397723,0.0,0.0,baseTP,windvariability,projects
2929,461,DE0 282,DE0 407,3.2481481589398653,5.981554771755504,0.0,0.0,baseTP,windvariability,projects
2930,462,DE0 282,DE0 434,3.108844616421416,6.315625087098481,0.0,0.0,baseTP,windvariability,projects
2931,463,DE0 284,DE0 45,5.019840645967691,13.079729871244275,0.0,0.0,baseTP,windvariability,projects
2932,464,DE0 285,DE0 333,10.587691683262412,28.995986209892138,0.0,0.0,baseTP,windvariability,projects
2933,465,DE0 286,DE0 344,29.447759782705536,34.79818905907485,0.0,0.0,baseTP,windvariability,projects
2934,466,DE0 286,DE0 377,13.197228584499147,21.476003937528386,0.0,0.0,baseTP,windvariability,projects
2935,467,DE0 286,DE0 66,1.671274756408198,4.620861824033693,0.0,0.0,baseTP,windvariability,projects
2936,468,DE0 287,DE0 357,10.20519562585637,17.459799900636412,0.0,0.0,baseTP,windvariability,projects
2937,469,DE0 287,DE0 431,11.718885251249946,21.565285415063133,0.0,0.0,baseTP,windvariability,projects
2938,47,DE0 113,DE0 263,9.884617836634972,20.049403911919665,0.0,0.0,baseTP,windvariability,projects
2939,470,DE0 288,DE0 36,22.1242254031279,36.692585399974526,0.0,0.0,baseTP,windvariability,projects
2940,471,DE0 288,DE0 422,11.968796648990807,21.153523521832206,0.0,0.0,baseTP,windvariability,projects
2941,472,DE0 289,DE0 91,5.632218474987397,11.098294117252138,0.0,0.0,baseTP,windvariability,projects
2942,473,DE0 29,DE0 386,19.453238446849884,31.58540943012983,0.0,0.0,baseTP,windvariability,projects
2943,474,DE0 290,DE0 298,11.218744337221978,14.975461675173932,0.0,0.0,baseTP,windvariability,projects
2944,475,DE0 290,DE0 379,12.796057486424154,32.444241851249174,0.0,0.0,baseTP,windvariability,projects
2945,476,DE0 291,DE0 406,12.293570726377457,15.655493166175116,0.0,0.0,baseTP,windvariability,projects
2946,477,DE0 291,DE0 433,0.5974386470965732,1.0773436302065131,0.0,0.0,baseTP,windvariability,projects
2947,478,DE0 292,DE0 426,12.854607633456085,15.340989180677747,0.0,0.0,baseTP,windvariability,projects
2948,479,DE0 292,DE0 436,10.311431808617067,20.5449506913071,0.0,0.0,baseTP,windvariability,projects
2949,48,DE0 114,DE0 52,5.1295611421536496,8.667442228207637,0.0,0.0,baseTP,windvariability,projects
2950,480,DE0 292,DE0 448,19.95555346656548,31.67031393397069,0.0,0.0,baseTP,windvariability,projects
2951,481,DE0 293,DE0 446,17.269441055792566,24.013623126448817,0.0,0.0,baseTP,windvariability,projects
2952,482,DE0 294,DE0 365,17.84733179204728,22.49611611933701,0.0,0.0,baseTP,windvariability,projects
2953,483,DE0 294,DE0 383,9.920445208339194,16.138605907204788,0.0,0.0,baseTP,windvariability,projects
2954,484,DE0 295,DE0 93,20.679270210863073,34.561940185203696,0.0,0.0,baseTP,windvariability,projects
2955,485,DE0 298,DE0 343,9.929133785763911,16.390799083554093,0.0,0.0,baseTP,windvariability,projects
2956,486,DE0 298,DE0 379,15.38104904563534,30.755325085983255,0.0,0.0,baseTP,windvariability,projects
2957,487,DE0 298,DE0 402,7.820287343282807,12.725376311628574,0.0,0.0,baseTP,windvariability,projects
2958,488,DE0 299,DE0 302,8.226111420621724,13.392369095013922,0.0,0.0,baseTP,windvariability,projects
2959,489,DE0 299,DE0 361,23.919039186201736,23.919041400236278,0.0,0.0,baseTP,windvariability,projects
2960,49,DE0 115,DE0 338,5.5485500898297975,11.465797216224537,0.0,0.0,baseTP,windvariability,projects
2961,490,DE0 299,DE0 58,4.906378862844757,12.040864288678522,0.0,0.0,baseTP,windvariability,projects
2962,491,DE0 3,DE0 307,34.70327543121147,39.959421384783575,0.0,0.0,baseTP,windvariability,projects
2963,492,DE0 3,DE0 316,21.744147609337443,27.999263817181035,0.0,0.0,baseTP,windvariability,projects
2964,493,DE0 3,DE0 414,10.013468743826252,30.01456777392556,0.0,0.0,baseTP,windvariability,projects
2965,494,DE0 30,DE0 89,13.066055113722344,16.983508755581482,0.0,0.0,baseTP,windvariability,projects
2966,495,DE0 301,DE0 360,18.957594688460524,36.37281355474492,0.0,0.0,baseTP,windvariability,projects
2967,496,DE0 301,DE0 38,47.81484207918843,53.62040287463825,0.0,0.0,baseTP,windvariability,projects
2968,497,DE0 302,DE0 7,29.713172083163936,50.65818554834443,0.0,0.0,baseTP,windvariability,projects
2969,498,DE0 303,DE0 336,7.685562684727776,14.187610017639932,0.0,0.0,baseTP,windvariability,projects
2970,499,DE0 306,DE0 340,12.430636264762807,27.803709627544286,0.0,0.0,baseTP,windvariability,projects
2971,5,DE0 1,DE0 331,26.285983459506323,28.36485679105618,0.0,0.0,baseTP,windvariability,projects
2972,50,DE0 115,DE0 364,11.016188242061324,17.474563531319262,0.0,0.0,baseTP,windvariability,projects
2973,500,DE0 306,DE0 352,13.458984836262037,25.92331222193312,0.0,0.0,baseTP,windvariability,projects
2974,501,DE0 306,DE0 357,10.164200325872962,21.04236293807719,0.0,0.0,baseTP,windvariability,projects
2975,502,DE0 306,DE0 364,12.6993095852981,18.910554856887458,0.0,0.0,baseTP,windvariability,projects
2976,503,DE0 306,DE0 419,5.472924465690165,18.681586071509763,0.0,0.0,baseTP,windvariability,projects
2977,504,DE0 306,DE0 430,14.204345784052974,30.67153778836843,0.0,0.0,baseTP,windvariability,projects
2978,505,DE0 308,DE0 38,23.959167544768388,28.366147037121557,0.0,0.0,baseTP,windvariability,projects
2979,506,DE0 309,DE0 392,7.198871375434375,13.334943193672624,0.0,0.0,baseTP,windvariability,projects
2980,507,DE0 31,DE0 55,7.233387410607069,12.157767889826559,0.0,0.0,baseTP,windvariability,projects
2981,508,DE0 31,DE0 94,6.269680731482308,8.692231512195555,0.0,0.0,baseTP,windvariability,projects
2982,509,DE0 310,DE0 421,26.118068079990813,32.87101725810602,0.0,0.0,baseTP,windvariability,projects
2983,51,DE0 115,DE0 375,8.137618180564518,13.175457695639498,0.0,0.0,baseTP,windvariability,projects
2984,510,DE0 311,DE0 66,26.17750849011862,26.186990546969636,0.0,0.0,baseTP,windvariability,projects
2985,511,DE0 312,DE0 372,10.154080857003457,14.69661670832604,0.0,0.0,baseTP,windvariability,projects
2986,512,DE0 314,DE0 327,9.31337610124945,18.30578477597019,0.0,0.0,baseTP,windvariability,projects
2987,513,DE0 315,DE0 70,10.250125002812572,19.879110372857653,0.0,0.0,baseTP,windvariability,projects
2988,514,DE0 315,DE0 79,14.696754722830574,29.525065632015263,0.0,0.0,baseTP,windvariability,projects
2989,515,DE0 316,DE0 414,34.826675459058976,50.40127007689613,0.0,0.0,baseTP,windvariability,projects
2990,516,DE0 317,DE0 342,20.463450454688218,31.497034478952973,0.0,0.0,baseTP,windvariability,projects
2991,517,DE0 319,DE0 396,5.181589403135254,12.025665002756844,0.0,0.0,baseTP,windvariability,projects
2992,518,DE0 32,DE0 60,12.810045769349262,22.675958733354232,0.0,0.0,baseTP,windvariability,projects
2993,519,DE0 320,DE0 338,5.318216946951052,13.949879817971079,0.0,0.0,baseTP,windvariability,projects
2994,52,DE0 115,DE0 391,14.733364289330419,24.836469014025734,0.0,0.0,baseTP,windvariability,projects
2995,520,DE0 320,DE0 375,2.5595327763797746,7.741009172888415,0.0,0.0,baseTP,windvariability,projects
2996,521,DE0 321,DE0 60,13.234108960443944,30.47456851617264,0.0,0.0,baseTP,windvariability,projects
2997,522,DE0 323,DE0 401,33.35127864095248,34.16593725925877,0.0,0.0,baseTP,windvariability,projects
2998,523,DE0 323,DE0 66,17.650001535665673,30.49667042688019,0.0,0.0,baseTP,windvariability,projects
2999,524,DE0 324,DE0 403,9.672022916352331,29.9719832600527,0.0,0.0,baseTP,windvariability,projects
3000,525,DE0 324,DE0 66,14.212068787527535,27.088535390553258,0.0,0.0,baseTP,windvariability,projects
3001,526,DE0 324,DE0 96,21.310576578939976,33.31136422765157,0.0,0.0,baseTP,windvariability,projects
3002,527,DE0 325,DE0 379,18.126752894635036,28.089429999332676,0.0,0.0,baseTP,windvariability,projects
3003,528,DE0 325,DE0 405,37.539108575894126,58.850449407897564,0.0,0.0,baseTP,windvariability,projects
3004,529,DE0 326,DE0 436,9.14239709297255,26.635846049039998,0.0,0.0,baseTP,windvariability,projects
3005,53,DE0 116,DE0 197,10.780845033070708,20.38974114545614,0.0,0.0,baseTP,windvariability,projects
3006,530,DE0 328,DE0 412,7.908414946324484,15.66178523818004,0.0,0.0,baseTP,windvariability,projects
3007,531,DE0 331,DE0 402,25.45943427814073,28.570871896593747,0.0,0.0,baseTP,windvariability,projects
3008,532,DE0 332,DE0 37,22.890507457276478,38.65879575054919,0.0,0.0,baseTP,windvariability,projects
3009,533,DE0 333,DE0 39,14.025063334283471,25.2290254675474,0.0,0.0,baseTP,windvariability,projects
3010,534,DE0 334,DE0 399,2.3167241829896974,3.7883445219640226,0.0,0.0,baseTP,windvariability,projects
3011,535,DE0 337,DE0 445,9.91412914067774,20.299135980716066,0.0,0.0,baseTP,windvariability,projects
3012,536,DE0 339,DE0 434,4.140639937157449,10.715618871510229,0.0,0.0,baseTP,windvariability,projects
3013,537,DE0 339,DE0 54,3.9957310128013868,10.451178174621056,0.0,0.0,baseTP,windvariability,projects
3014,538,DE0 34,DE0 81,45.761502164255226,64.99780850373465,4.0,0.0,baseTP,windvariability,projects
3015,539,DE0 340,DE0 61,6.479438502875524,14.260645766384265,0.0,0.0,baseTP,windvariability,projects
3016,54,DE0 116,DE0 300,4.079512658689277,9.671885441790165,0.0,0.0,baseTP,windvariability,projects
3017,540,DE0 343,DE0 404,18.327085525125884,20.380827614749062,0.0,0.0,baseTP,windvariability,projects
3018,541,DE0 343,DE0 95,22.246041631450233,24.673273218183937,0.0,0.0,baseTP,windvariability,projects
3019,542,DE0 344,DE0 424,23.73332617908803,31.40044037339788,0.0,0.0,baseTP,windvariability,projects
3020,543,DE0 344,DE0 438,4.741766634302545,8.708333203155158,0.0,0.0,baseTP,windvariability,projects
3021,544,DE0 345,DE0 406,6.724476377163922,15.796976136820524,0.0,0.0,baseTP,windvariability,projects
3022,545,DE0 345,DE0 433,18.804447496172365,30.5581468001243,0.0,0.0,baseTP,windvariability,projects
3023,546,DE0 345,DE0 93,13.325670327004499,34.15554426650312,0.0,0.0,baseTP,windvariability,projects
3024,547,DE0 346,DE0 409,17.69526620212534,28.803186644856847,0.0,0.0,baseTP,windvariability,projects
3025,548,DE0 347,DE0 365,3.754047364794385,12.039213087097664,0.0,0.0,baseTP,windvariability,projects
3026,549,DE0 347,DE0 394,6.241901732601038,14.390083648122415,0.0,0.0,baseTP,windvariability,projects
3027,55,DE0 117,DE0 123,3.9240859142704907,10.684528125982078,0.0,0.0,baseTP,windvariability,projects
3028,550,DE0 347,DE0 95,3.8740547087666535,7.8738796537764415,0.0,0.0,baseTP,windvariability,projects
3029,551,DE0 348,DE0 80,10.429986359261518,14.159015471542622,0.0,0.0,baseTP,windvariability,projects
3030,552,DE0 349,DE0 43,8.052636947263297,18.079739443861094,0.0,0.0,baseTP,windvariability,projects
3031,553,DE0 350,DE0 357,20.635309559809674,47.4195125532147,0.0,0.0,baseTP,windvariability,projects
3032,554,DE0 352,DE0 358,11.841570516955118,24.131761297911215,0.0,0.0,baseTP,windvariability,projects
3033,555,DE0 353,DE0 74,17.749610014909788,17.749645660787465,0.0,0.0,baseTP,windvariability,projects
3034,556,DE0 354,DE0 399,20.093396269518408,30.49849917451285,0.0,0.0,baseTP,windvariability,projects
3035,557,DE0 354,DE0 414,28.621632131721547,41.73938341517451,0.0,0.0,baseTP,windvariability,projects
3036,558,DE0 355,DE0 85,14.022927573482816,33.29874236794664,0.0,0.0,baseTP,windvariability,projects
3037,559,DE0 356,DE0 36,45.84668396685195,68.99537162548994,8.0,0.0,baseTP,windvariability,projects
3038,56,DE0 117,DE0 154,17.32206018182331,28.650816237645515,0.0,0.0,baseTP,windvariability,projects
3039,560,DE0 357,DE0 382,7.200408282306266,13.391885940788379,0.0,0.0,baseTP,windvariability,projects
3040,561,DE0 357,DE0 392,10.757004223554283,29.356111464332063,0.0,0.0,baseTP,windvariability,projects
3041,562,DE0 357,DE0 431,11.340957106647966,19.740793083970395,0.0,0.0,baseTP,windvariability,projects
3042,563,DE0 358,DE0 416,9.384426928683515,21.134440722209938,0.0,0.0,baseTP,windvariability,projects
3043,564,DE0 36,DE0 82,46.71018668131182,53.82384827382377,0.0,0.0,baseTP,windvariability,projects
3044,565,DE0 361,DE0 43,4.476399706884418,11.674651160324743,0.0,0.0,baseTP,windvariability,projects
3045,566,DE0 361,DE0 55,2.1047773637443297,4.534589292816124,0.0,0.0,baseTP,windvariability,projects
3046,567,DE0 362,DE0 439,20.068718072368206,32.49281045868742,0.0,0.0,baseTP,windvariability,projects
3047,568,DE0 363,DE0 383,14.93705578052245,35.28264353253235,0.0,0.0,baseTP,windvariability,projects
3048,569,DE0 363,DE0 448,11.827716895615358,21.577660293644684,0.0,0.0,baseTP,windvariability,projects
3049,57,DE0 117,DE0 313,22.78518617699682,41.74537966829759,0.0,0.0,baseTP,windvariability,projects
3050,570,DE0 364,DE0 369,14.694321928722873,45.15726357252999,0.0,0.0,baseTP,windvariability,projects
3051,571,DE0 364,DE0 409,10.741388131627359,24.74673491914343,0.0,0.0,baseTP,windvariability,projects
3052,572,DE0 365,DE0 383,8.39334922061532,17.88835878294766,0.0,0.0,baseTP,windvariability,projects
3053,573,DE0 365,DE0 394,4.014509031976177,9.017735333644055,0.0,0.0,baseTP,windvariability,projects
3054,574,DE0 366,DE0 49,21.018842786344376,32.49484426210626,0.0,0.0,baseTP,windvariability,projects
3055,575,DE0 368,DE0 401,8.368494386707237,14.277315211110622,0.0,0.0,baseTP,windvariability,projects
3056,576,DE0 369,DE0 419,8.178209933589773,28.220189982075933,0.0,0.0,baseTP,windvariability,projects
3057,577,DE0 370,DE0 78,13.92345824201875,21.053716167431148,0.0,0.0,baseTP,windvariability,projects
3058,578,DE0 371,DE0 417,3.8708556978813204,8.456449464336238,0.0,0.0,baseTP,windvariability,projects
3059,579,DE0 371,DE0 420,3.925737181436679,8.431639417891196,0.0,0.0,baseTP,windvariability,projects
3060,58,DE0 117,DE0 72,17.302624383569785,34.232685352593094,0.0,0.0,baseTP,windvariability,projects
3061,580,DE0 374,DE0 376,4.0032964256568055,12.86166278222963,0.0,0.0,baseTP,windvariability,projects
3062,581,DE0 374,DE0 444,10.550590514267629,20.79514728672594,0.0,0.0,baseTP,windvariability,projects
3063,582,DE0 376,DE0 444,37.278399107354524,45.4997640666053,0.0,0.0,baseTP,windvariability,projects
3064,583,DE0 377,DE0 425,32.470909845422895,38.701720751898264,0.0,0.0,baseTP,windvariability,projects
3065,584,DE0 378,DE0 43,13.26911730593813,34.79522321713196,0.0,0.0,baseTP,windvariability,projects
3066,585,DE0 378,DE0 87,15.883572556528136,31.152180208196828,0.0,0.0,baseTP,windvariability,projects
3067,586,DE0 38,DE0 410,17.175150694320294,24.543805012213166,0.0,0.0,baseTP,windvariability,projects
3068,587,DE0 381,DE0 412,9.103099997862147,16.92034391682581,0.0,0.0,baseTP,windvariability,projects
3069,588,DE0 383,DE0 95,6.569836505993003,10.906523602759409,0.0,0.0,baseTP,windvariability,projects
3070,589,DE0 385,DE0 390,18.809611983840753,29.293365271153,0.0,0.0,baseTP,windvariability,projects
3071,59,DE0 117,DE0 97,7.742114937913456,20.368633744485123,0.0,0.0,baseTP,windvariability,projects
3072,590,DE0 388,DE0 418,14.594595319422718,34.095845956975374,0.0,0.0,baseTP,windvariability,projects
3073,591,DE0 388,DE0 440,7.1792202947641295,12.020188007821554,0.0,0.0,baseTP,windvariability,projects
3074,592,DE0 39,DE0 442,8.140814993137136,16.436421335208973,0.0,0.0,baseTP,windvariability,projects
3075,593,DE0 392,DE0 61,13.336915994051363,36.29009324731305,0.0,0.0,baseTP,windvariability,projects
3076,594,DE0 393,DE0 446,17.276663814938654,23.999327208940034,0.0,0.0,baseTP,windvariability,projects
3077,595,DE0 395,DE0 443,9.879000615912888,11.675176159922964,0.0,0.0,baseTP,windvariability,projects
3078,596,DE0 395,DE0 73,11.040822840433739,12.700830114606632,0.0,0.0,baseTP,windvariability,projects
3079,597,DE0 396,DE0 409,6.289132630213216,18.019569150120322,0.0,0.0,baseTP,windvariability,projects
3080,598,DE0 398,DE0 435,15.034670380911642,21.0551891380528,0.0,0.0,baseTP,windvariability,projects
3081,599,DE0 399,DE0 401,16.478866691373575,39.38639665681832,0.0,0.0,baseTP,windvariability,projects
3082,6,DE0 1,DE0 402,26.035655837437137,27.149847564133772,0.0,0.0,baseTP,windvariability,projects
3083,60,DE0 118,DE0 233,1.4924367982978448,2.0114486121444313,0.0,0.0,baseTP,windvariability,projects
3084,600,DE0 399,DE0 66,28.658115066694023,44.736000343259214,0.0,0.0,baseTP,windvariability,projects
3085,601,DE0 40,DE0 72,9.883732195594703,29.951599057000045,0.0,0.0,baseTP,windvariability,projects
3086,602,DE0 400,DE0 449,10.168981446390697,23.300798867860095,0.0,0.0,baseTP,windvariability,projects
3087,603,DE0 400,DE0 91,2.523698002212729,11.096810707882662,0.0,0.0,baseTP,windvariability,projects
3088,604,DE0 402,DE0 441,14.583392917574267,22.38047444550146,0.0,0.0,baseTP,windvariability,projects
3089,605,DE0 404,DE0 95,15.766808200096547,18.06456349553297,0.0,0.0,baseTP,windvariability,projects
3090,606,DE0 407,DE0 54,3.185876511974908,5.873333137239094,0.0,0.0,baseTP,windvariability,projects
3091,607,DE0 407,DE0 54,3.183521684573095,5.8650168292726,0.0,0.0,baseTP,windvariability,projects
3092,608,DE0 408,DE0 95,8.905003141711349,15.37765716314329,0.0,0.0,baseTP,windvariability,projects
3093,609,DE0 41,DE0 412,4.579018996110915,8.725037199009794,0.0,0.0,baseTP,windvariability,projects
3094,61,DE0 118,DE0 437,1.1714767302563607,1.5650039391558128,0.0,0.0,baseTP,windvariability,projects
3095,610,DE0 41,DE0 440,1.6525177209937518,2.845455695887923,0.0,0.0,baseTP,windvariability,projects
3096,611,DE0 410,DE0 424,23.035777476539067,30.871891987595014,0.0,0.0,baseTP,windvariability,projects
3097,612,DE0 411,DE0 42,10.97717656869203,21.992969403574694,0.0,0.0,baseTP,windvariability,projects
3098,613,DE0 411,DE0 60,26.54605967548957,46.8780809053747,0.0,0.0,baseTP,windvariability,projects
3099,614,DE0 42,DE0 7,10.94228343408009,22.79806450043595,0.0,0.0,baseTP,windvariability,projects
3100,615,DE0 42,DE0 99,20.281247773437503,31.317135702935833,0.0,0.0,baseTP,windvariability,projects
3101,616,DE0 420,DE0 442,3.998534459633914,8.341221463229354,0.0,0.0,baseTP,windvariability,projects
3102,617,DE0 423,DE0 85,11.776306204613924,21.41853997229605,0.0,0.0,baseTP,windvariability,projects
3103,618,DE0 425,DE0 77,15.223946777271339,18.179505015636707,0.0,0.0,baseTP,windvariability,projects
3104,619,DE0 426,DE0 436,8.27089035670566,27.02795053721041,0.0,0.0,baseTP,windvariability,projects
3105,62,DE0 118,DE0 67,3.2548755658974082,16.90390022868895,0.0,0.0,baseTP,windvariability,projects
3106,620,DE0 427,DE0 57,31.611941931941473,54.760818964948484,0.0,0.0,baseTP,windvariability,projects
3107,621,DE0 43,DE0 58,4.219847666234928,9.530922268668553,0.0,0.0,baseTP,windvariability,projects
3108,622,DE0 432,DE0 53,7.64901971556425,17.799160148087843,0.0,0.0,baseTP,windvariability,projects
3109,623,DE0 435,DE0 80,10.676703650908873,14.802019436882219,0.0,0.0,baseTP,windvariability,projects
3110,624,DE0 438,DE0 77,7.694483550482649,15.383087422966371,0.0,0.0,baseTP,windvariability,projects
3111,625,DE0 439,DE0 9,5.937675961578647,14.229343501217862,0.0,0.0,baseTP,windvariability,projects
3112,626,DE0 44,DE0 56,21.658603936651293,31.680146089545485,0.0,0.0,baseTP,windvariability,projects
3113,627,DE0 447,DE0 76,14.090911832353777,17.29024789234848,0.0,0.0,baseTP,windvariability,projects
3114,628,DE0 5,DE0 91,4.367084995710054,8.242059862738243,0.0,0.0,baseTP,windvariability,projects
3115,629,DE0 51,DE0 59,24.398727886255834,29.886375496498975,0.0,0.0,baseTP,windvariability,projects
3116,63,DE0 119,DE0 293,13.995500624689122,22.699945908534982,0.0,0.0,baseTP,windvariability,projects
3117,630,DE0 51,DE0 67,17.024179275170255,32.73789797463548,0.0,0.0,baseTP,windvariability,projects
3118,631,DE0 54,DE0 74,38.470760920455405,58.6304296810946,0.0,0.0,baseTP,windvariability,projects
3119,632,DE0 55,DE0 98,5.447018462749348,16.936108606031645,0.0,0.0,baseTP,windvariability,projects
3120,633,DE0 56,DE0 7,24.880500043477046,43.395541438151724,0.0,0.0,baseTP,windvariability,projects
3121,634,DE0 56,DE0 71,13.696202879589183,30.550567505568516,0.0,0.0,baseTP,windvariability,projects
3122,635,DE0 56,DE0 72,38.9651299173506,67.01984928645565,3.0,0.0,baseTP,windvariability,projects
3123,636,DE0 60,DE0 75,25.718228573375296,42.28795552727102,0.0,0.0,baseTP,windvariability,projects
3124,637,DE0 64,DE0 84,21.643922449629212,33.715778844819425,0.0,0.0,baseTP,windvariability,projects
3125,638,DE0 67,DE0 8,5.968640713403169,18.508768975067333,0.0,0.0,baseTP,windvariability,projects
3126,639,DE0 7,DE0 99,12.482886681732037,16.83576111105754,0.0,0.0,baseTP,windvariability,projects
3127,64,DE0 119,DE0 330,12.00604608521883,21.443995045642332,0.0,0.0,baseTP,windvariability,projects
3128,640,DE0 72,DE0 97,28.002363187459228,57.766496111379325,0.0,0.0,baseTP,windvariability,projects
3129,641,DE0 98,DE0 99,4.932038951884419,11.852939038579613,0.0,0.0,baseTP,windvariability,projects
3130,65,DE0 12,DE0 187,12.911303599539767,24.369370139858543,0.0,0.0,baseTP,windvariability,projects
3131,66,DE0 12,DE0 321,28.541138872882915,31.185007289701527,0.0,0.0,baseTP,windvariability,projects
3132,67,DE0 12,DE0 71,4.43448022223912,13.395952993575941,0.0,0.0,baseTP,windvariability,projects
3133,68,DE0 12,DE0 75,28.682273372816873,52.941225113503286,0.0,0.0,baseTP,windvariability,projects
3134,69,DE0 120,DE0 2,7.983851491253373,12.66393523677972,0.0,0.0,baseTP,windvariability,projects
3135,7,DE0 10,DE0 275,12.153594878845476,22.658328821084755,0.0,0.0,baseTP,windvariability,projects
3136,70,DE0 120,DE0 288,10.096859646757478,18.934258568383076,0.0,0.0,baseTP,windvariability,projects
3137,71,DE0 120,DE0 327,12.888462797623193,24.84006905346296,0.0,0.0,baseTP,windvariability,projects
3138,72,DE0 120,DE0 422,26.13215991946305,26.524163454305455,0.0,0.0,baseTP,windvariability,projects
3139,73,DE0 121,DE0 220,12.954262911681072,28.731969228881688,0.0,0.0,baseTP,windvariability,projects
3140,74,DE0 121,DE0 447,27.062530070849807,51.2749096916965,0.0,0.0,baseTP,windvariability,projects
3141,75,DE0 122,DE0 32,11.030861108816483,20.755752564432107,0.0,0.0,baseTP,windvariability,projects
3142,76,DE0 122,DE0 60,15.088029503065261,26.404436378383505,0.0,0.0,baseTP,windvariability,projects
3143,77,DE0 123,DE0 154,10.460420304243994,19.119841172044648,0.0,0.0,baseTP,windvariability,projects
3144,78,DE0 123,DE0 205,5.247312079236205,14.070823373634218,0.0,0.0,baseTP,windvariability,projects
3145,79,DE0 123,DE0 313,6.040339513812356,15.490035175196745,0.0,0.0,baseTP,windvariability,projects
3146,8,DE0 10,DE0 357,10.659303020180984,18.21883547226108,0.0,0.0,baseTP,windvariability,projects
3147,80,DE0 123,DE0 4,7.794915792625676,18.03230803896906,0.0,0.0,baseTP,windvariability,projects
3148,81,DE0 123,DE0 75,19.83519963613155,42.2970771981639,0.0,0.0,baseTP,windvariability,projects
3149,82,DE0 124,DE0 207,6.225203781566385,12.094832733322288,0.0,0.0,baseTP,windvariability,projects
3150,83,DE0 124,DE0 447,15.555858223200225,21.27753806896586,0.0,0.0,baseTP,windvariability,projects
3151,84,DE0 125,DE0 154,22.15083899021273,33.79237726958383,0.0,0.0,baseTP,windvariability,projects
3152,85,DE0 125,DE0 2,24.031206155129027,48.824457530106585,0.0,0.0,baseTP,windvariability,projects
3153,86,DE0 125,DE0 314,16.756200387636746,33.66217412807909,0.0,0.0,baseTP,windvariability,projects
3154,87,DE0 125,DE0 34,34.12894425094664,49.502371110745266,0.0,0.0,baseTP,windvariability,projects
3155,88,DE0 125,DE0 389,28.495493138364164,48.874393789469586,0.0,0.0,baseTP,windvariability,projects
3156,89,DE0 125,DE0 40,19.04798486734164,40.69973272533326,0.0,0.0,baseTP,windvariability,projects
3157,9,DE0 100,DE0 205,21.279667240809417,37.32918269752506,0.0,0.0,baseTP,windvariability,projects
3158,90,DE0 126,DE0 196,8.150131451411802,14.837398697258712,0.0,0.0,baseTP,windvariability,projects
3159,91,DE0 126,DE0 428,8.254506047107943,15.224853475922236,0.0,0.0,baseTP,windvariability,projects
3160,92,DE0 127,DE0 167,12.7729399308427,26.349987871199193,0.0,0.0,baseTP,windvariability,projects
3161,93,DE0 127,DE0 221,8.528850627185518,17.277414017560822,0.0,0.0,baseTP,windvariability,projects
3162,94,DE0 127,DE0 264,8.672864978025686,16.249046431794785,0.0,0.0,baseTP,windvariability,projects
3163,95,DE0 127,DE0 381,15.75676918875146,23.93629001850178,0.0,0.0,baseTP,windvariability,projects
3164,96,DE0 127,DE0 5,11.630177041051116,24.11582577377864,0.0,0.0,baseTP,windvariability,projects
3165,97,DE0 128,DE0 155,42.390136072668305,56.84845675560759,0.0,0.0,baseTP,windvariability,projects
3166,98,DE0 128,DE0 444,18.510761255596186,23.793661335751494,0.0,0.0,baseTP,windvariability,projects
3167,99,DE0 128,DE0 88,7.677288240160227,12.588852989731937,0.0,0.0,baseTP,windvariability,projects
3168,0,DE0 0,DE0 281,8.271209172572359,37.91308069361444,0.0,0.0,baseTP,windy,projects
3169,1,DE0 0,DE0 86,24.57625203547005,48.636217204021435,0.0,0.0,baseTP,windy,projects
3170,10,DE0 100,DE0 88,9.7533750273167,24.28618323823749,0.0,0.0,baseTP,windy,projects
3171,100,DE0 129,DE0 259,14.866085075526927,22.998342321405982,0.0,0.0,baseTP,windy,projects
3172,101,DE0 129,DE0 32,25.862641058655385,30.25346569834418,0.0,0.0,baseTP,windy,projects
3173,102,DE0 129,DE0 75,5.25520544170881,7.538439323083325,0.0,0.0,baseTP,windy,projects
3174,103,DE0 13,DE0 215,14.963841762552299,22.643195818227273,0.0,0.0,baseTP,windy,projects
3175,104,DE0 13,DE0 249,26.667342764298883,40.26147884018151,0.0,0.0,baseTP,windy,projects
3176,105,DE0 130,DE0 144,30.88782261833724,49.574577475587546,0.0,0.0,baseTP,windy,projects
3177,106,DE0 130,DE0 23,12.55405073909589,44.534578162112425,0.0,0.0,baseTP,windy,projects
3178,107,DE0 130,DE0 274,33.0491106451371,39.33994583698903,0.0,0.0,baseTP,windy,projects
3179,108,DE0 131,DE0 373,19.54003919996031,19.540041541105317,0.0,0.0,baseTP,windy,projects
3180,109,DE0 131,DE0 89,4.477131665679502,8.134884123463596,0.0,0.0,baseTP,windy,projects
3181,11,DE0 101,DE0 195,19.552820222017612,26.96839746361805,0.0,0.0,baseTP,windy,projects
3182,110,DE0 132,DE0 198,9.339504943849079,25.166007166234582,0.0,0.0,baseTP,windy,projects
3183,111,DE0 132,DE0 211,26.79212595028036,42.95408622816653,0.0,0.0,baseTP,windy,projects
3184,112,DE0 133,DE0 278,10.780579928052296,25.804070146970737,0.0,0.0,baseTP,windy,projects
3185,113,DE0 133,DE0 295,11.121502342975313,20.74761681144077,0.0,0.0,baseTP,windy,projects
3186,114,DE0 134,DE0 171,15.475258891319212,40.73027886004931,0.0,0.0,baseTP,windy,projects
3187,115,DE0 134,DE0 192,14.828885306281606,32.96093612014989,0.0,0.0,baseTP,windy,projects
3188,116,DE0 134,DE0 245,14.186852571669018,36.61549564718491,0.0,0.0,baseTP,windy,projects
3189,117,DE0 134,DE0 400,12.378016295454234,29.13556691459401,0.0,0.0,baseTP,windy,projects
3190,118,DE0 134,DE0 65,32.93354354436026,68.98600537299068,3.0,0.0,baseTP,windy,projects
3191,119,DE0 135,DE0 252,10.067090775241242,12.666693666272113,0.0,0.0,baseTP,windy,projects
3192,12,DE0 101,DE0 393,38.385247826622226,47.51987656543386,0.0,0.0,baseTP,windy,projects
3193,120,DE0 135,DE0 436,10.806698856548165,13.390602670417891,0.0,0.0,baseTP,windy,projects
3194,121,DE0 136,DE0 244,8.97615122489525,16.389288401934238,0.0,0.0,baseTP,windy,projects
3195,122,DE0 136,DE0 271,11.021279955512554,18.17935197617583,0.0,0.0,baseTP,windy,projects
3196,123,DE0 137,DE0 228,26.95128755345282,39.419353367897905,0.0,0.0,baseTP,windy,projects
3197,124,DE0 137,DE0 273,9.627605800053212,22.450794277091674,0.0,0.0,baseTP,windy,projects
3198,125,DE0 137,DE0 350,2.8510077071846034,8.768642218831864,0.0,0.0,baseTP,windy,projects
3199,126,DE0 137,DE0 357,4.78678422456538,10.616955700098337,0.0,0.0,baseTP,windy,projects
3200,127,DE0 138,DE0 204,68.80644014342762,68.806482408427,24.0,0.0,baseTP,windy,projects
3201,128,DE0 138,DE0 36,35.5798761272519,42.307227361653474,0.0,0.0,baseTP,windy,projects
3202,129,DE0 138,DE0 422,14.698063837537914,18.545013972208668,0.0,0.0,baseTP,windy,projects
3203,13,DE0 102,DE0 253,3.0200821332711425,9.252209881661518,0.0,0.0,baseTP,windy,projects
3204,130,DE0 139,DE0 197,20.180734193772064,45.57572504468666,0.0,0.0,baseTP,windy,projects
3205,131,DE0 139,DE0 423,14.96602192853178,24.403163420758386,0.0,0.0,baseTP,windy,projects
3206,132,DE0 139,DE0 44,36.80435027473843,62.977570825249316,1.0,0.0,baseTP,windy,projects
3207,133,DE0 139,DE0 56,41.89989307393484,65.92362640370342,4.0,0.0,baseTP,windy,projects
3208,134,DE0 139,DE0 58,8.234287709757554,19.675987808045523,0.0,0.0,baseTP,windy,projects
3209,135,DE0 139,DE0 85,8.61305731892641,13.613562718971092,0.0,0.0,baseTP,windy,projects
3210,136,DE0 14,DE0 195,13.604597410496932,41.70865813991392,0.0,0.0,baseTP,windy,projects
3211,137,DE0 14,DE0 54,52.9791847167083,66.74202833366944,17.0,0.0,baseTP,windy,projects
3212,138,DE0 140,DE0 19,6.243930054843078,10.419566975795275,0.0,0.0,baseTP,windy,projects
3213,139,DE0 140,DE0 248,6.123783177816726,15.883198188719616,0.0,0.0,baseTP,windy,projects
3214,14,DE0 102,DE0 415,2.728348660499431,10.047803501541791,0.0,0.0,baseTP,windy,projects
3215,140,DE0 141,DE0 294,12.395127396540735,15.796431671473485,0.0,0.0,baseTP,windy,projects
3216,141,DE0 141,DE0 319,8.14415395301005,11.699259182304916,0.0,0.0,baseTP,windy,projects
3217,142,DE0 142,DE0 145,14.002784435325491,23.45334537508485,0.0,0.0,baseTP,windy,projects
3218,143,DE0 142,DE0 308,14.278036385492756,19.195997027485138,0.0,0.0,baseTP,windy,projects
3219,144,DE0 143,DE0 234,9.321380006193465,26.88072328024876,0.0,0.0,baseTP,windy,projects
3220,145,DE0 144,DE0 262,39.22906941962972,55.66936047840908,0.0,0.0,baseTP,windy,projects
3221,146,DE0 144,DE0 36,47.19817029285785,64.14294900459645,2.0,0.0,baseTP,windy,projects
3222,147,DE0 145,DE0 35,14.245783500539758,23.48425720663367,0.0,0.0,baseTP,windy,projects
3223,148,DE0 145,DE0 51,14.109240908152513,28.532726688917688,0.0,0.0,baseTP,windy,projects
3224,149,DE0 146,DE0 321,31.81351001952668,40.30618054379555,0.0,0.0,baseTP,windy,projects
3225,15,DE0 102,DE0 99,9.651127088331602,29.178795632282288,0.0,0.0,baseTP,windy,projects
3226,150,DE0 146,DE0 411,22.235210221391664,31.81031211978865,0.0,0.0,baseTP,windy,projects
3227,151,DE0 146,DE0 42,19.859485962974368,26.788866106704013,0.0,0.0,baseTP,windy,projects
3228,152,DE0 146,DE0 69,41.76459751209856,60.73057096917462,2.0,0.0,baseTP,windy,projects
3229,153,DE0 147,DE0 183,13.204638633056668,22.267305154555565,0.0,0.0,baseTP,windy,projects
3230,154,DE0 147,DE0 222,12.02417857625222,19.393801967580266,0.0,0.0,baseTP,windy,projects
3231,155,DE0 148,DE0 172,4.9639579775515585,13.790925146703875,0.0,0.0,baseTP,windy,projects
3232,156,DE0 148,DE0 238,13.079994242281371,25.0721530662855,0.0,0.0,baseTP,windy,projects
3233,157,DE0 148,DE0 250,10.395701101281308,16.67591992991366,0.0,0.0,baseTP,windy,projects
3234,158,DE0 148,DE0 429,4.298888490209079,5.992897772482235,0.0,0.0,baseTP,windy,projects
3235,159,DE0 148,DE0 432,2.1587927686760806,3.372260785680263,0.0,0.0,baseTP,windy,projects
3236,16,DE0 103,DE0 202,4.010885010887687,8.570311484529542,0.0,0.0,baseTP,windy,projects
3237,160,DE0 148,DE0 53,5.517113244819883,9.846264693564216,0.0,0.0,baseTP,windy,projects
3238,161,DE0 149,DE0 267,13.751286648144454,15.040690846530719,0.0,0.0,baseTP,windy,projects
3239,162,DE0 149,DE0 335,5.015490450109259,5.274188480674845,0.0,0.0,baseTP,windy,projects
3240,163,DE0 15,DE0 364,7.532236233093611,12.37594104149333,0.0,0.0,baseTP,windy,projects
3241,164,DE0 15,DE0 409,5.744879833403846,6.458332527260459,0.0,0.0,baseTP,windy,projects
3242,165,DE0 150,DE0 21,21.63535931109536,32.170289426018314,0.0,0.0,baseTP,windy,projects
3243,166,DE0 150,DE0 410,22.72025779915484,37.304369251106415,0.0,0.0,baseTP,windy,projects
3244,167,DE0 151,DE0 405,13.704281900332612,17.97479284580993,0.0,0.0,baseTP,windy,projects
3245,168,DE0 151,DE0 79,14.366493119616475,18.70826375675377,0.0,0.0,baseTP,windy,projects
3246,169,DE0 152,DE0 351,12.039986100142043,17.882089094528045,0.0,0.0,baseTP,windy,projects
3247,17,DE0 103,DE0 428,5.422015791862162,15.799689230078782,0.0,0.0,baseTP,windy,projects
3248,170,DE0 153,DE0 315,12.593428288815653,21.237578402639553,0.0,0.0,baseTP,windy,projects
3249,171,DE0 153,DE0 79,8.180078843840962,17.96609102775809,0.0,0.0,baseTP,windy,projects
3250,172,DE0 155,DE0 265,26.825244661368004,34.78923233300324,0.0,0.0,baseTP,windy,projects
3251,173,DE0 155,DE0 277,22.573798036082703,24.570168361620077,0.0,0.0,baseTP,windy,projects
3252,174,DE0 156,DE0 306,10.20555606524209,20.630161228186235,0.0,0.0,baseTP,windy,projects
3253,175,DE0 156,DE0 309,11.815654603599073,17.776724604591855,0.0,0.0,baseTP,windy,projects
3254,176,DE0 156,DE0 382,7.543747753206747,17.210373210253852,0.0,0.0,baseTP,windy,projects
3255,177,DE0 156,DE0 430,7.136873755104347,14.290788812181567,0.0,0.0,baseTP,windy,projects
3256,178,DE0 157,DE0 158,4.359448555102998,11.42551192269267,0.0,0.0,baseTP,windy,projects
3257,179,DE0 157,DE0 3,29.6418873654475,43.0042485195093,0.0,0.0,baseTP,windy,projects
3258,18,DE0 103,DE0 9,5.895228148507956,23.933555870171773,0.0,0.0,baseTP,windy,projects
3259,180,DE0 157,DE0 45,17.83920346358425,29.33984991665598,0.0,0.0,baseTP,windy,projects
3260,181,DE0 157,DE0 94,14.715704011059632,24.04038373502355,0.0,0.0,baseTP,windy,projects
3261,182,DE0 158,DE0 18,7.589295399494317,22.6880614976232,0.0,0.0,baseTP,windy,projects
3262,183,DE0 158,DE0 209,22.1709959003096,28.136521744511562,0.0,0.0,baseTP,windy,projects
3263,184,DE0 158,DE0 322,9.984681742985629,16.047558482065483,0.0,0.0,baseTP,windy,projects
3264,185,DE0 158,DE0 361,12.147516501263974,17.989664113554078,0.0,0.0,baseTP,windy,projects
3265,186,DE0 158,DE0 378,23.835248839853787,36.72941639100184,0.0,0.0,baseTP,windy,projects
3266,187,DE0 158,DE0 55,12.455448834527578,18.515211396165196,0.0,0.0,baseTP,windy,projects
3267,188,DE0 158,DE0 86,24.10859203598113,37.5169340018952,0.0,0.0,baseTP,windy,projects
3268,189,DE0 158,DE0 90,19.50631269883428,44.87633491714612,0.0,0.0,baseTP,windy,projects
3269,19,DE0 104,DE0 125,49.831099292687256,59.931706704795594,0.0,0.0,baseTP,windy,projects
3270,190,DE0 159,DE0 253,25.627550723874894,40.88770993635536,0.0,0.0,baseTP,windy,projects
3271,191,DE0 159,DE0 29,11.935219410616394,17.207392280419846,0.0,0.0,baseTP,windy,projects
3272,192,DE0 16,DE0 197,9.399829400122933,24.430950949815742,0.0,0.0,baseTP,windy,projects
3273,193,DE0 16,DE0 423,8.63797630103582,28.40148263871869,0.0,0.0,baseTP,windy,projects
3274,194,DE0 160,DE0 202,5.4864751883892975,10.652120710497243,0.0,0.0,baseTP,windy,projects
3275,195,DE0 160,DE0 280,5.129706129519562,8.894675179709106,0.0,0.0,baseTP,windy,projects
3276,196,DE0 160,DE0 423,5.583595548939691,9.548165936293584,0.0,0.0,baseTP,windy,projects
3277,197,DE0 161,DE0 320,4.3961428418478965,6.431638081403859,0.0,0.0,baseTP,windy,projects
3278,198,DE0 161,DE0 385,8.32722588780473,11.545223567704474,0.0,0.0,baseTP,windy,projects
3279,199,DE0 162,DE0 341,5.683587739989886,8.489746326582521,0.0,0.0,baseTP,windy,projects
3280,2,DE0 0,DE0 90,16.63115397132199,27.4742129198254,0.0,0.0,baseTP,windy,projects
3281,20,DE0 104,DE0 297,26.40983254237566,31.31140090417805,0.0,0.0,baseTP,windy,projects
3282,200,DE0 162,DE0 389,3.083995285428545,6.064958291845253,0.0,0.0,baseTP,windy,projects
3283,201,DE0 163,DE0 361,13.041906110990197,39.10390070195795,0.0,0.0,baseTP,windy,projects
3284,202,DE0 163,DE0 43,14.560368020852547,26.142784156071446,0.0,0.0,baseTP,windy,projects
3285,203,DE0 164,DE0 250,5.2269375929836475,18.50035761257387,0.0,0.0,baseTP,windy,projects
3286,204,DE0 164,DE0 387,5.353394593656115,18.161004111907697,0.0,0.0,baseTP,windy,projects
3287,205,DE0 165,DE0 50,21.271156991208116,25.723178085290805,0.0,0.0,baseTP,windy,projects
3288,206,DE0 165,DE0 8,14.124945486859012,17.769994983638917,0.0,0.0,baseTP,windy,projects
3289,207,DE0 166,DE0 206,43.64396485740728,53.472681631267186,0.0,0.0,baseTP,windy,projects
3290,208,DE0 166,DE0 274,37.23473878461196,48.10156506533086,0.0,0.0,baseTP,windy,projects
3291,209,DE0 166,DE0 36,44.48354101978162,57.15907590101923,0.0,0.0,baseTP,windy,projects
3292,21,DE0 104,DE0 389,25.24718544873641,33.74446646914136,0.0,0.0,baseTP,windy,projects
3293,210,DE0 166,DE0 97,4.122711178776509,12.043607926974662,0.0,0.0,baseTP,windy,projects
3294,211,DE0 167,DE0 224,13.781974864822583,27.016368425499465,0.0,0.0,baseTP,windy,projects
3295,212,DE0 167,DE0 226,30.789675225129137,51.72738152688853,0.0,0.0,baseTP,windy,projects
3296,213,DE0 167,DE0 33,10.998051496664678,20.93991459983869,0.0,0.0,baseTP,windy,projects
3297,214,DE0 167,DE0 388,10.469350612976784,19.65903668362076,0.0,0.0,baseTP,windy,projects
3298,215,DE0 167,DE0 48,26.304562477252464,48.80650586623149,0.0,0.0,baseTP,windy,projects
3299,216,DE0 168,DE0 310,2.1816722882553723,3.895809537673365,0.0,0.0,baseTP,windy,projects
3300,217,DE0 168,DE0 312,14.278143659805295,33.05881583226192,0.0,0.0,baseTP,windy,projects
3301,218,DE0 168,DE0 421,2.824993113924483,7.110689967563618,0.0,0.0,baseTP,windy,projects
3302,219,DE0 168,DE0 84,3.23686292996844,9.519494621094523,0.0,0.0,baseTP,windy,projects
3303,22,DE0 104,DE0 4,6.18338678219422,12.933289331416908,0.0,0.0,baseTP,windy,projects
3304,220,DE0 169,DE0 263,10.784423215553703,35.45023055219506,0.0,0.0,baseTP,windy,projects
3305,221,DE0 169,DE0 427,10.177739686098214,33.04694790092573,0.0,0.0,baseTP,windy,projects
3306,222,DE0 17,DE0 205,14.787469658820676,26.12192850050444,0.0,0.0,baseTP,windy,projects
3307,223,DE0 17,DE0 259,18.65888529017951,33.39308343734392,0.0,0.0,baseTP,windy,projects
3308,224,DE0 170,DE0 42,8.30895297009168,13.7192546653358,0.0,0.0,baseTP,windy,projects
3309,225,DE0 170,DE0 56,8.396812568406407,13.462138670912587,0.0,0.0,baseTP,windy,projects
3310,226,DE0 171,DE0 9,13.798054748267674,50.35337805539617,0.0,0.0,baseTP,windy,projects
3311,227,DE0 172,DE0 214,12.084973672874465,15.04159830080026,0.0,0.0,baseTP,windy,projects
3312,228,DE0 172,DE0 270,13.411763870957286,22.909851450138042,0.0,0.0,baseTP,windy,projects
3313,229,DE0 172,DE0 296,15.422491955026684,18.937453239737685,0.0,0.0,baseTP,windy,projects
3314,23,DE0 105,DE0 181,6.35423799743136,14.0643016822506,0.0,0.0,baseTP,windy,projects
3315,230,DE0 173,DE0 26,32.86999291789702,39.14767351717578,0.0,0.0,baseTP,windy,projects
3316,231,DE0 173,DE0 286,31.623970249341998,37.183685505558564,0.0,0.0,baseTP,windy,projects
3317,232,DE0 173,DE0 307,27.283316247674865,30.995655115261066,0.0,0.0,baseTP,windy,projects
3318,233,DE0 173,DE0 337,18.472058985142837,34.37300212721325,0.0,0.0,baseTP,windy,projects
3319,234,DE0 174,DE0 273,1.3609316697228335,1.5700370483324084,0.0,0.0,baseTP,windy,projects
3320,235,DE0 174,DE0 397,0.8142257647203589,0.9379085106810736,0.0,0.0,baseTP,windy,projects
3321,236,DE0 175,DE0 413,44.44134088032594,63.76736893337347,6.0,0.0,baseTP,windy,projects
3322,237,DE0 175,DE0 54,9.065438974276297,33.015129156057085,0.0,0.0,baseTP,windy,projects
3323,238,DE0 176,DE0 357,13.906685828228218,19.609147464752727,0.0,0.0,baseTP,windy,projects
3324,239,DE0 176,DE0 382,2.0640546385256924,6.347549281661463,0.0,0.0,baseTP,windy,projects
3325,24,DE0 105,DE0 211,8.146513933101481,14.87831826484911,0.0,0.0,baseTP,windy,projects
3326,240,DE0 177,DE0 231,4.897781302167439,14.500881691144093,0.0,0.0,baseTP,windy,projects
3327,241,DE0 177,DE0 355,7.508057195855683,19.75461554916166,0.0,0.0,baseTP,windy,projects
3328,242,DE0 177,DE0 380,3.445602964226758,5.8704645352499325,0.0,0.0,baseTP,windy,projects
3329,243,DE0 178,DE0 215,5.975581443341927,16.92251470891014,0.0,0.0,baseTP,windy,projects
3330,244,DE0 178,DE0 83,5.497138259999712,13.968714702646531,0.0,0.0,baseTP,windy,projects
3331,245,DE0 179,DE0 324,14.920929093121726,23.23841636357531,0.0,0.0,baseTP,windy,projects
3332,246,DE0 179,DE0 403,8.966253406721027,13.945496626892156,0.0,0.0,baseTP,windy,projects
3333,247,DE0 18,DE0 99,31.15043895944007,37.20295733631577,0.0,0.0,baseTP,windy,projects
3334,248,DE0 180,DE0 376,28.568366728629215,36.96841317290714,0.0,0.0,baseTP,windy,projects
3335,249,DE0 180,DE0 63,16.120755951232972,27.06502824381597,0.0,0.0,baseTP,windy,projects
3336,25,DE0 105,DE0 445,15.795661078666864,30.9539133805314,0.0,0.0,baseTP,windy,projects
3337,250,DE0 181,DE0 236,5.0025390890546255,11.540154140999917,0.0,0.0,baseTP,windy,projects
3338,251,DE0 182,DE0 52,1.8610633098010785,3.346825646654665,0.0,0.0,baseTP,windy,projects
3339,252,DE0 183,DE0 351,29.255336523090534,41.73097853188947,0.0,0.0,baseTP,windy,projects
3340,253,DE0 184,DE0 229,10.723822630649408,27.723797776054987,0.0,0.0,baseTP,windy,projects
3341,254,DE0 184,DE0 295,17.84354579333418,45.879925712026484,0.0,0.0,baseTP,windy,projects
3342,255,DE0 185,DE0 283,32.845569648135026,67.24835328584096,4.0,0.0,baseTP,windy,projects
3343,256,DE0 185,DE0 328,30.105768165814446,40.91052332645428,0.0,0.0,baseTP,windy,projects
3344,257,DE0 185,DE0 400,6.455623383360918,11.240094685681491,0.0,0.0,baseTP,windy,projects
3345,258,DE0 186,DE0 55,12.585406984368866,26.732417590949964,0.0,0.0,baseTP,windy,projects
3346,259,DE0 186,DE0 99,16.866336408139336,28.516999315998653,0.0,0.0,baseTP,windy,projects
3347,26,DE0 106,DE0 182,8.947531187446366,12.07474452829735,0.0,0.0,baseTP,windy,projects
3348,260,DE0 187,DE0 56,20.672326995831245,27.41485200998085,0.0,0.0,baseTP,windy,projects
3349,261,DE0 188,DE0 217,9.063472807042512,11.772796179978634,0.0,0.0,baseTP,windy,projects
3350,262,DE0 188,DE0 68,15.035797238451497,22.052580160556584,0.0,0.0,baseTP,windy,projects
3351,263,DE0 189,DE0 316,21.0316406886093,26.028786383820208,0.0,0.0,baseTP,windy,projects
3352,264,DE0 189,DE0 334,12.873663089010465,18.44777507014781,0.0,0.0,baseTP,windy,projects
3353,265,DE0 189,DE0 66,23.16280539640017,31.815760764976588,0.0,0.0,baseTP,windy,projects
3354,266,DE0 19,DE0 248,4.348471928766873,11.164359902854255,0.0,0.0,baseTP,windy,projects
3355,267,DE0 19,DE0 254,13.994896506388885,22.599228513169926,0.0,0.0,baseTP,windy,projects
3356,268,DE0 19,DE0 62,8.721563893192187,16.458697013799,0.0,0.0,baseTP,windy,projects
3357,269,DE0 190,DE0 414,14.494533214554881,45.445655909304236,0.0,0.0,baseTP,windy,projects
3358,27,DE0 106,DE0 222,10.695993918377251,16.59119871578324,0.0,0.0,baseTP,windy,projects
3359,270,DE0 190,DE0 55,18.7932346320249,29.986198532047652,0.0,0.0,baseTP,windy,projects
3360,271,DE0 191,DE0 269,15.85035150502884,22.57013786745453,0.0,0.0,baseTP,windy,projects
3361,272,DE0 191,DE0 322,18.16568738170074,27.87123217576034,0.0,0.0,baseTP,windy,projects
3362,273,DE0 192,DE0 449,6.741293869455352,15.31473115625325,0.0,0.0,baseTP,windy,projects
3363,274,DE0 193,DE0 43,9.220763437798809,28.20698519805096,0.0,0.0,baseTP,windy,projects
3364,275,DE0 193,DE0 57,13.153694743488387,24.99472396376647,0.0,0.0,baseTP,windy,projects
3365,276,DE0 193,DE0 6,15.811172940799864,30.140123381152428,0.0,0.0,baseTP,windy,projects
3366,277,DE0 194,DE0 390,12.031965216683407,20.005691727965335,0.0,0.0,baseTP,windy,projects
3367,278,DE0 194,DE0 391,5.785207599528875,13.014396751315335,0.0,0.0,baseTP,windy,projects
3368,279,DE0 195,DE0 283,33.52661855038174,67.90701876938374,4.0,0.0,baseTP,windy,projects
3369,28,DE0 106,DE0 30,5.8443937807073185,18.183242176052854,0.0,0.0,baseTP,windy,projects
3370,280,DE0 195,DE0 54,51.68569358398347,68.85908743429152,17.0,0.0,baseTP,windy,projects
3371,281,DE0 195,DE0 65,20.688131467519757,48.77099889066167,0.0,0.0,baseTP,windy,projects
3372,282,DE0 196,DE0 249,16.593843178607536,31.183722931715497,0.0,0.0,baseTP,windy,projects
3373,283,DE0 196,DE0 380,19.652880016377306,30.06236094083612,0.0,0.0,baseTP,windy,projects
3374,284,DE0 197,DE0 57,10.262824729974534,39.361285827713104,0.0,0.0,baseTP,windy,projects
3375,285,DE0 198,DE0 211,16.768930664885005,32.77612730749682,0.0,0.0,baseTP,windy,projects
3376,286,DE0 198,DE0 236,11.641812561333227,17.261636858601154,0.0,0.0,baseTP,windy,projects
3377,287,DE0 198,DE0 335,19.51843404017941,19.51843414629062,0.0,0.0,baseTP,windy,projects
3378,288,DE0 198,DE0 368,13.88637374169606,19.543920672599462,0.0,0.0,baseTP,windy,projects
3379,289,DE0 198,DE0 50,36.800091753384436,45.49521346668925,0.0,0.0,baseTP,windy,projects
3380,29,DE0 106,DE0 52,3.45636606262595,5.759513718693941,0.0,0.0,baseTP,windy,projects
3381,290,DE0 198,DE0 67,12.266014372186495,16.34502591748596,0.0,0.0,baseTP,windy,projects
3382,291,DE0 199,DE0 364,9.637668335959312,14.378508089916291,0.0,0.0,baseTP,windy,projects
3383,292,DE0 199,DE0 369,11.586815255694638,17.767432345837108,0.0,0.0,baseTP,windy,projects
3384,293,DE0 2,DE0 314,4.861647136709849,28.062444824809557,0.0,0.0,baseTP,windy,projects
3385,294,DE0 20,DE0 348,14.968924631336336,35.050483034990435,0.0,0.0,baseTP,windy,projects
3386,295,DE0 20,DE0 421,2.8535123719629745,8.9348959661453,0.0,0.0,baseTP,windy,projects
3387,296,DE0 200,DE0 318,17.664272028430382,22.166385902878595,0.0,0.0,baseTP,windy,projects
3388,297,DE0 200,DE0 326,5.733867518550033,9.05907366398937,0.0,0.0,baseTP,windy,projects
3389,298,DE0 200,DE0 333,7.47917002892539,9.958158366325401,0.0,0.0,baseTP,windy,projects
3390,299,DE0 200,DE0 417,10.249457645269437,12.70449620429162,0.0,0.0,baseTP,windy,projects
3391,3,DE0 1,DE0 172,14.870532092679145,18.15493259953829,0.0,0.0,baseTP,windy,projects
3392,30,DE0 107,DE0 143,19.14915555771229,38.03947508236858,0.0,0.0,baseTP,windy,projects
3393,300,DE0 201,DE0 204,8.086968023507126,10.287731140635199,0.0,0.0,baseTP,windy,projects
3394,301,DE0 201,DE0 366,29.57373416420635,29.57651491364683,0.0,0.0,baseTP,windy,projects
3395,302,DE0 201,DE0 381,6.652211795357288,16.038086121444096,0.0,0.0,baseTP,windy,projects
3396,303,DE0 203,DE0 21,7.111593538854318,11.001542861722784,0.0,0.0,baseTP,windy,projects
3397,304,DE0 203,DE0 35,13.304282258398079,34.833195379867945,0.0,0.0,baseTP,windy,projects
3398,305,DE0 203,DE0 351,4.694295055154169,13.553463140428912,0.0,0.0,baseTP,windy,projects
3399,306,DE0 204,DE0 289,3.0966292271415536,8.901680323071623,0.0,0.0,baseTP,windy,projects
3400,307,DE0 204,DE0 5,5.435920785490634,11.249456477531965,0.0,0.0,baseTP,windy,projects
3401,308,DE0 204,DE0 82,52.332545010189236,58.288458399325826,0.0,0.0,baseTP,windy,projects
3402,309,DE0 204,DE0 83,6.411808318757009,18.93926612686576,0.0,0.0,baseTP,windy,projects
3403,31,DE0 107,DE0 61,33.54395600774856,48.92507177842623,0.0,0.0,baseTP,windy,projects
3404,310,DE0 205,DE0 213,5.229514244407065,15.403896759558434,0.0,0.0,baseTP,windy,projects
3405,311,DE0 205,DE0 75,11.649396005706063,25.03978288719877,0.0,0.0,baseTP,windy,projects
3406,312,DE0 206,DE0 327,20.830379190024992,25.515918128829497,0.0,0.0,baseTP,windy,projects
3407,313,DE0 207,DE0 300,9.031801334291123,23.94647501938284,0.0,0.0,baseTP,windy,projects
3408,314,DE0 207,DE0 70,17.65075192718499,31.174509603129984,0.0,0.0,baseTP,windy,projects
3409,315,DE0 208,DE0 3,18.849057219611886,29.04000702212314,0.0,0.0,baseTP,windy,projects
3410,316,DE0 208,DE0 414,15.576840117731464,15.576840181348455,0.0,0.0,baseTP,windy,projects
3411,317,DE0 209,DE0 99,20.85209198994068,26.169601046790852,0.0,0.0,baseTP,windy,projects
3412,318,DE0 21,DE0 284,18.770112419069473,31.77427556515257,0.0,0.0,baseTP,windy,projects
3413,319,DE0 21,DE0 351,19.515759831665335,28.754552688956338,0.0,0.0,baseTP,windy,projects
3414,32,DE0 108,DE0 196,5.1346702045330535,19.12218069328285,0.0,0.0,baseTP,windy,projects
3415,320,DE0 210,DE0 303,8.394379412751404,18.79023268708255,0.0,0.0,baseTP,windy,projects
3416,321,DE0 210,DE0 68,6.284602532278595,17.05681545535122,0.0,0.0,baseTP,windy,projects
3417,322,DE0 212,DE0 230,25.174859201264425,39.406358322790105,0.0,0.0,baseTP,windy,projects
3418,323,DE0 212,DE0 343,6.98935915937418,12.026175885738741,0.0,0.0,baseTP,windy,projects
3419,324,DE0 212,DE0 408,10.103140162821528,15.716890333381079,0.0,0.0,baseTP,windy,projects
3420,325,DE0 212,DE0 436,4.4426952061147515,8.717736751451936,0.0,0.0,baseTP,windy,projects
3421,326,DE0 212,DE0 78,18.990131875129432,30.24822317086935,0.0,0.0,baseTP,windy,projects
3422,327,DE0 213,DE0 75,22.4242629943065,42.69090750168038,0.0,0.0,baseTP,windy,projects
3423,328,DE0 214,DE0 242,7.359813356505344,14.621406511559693,0.0,0.0,baseTP,windy,projects
3424,329,DE0 214,DE0 367,12.789438736075931,29.168120619052036,0.0,0.0,baseTP,windy,projects
3425,33,DE0 108,DE0 384,30.798003717850737,35.60148565806356,0.0,0.0,baseTP,windy,projects
3426,330,DE0 215,DE0 359,6.330242410733828,15.674766135508495,0.0,0.0,baseTP,windy,projects
3427,331,DE0 215,DE0 380,36.63174774430555,56.67553850517372,0.0,0.0,baseTP,windy,projects
3428,332,DE0 215,DE0 384,32.649684187615506,36.60037471641985,0.0,0.0,baseTP,windy,projects
3429,333,DE0 215,DE0 81,42.98519146071655,58.58724352610738,0.0,0.0,baseTP,windy,projects
3430,334,DE0 216,DE0 251,2.751926985931161,13.231497607915104,0.0,0.0,baseTP,windy,projects
3431,335,DE0 216,DE0 272,9.22059760937942,10.470828305223082,0.0,0.0,baseTP,windy,projects
3432,336,DE0 216,DE0 294,12.462537819477692,16.140674365441306,0.0,0.0,baseTP,windy,projects
3433,337,DE0 217,DE0 365,3.668316282660173,7.375999479136897,0.0,0.0,baseTP,windy,projects
3434,338,DE0 217,DE0 379,11.802110127688485,17.801112610610954,0.0,0.0,baseTP,windy,projects
3435,339,DE0 218,DE0 251,5.024441947466705,8.153958606523107,0.0,0.0,baseTP,windy,projects
3436,34,DE0 109,DE0 221,7.035910308703391,17.397374324327547,0.0,0.0,baseTP,windy,projects
3437,340,DE0 218,DE0 47,2.268215283089088,4.565364735828457,0.0,0.0,baseTP,windy,projects
3438,341,DE0 219,DE0 447,17.549336816486445,17.72664443157261,0.0,0.0,baseTP,windy,projects
3439,342,DE0 219,DE0 76,13.685173834353446,16.00139412593907,0.0,0.0,baseTP,windy,projects
3440,343,DE0 22,DE0 269,25.33672544994485,30.272149751877954,0.0,0.0,baseTP,windy,projects
3441,344,DE0 22,DE0 30,19.292497368557108,29.086087181391473,0.0,0.0,baseTP,windy,projects
3442,345,DE0 22,DE0 322,13.800405097322368,23.04557479569927,0.0,0.0,baseTP,windy,projects
3443,346,DE0 22,DE0 62,34.37812030322115,46.49611020157959,0.0,0.0,baseTP,windy,projects
3444,347,DE0 220,DE0 270,12.69278585498781,20.380066403826344,0.0,0.0,baseTP,windy,projects
3445,348,DE0 223,DE0 360,30.39015007529089,39.869431083124496,0.0,0.0,baseTP,windy,projects
3446,349,DE0 223,DE0 377,16.689358561636336,21.847590534642652,0.0,0.0,baseTP,windy,projects
3447,35,DE0 109,DE0 239,26.375957717113646,38.67192066050885,0.0,0.0,baseTP,windy,projects
3448,350,DE0 224,DE0 33,7.0126060173249725,15.67456647010825,0.0,0.0,baseTP,windy,projects
3449,351,DE0 225,DE0 242,10.205077629573571,14.379871273850128,0.0,0.0,baseTP,windy,projects
3450,352,DE0 225,DE0 429,5.595094527758419,7.795251909504995,0.0,0.0,baseTP,windy,projects
3451,353,DE0 225,DE0 432,4.7143157562669264,6.9591054336964495,0.0,0.0,baseTP,windy,projects
3452,354,DE0 226,DE0 48,25.664271731863863,32.56568628012778,0.0,0.0,baseTP,windy,projects
3453,355,DE0 226,DE0 49,3.4537752029172974,5.837214772578645,0.0,0.0,baseTP,windy,projects
3454,356,DE0 227,DE0 51,24.945109371328293,35.190669509208135,0.0,0.0,baseTP,windy,projects
3455,357,DE0 227,DE0 59,3.3073575017841286,4.395620745504627,0.0,0.0,baseTP,windy,projects
3456,358,DE0 228,DE0 261,21.663372539243532,33.61837546447028,0.0,0.0,baseTP,windy,projects
3457,359,DE0 229,DE0 324,9.520834897948143,23.991188306586608,0.0,0.0,baseTP,windy,projects
3458,36,DE0 109,DE0 247,15.477670982330508,27.891537726059575,0.0,0.0,baseTP,windy,projects
3459,360,DE0 23,DE0 244,7.197860019084669,15.836687199623773,0.0,0.0,baseTP,windy,projects
3460,361,DE0 230,DE0 78,7.08203223765562,12.559028942361042,0.0,0.0,baseTP,windy,projects
3461,362,DE0 231,DE0 359,5.861970840636218,14.876630343458281,0.0,0.0,baseTP,windy,projects
3462,363,DE0 232,DE0 407,22.392676629955854,26.641989552649804,0.0,0.0,baseTP,windy,projects
3463,364,DE0 233,DE0 437,0.36047047043106173,0.8839627160262952,0.0,0.0,baseTP,windy,projects
3464,365,DE0 234,DE0 398,15.30380149271616,38.53107822467172,0.0,0.0,baseTP,windy,projects
3465,366,DE0 235,DE0 329,9.469597852637705,30.47263534607034,0.0,0.0,baseTP,windy,projects
3466,367,DE0 235,DE0 353,47.90031982241912,66.73965504631832,4.0,0.0,baseTP,windy,projects
3467,368,DE0 235,DE0 413,41.79791648886591,60.209434643688994,6.0,0.0,baseTP,windy,projects
3468,369,DE0 236,DE0 401,19.86167528260026,22.550744383911344,0.0,0.0,baseTP,windy,projects
3469,37,DE0 11,DE0 114,6.953670469366843,12.710740775313672,0.0,0.0,baseTP,windy,projects
3470,370,DE0 237,DE0 258,13.43152540775062,36.140546749781294,0.0,0.0,baseTP,windy,projects
3471,371,DE0 237,DE0 275,7.144802497449533,17.468148472519303,0.0,0.0,baseTP,windy,projects
3472,372,DE0 237,DE0 46,5.949890080067776,10.609992941799476,0.0,0.0,baseTP,windy,projects
3473,373,DE0 238,DE0 250,9.54142786245084,13.216693903789261,0.0,0.0,baseTP,windy,projects
3474,374,DE0 238,DE0 268,20.243101886491445,31.717161716104986,0.0,0.0,baseTP,windy,projects
3475,375,DE0 238,DE0 53,18.498086074619867,36.14475742317326,0.0,0.0,baseTP,windy,projects
3476,376,DE0 239,DE0 440,19.630387641685047,31.659395043855525,0.0,0.0,baseTP,windy,projects
3477,377,DE0 24,DE0 266,10.86352633645385,31.668545193485386,0.0,0.0,baseTP,windy,projects
3478,378,DE0 24,DE0 447,11.921492341440466,25.457804784162807,0.0,0.0,baseTP,windy,projects
3479,379,DE0 240,DE0 356,43.12645160157364,66.5528736735858,2.0,0.0,baseTP,windy,projects
3480,38,DE0 11,DE0 152,7.038355670995794,10.599736092997517,0.0,0.0,baseTP,windy,projects
3481,380,DE0 240,DE0 63,9.774619048919014,17.362873187390694,0.0,0.0,baseTP,windy,projects
3482,381,DE0 241,DE0 332,13.1732241890202,14.775717683283293,0.0,0.0,baseTP,windy,projects
3483,382,DE0 241,DE0 341,9.855706231252952,12.042672216928791,0.0,0.0,baseTP,windy,projects
3484,383,DE0 242,DE0 250,7.289773861748861,21.796011447142842,0.0,0.0,baseTP,windy,projects
3485,384,DE0 243,DE0 46,13.047311092894102,22.886483161319465,0.0,0.0,baseTP,windy,projects
3486,385,DE0 243,DE0 96,9.558601851218603,24.86151349763323,0.0,0.0,baseTP,windy,projects
3487,386,DE0 245,DE0 439,13.837708846047017,36.126865936537165,0.0,0.0,baseTP,windy,projects
3488,387,DE0 246,DE0 433,24.538094244511974,31.04966592811076,0.0,0.0,baseTP,windy,projects
3489,388,DE0 246,DE0 6,46.75163085034208,57.68415573949828,0.0,0.0,baseTP,windy,projects
3490,389,DE0 247,DE0 400,15.53639233641383,28.579093673069302,0.0,0.0,baseTP,windy,projects
3491,39,DE0 11,DE0 351,10.08076212198807,15.010722710845236,0.0,0.0,baseTP,windy,projects
3492,390,DE0 248,DE0 386,9.868836419186126,14.10043693702595,0.0,0.0,baseTP,windy,projects
3493,391,DE0 248,DE0 90,10.102692947869496,32.08287276118054,0.0,0.0,baseTP,windy,projects
3494,392,DE0 249,DE0 9,16.240091697794195,52.95787561685978,0.0,0.0,baseTP,windy,projects
3495,393,DE0 25,DE0 255,5.889744504968389,14.491452030229127,0.0,0.0,baseTP,windy,projects
3496,394,DE0 25,DE0 267,6.7401698281628715,12.215786548644807,0.0,0.0,baseTP,windy,projects
3497,395,DE0 25,DE0 324,11.441885192933302,25.497011582136288,0.0,0.0,baseTP,windy,projects
3498,396,DE0 25,DE0 403,10.158450391232321,26.197660831065694,0.0,0.0,baseTP,windy,projects
3499,397,DE0 25,DE0 64,7.998334833428132,19.56479360707136,0.0,0.0,baseTP,windy,projects
3500,398,DE0 250,DE0 317,19.300919830271543,38.79416273833549,0.0,0.0,baseTP,windy,projects
3501,399,DE0 250,DE0 370,4.374308463772251,8.743501081971921,0.0,0.0,baseTP,windy,projects
3502,4,DE0 1,DE0 296,14.192367850617774,17.262639582635156,0.0,0.0,baseTP,windy,projects
3503,40,DE0 110,DE0 253,19.360706675558223,28.742005676066405,0.0,0.0,baseTP,windy,projects
3504,400,DE0 250,DE0 78,4.640035413310248,9.147282463525528,0.0,0.0,baseTP,windy,projects
3505,401,DE0 251,DE0 306,6.660135542281487,10.736923260063884,0.0,0.0,baseTP,windy,projects
3506,402,DE0 251,DE0 396,4.403232381302543,6.799197701459378,0.0,0.0,baseTP,windy,projects
3507,403,DE0 251,DE0 416,0.8682622223930911,3.8031495168961733,0.0,0.0,baseTP,windy,projects
3508,404,DE0 251,DE0 68,6.593063305895938,9.689115727671007,0.0,0.0,baseTP,windy,projects
3509,405,DE0 251,DE0 92,12.89011434755458,18.366338296101297,0.0,0.0,baseTP,windy,projects
3510,406,DE0 252,DE0 285,6.734812673632355,8.651270700961042,0.0,0.0,baseTP,windy,projects
3511,407,DE0 252,DE0 383,6.543877448091577,12.409722380894017,0.0,0.0,baseTP,windy,projects
3512,408,DE0 252,DE0 448,18.830118897244837,22.760606270267672,0.0,0.0,baseTP,windy,projects
3513,409,DE0 253,DE0 415,3.325155388937496,4.8945115136734465,0.0,0.0,baseTP,windy,projects
3514,41,DE0 110,DE0 69,6.367482883999105,9.631431009278966,0.0,0.0,baseTP,windy,projects
3515,410,DE0 254,DE0 443,15.511178782779528,23.597803175597996,0.0,0.0,baseTP,windy,projects
3516,411,DE0 255,DE0 84,7.827295030445501,16.099513272436898,0.0,0.0,baseTP,windy,projects
3517,412,DE0 256,DE0 290,6.995590294614251,10.202501941058607,0.0,0.0,baseTP,windy,projects
3518,413,DE0 256,DE0 365,4.404806446631074,6.81303671029317,0.0,0.0,baseTP,windy,projects
3519,414,DE0 257,DE0 312,7.247155662782383,17.457811979099887,0.0,0.0,baseTP,windy,projects
3520,415,DE0 257,DE0 372,8.725012830974544,21.35072997153461,0.0,0.0,baseTP,windy,projects
3521,416,DE0 257,DE0 435,4.393695632571825,10.125109077508524,0.0,0.0,baseTP,windy,projects
3522,417,DE0 258,DE0 345,38.985668067470804,66.30075679174531,4.0,0.0,baseTP,windy,projects
3523,418,DE0 259,DE0 75,3.0744241410207986,11.337653784286514,0.0,0.0,baseTP,windy,projects
3524,419,DE0 260,DE0 290,3.4486691726148906,6.682193460278885,0.0,0.0,baseTP,windy,projects
3525,42,DE0 111,DE0 305,41.19753105741552,53.468782441016835,0.0,0.0,baseTP,windy,projects
3526,420,DE0 260,DE0 408,4.373928425278954,7.607905901993401,0.0,0.0,baseTP,windy,projects
3527,421,DE0 260,DE0 441,11.244186703277103,13.966064838734567,0.0,0.0,baseTP,windy,projects
3528,422,DE0 261,DE0 92,4.232442969336742,15.273464394989464,0.0,0.0,baseTP,windy,projects
3529,423,DE0 262,DE0 36,40.98793045496725,58.99490687911098,0.0,0.0,baseTP,windy,projects
3530,424,DE0 263,DE0 273,11.633372162895128,26.326769320061615,0.0,0.0,baseTP,windy,projects
3531,425,DE0 264,DE0 305,61.46083570438891,66.52321083017111,15.0,0.0,baseTP,windy,projects
3532,426,DE0 264,DE0 328,24.274508464008402,43.19171298631242,0.0,0.0,baseTP,windy,projects
3533,427,DE0 264,DE0 418,4.333527847058994,12.84554042962173,0.0,0.0,baseTP,windy,projects
3534,428,DE0 265,DE0 4,7.059311046894036,10.110134287103513,0.0,0.0,baseTP,windy,projects
3535,429,DE0 266,DE0 439,11.420100392042604,33.135850731807956,0.0,0.0,baseTP,windy,projects
3536,43,DE0 111,DE0 328,32.08187481935781,44.49239310000693,0.0,0.0,baseTP,windy,projects
3537,430,DE0 267,DE0 311,5.790534052687649,7.183410586634842,0.0,0.0,baseTP,windy,projects
3538,431,DE0 268,DE0 330,10.832229034810263,17.685953061511743,0.0,0.0,baseTP,windy,projects
3539,432,DE0 268,DE0 362,23.515074094398873,40.93840656292535,0.0,0.0,baseTP,windy,projects
3540,433,DE0 269,DE0 30,18.506391735585616,28.937143379029823,0.0,0.0,baseTP,windy,projects
3541,434,DE0 27,DE0 304,16.92644716629955,34.429113983840075,0.0,0.0,baseTP,windy,projects
3542,435,DE0 27,DE0 336,9.819308635331407,20.007402682593515,0.0,0.0,baseTP,windy,projects
3543,436,DE0 270,DE0 367,5.821288766788737,14.572239413370584,0.0,0.0,baseTP,windy,projects
3544,437,DE0 270,DE0 79,9.331027602833803,16.300435765552653,0.0,0.0,baseTP,windy,projects
3545,438,DE0 271,DE0 297,31.510577759701526,36.042619233901405,0.0,0.0,baseTP,windy,projects
3546,439,DE0 271,DE0 374,7.906710398604064,25.40411462077487,0.0,0.0,baseTP,windy,projects
3547,44,DE0 112,DE0 214,9.160500959039968,16.809526899122698,0.0,0.0,baseTP,windy,projects
3548,440,DE0 272,DE0 346,7.348717671233911,12.226590267201784,0.0,0.0,baseTP,windy,projects
3549,441,DE0 273,DE0 304,10.587877647720438,21.060582967463628,0.0,0.0,baseTP,windy,projects
3550,442,DE0 273,DE0 47,12.877161474202833,25.671828872696196,0.0,0.0,baseTP,windy,projects
3551,443,DE0 275,DE0 431,9.951779979774773,15.062460476848397,0.0,0.0,baseTP,windy,projects
3552,444,DE0 275,DE0 46,13.145232927702812,18.863235210298164,0.0,0.0,baseTP,windy,projects
3553,445,DE0 276,DE0 318,21.763537990326572,28.815179300763276,0.0,0.0,baseTP,windy,projects
3554,446,DE0 276,DE0 385,18.62744377727251,25.138343239865467,0.0,0.0,baseTP,windy,projects
3555,447,DE0 276,DE0 39,20.46461974445496,27.162602837513184,0.0,0.0,baseTP,windy,projects
3556,448,DE0 276,DE0 390,8.228594981349174,10.792816414893007,0.0,0.0,baseTP,windy,projects
3557,449,DE0 277,DE0 37,28.04488683123438,30.112950026537042,0.0,0.0,baseTP,windy,projects
3558,45,DE0 112,DE0 387,9.252379958838414,16.821423954908653,0.0,0.0,baseTP,windy,projects
3559,450,DE0 278,DE0 349,14.666336753502954,34.77508909585255,0.0,0.0,baseTP,windy,projects
3560,451,DE0 278,DE0 406,31.320520921282675,48.349662932538756,0.0,0.0,baseTP,windy,projects
3561,452,DE0 278,DE0 43,17.36637712680801,41.44652091737291,0.0,0.0,baseTP,windy,projects
3562,453,DE0 279,DE0 286,34.39968415633859,38.80359959876735,0.0,0.0,baseTP,windy,projects
3563,454,DE0 279,DE0 3,55.4863736817922,64.35365153187877,11.0,0.0,baseTP,windy,projects
3564,455,DE0 279,DE0 377,42.33272797421877,49.293542444463576,0.0,0.0,baseTP,windy,projects
3565,456,DE0 28,DE0 317,12.336078994705879,38.65989553605177,0.0,0.0,baseTP,windy,projects
3566,457,DE0 28,DE0 329,8.665239463479065,30.172760704953504,0.0,0.0,baseTP,windy,projects
3567,458,DE0 28,DE0 342,9.781340296343933,33.462534890380354,0.0,0.0,baseTP,windy,projects
3568,459,DE0 280,DE0 423,11.576175822935548,15.82794953883662,0.0,0.0,baseTP,windy,projects
3569,46,DE0 113,DE0 258,13.32021788227428,21.206056646257892,0.0,0.0,baseTP,windy,projects
3570,460,DE0 281,DE0 73,7.860767882570762,27.154822300068926,0.0,0.0,baseTP,windy,projects
3571,461,DE0 282,DE0 407,3.188908129735816,6.300906467098166,0.0,0.0,baseTP,windy,projects
3572,462,DE0 282,DE0 434,2.9299189706213995,7.8953660770977425,0.0,0.0,baseTP,windy,projects
3573,463,DE0 284,DE0 45,19.702499290370177,32.77764350913815,0.0,0.0,baseTP,windy,projects
3574,464,DE0 285,DE0 333,13.897011341138251,21.01962990858572,0.0,0.0,baseTP,windy,projects
3575,465,DE0 286,DE0 344,27.035858901240932,37.570402617543614,0.0,0.0,baseTP,windy,projects
3576,466,DE0 286,DE0 377,17.98321183333295,26.265901324024732,0.0,0.0,baseTP,windy,projects
3577,467,DE0 286,DE0 66,5.881931821831362,13.418243490550191,0.0,0.0,baseTP,windy,projects
3578,468,DE0 287,DE0 357,5.6916352078255485,11.038982950273752,0.0,0.0,baseTP,windy,projects
3579,469,DE0 287,DE0 431,10.261973598801244,15.636743519279866,0.0,0.0,baseTP,windy,projects
3580,47,DE0 113,DE0 263,11.90558352988942,19.59661800362956,0.0,0.0,baseTP,windy,projects
3581,470,DE0 288,DE0 36,16.735665791354172,26.65388397704725,0.0,0.0,baseTP,windy,projects
3582,471,DE0 288,DE0 422,8.635621546289068,16.189295263042037,0.0,0.0,baseTP,windy,projects
3583,472,DE0 289,DE0 91,7.353209797775391,16.451798996148582,0.0,0.0,baseTP,windy,projects
3584,473,DE0 29,DE0 386,22.278692732529038,31.86200731991886,0.0,0.0,baseTP,windy,projects
3585,474,DE0 290,DE0 298,8.037969269280856,11.2440414277938,0.0,0.0,baseTP,windy,projects
3586,475,DE0 290,DE0 379,4.341485912174576,8.533849806699708,0.0,0.0,baseTP,windy,projects
3587,476,DE0 291,DE0 406,9.463366599891083,14.164807163709575,0.0,0.0,baseTP,windy,projects
3588,477,DE0 291,DE0 433,0.7031962565658363,1.5403546257829734,0.0,0.0,baseTP,windy,projects
3589,478,DE0 292,DE0 426,13.22619040765619,15.3409942985197,0.0,0.0,baseTP,windy,projects
3590,479,DE0 292,DE0 436,12.647223811014937,14.698771098676458,0.0,0.0,baseTP,windy,projects
3591,48,DE0 114,DE0 52,4.428757733472946,7.9469196115759075,0.0,0.0,baseTP,windy,projects
3592,480,DE0 292,DE0 448,19.95151484430395,25.09212398777729,0.0,0.0,baseTP,windy,projects
3593,481,DE0 293,DE0 446,19.234024175551966,24.408707816277452,0.0,0.0,baseTP,windy,projects
3594,482,DE0 294,DE0 365,16.11553837077158,22.4124159116758,0.0,0.0,baseTP,windy,projects
3595,483,DE0 294,DE0 383,11.366561275708252,15.105921765998561,0.0,0.0,baseTP,windy,projects
3596,484,DE0 295,DE0 93,18.632586638964945,38.21135998203933,0.0,0.0,baseTP,windy,projects
3597,485,DE0 298,DE0 343,5.369820531406061,8.63168634292507,0.0,0.0,baseTP,windy,projects
3598,486,DE0 298,DE0 379,6.970739456859638,13.87294036934498,0.0,0.0,baseTP,windy,projects
3599,487,DE0 298,DE0 402,6.804342784033701,8.39538037497076,0.0,0.0,baseTP,windy,projects
3600,488,DE0 299,DE0 302,17.775952503503913,33.5505557340612,0.0,0.0,baseTP,windy,projects
3601,489,DE0 299,DE0 361,23.919037245034755,23.91904727750743,0.0,0.0,baseTP,windy,projects
3602,49,DE0 115,DE0 338,6.221740457415007,12.136096481606822,0.0,0.0,baseTP,windy,projects
3603,490,DE0 299,DE0 58,12.32327027430268,27.913443033692825,0.0,0.0,baseTP,windy,projects
3604,491,DE0 3,DE0 307,29.322142423932256,33.37162615360192,0.0,0.0,baseTP,windy,projects
3605,492,DE0 3,DE0 316,19.20192507039985,34.70650837185665,0.0,0.0,baseTP,windy,projects
3606,493,DE0 3,DE0 414,22.190740532254214,34.63593771423837,0.0,0.0,baseTP,windy,projects
3607,494,DE0 30,DE0 89,8.29249855738739,13.355340272787641,0.0,0.0,baseTP,windy,projects
3608,495,DE0 301,DE0 360,27.32865465409553,36.523606446031145,0.0,0.0,baseTP,windy,projects
3609,496,DE0 301,DE0 38,14.478617508415676,28.978262552886815,0.0,0.0,baseTP,windy,projects
3610,497,DE0 302,DE0 7,33.72956888542903,53.96182714651688,0.0,0.0,baseTP,windy,projects
3611,498,DE0 303,DE0 336,8.661793910497927,18.904703856297758,0.0,0.0,baseTP,windy,projects
3612,499,DE0 306,DE0 340,36.93726676903664,55.28457730213763,0.0,0.0,baseTP,windy,projects
3613,5,DE0 1,DE0 331,23.388702839003138,27.86290566763498,0.0,0.0,baseTP,windy,projects
3614,50,DE0 115,DE0 364,8.091429167821255,12.750458073123353,0.0,0.0,baseTP,windy,projects
3615,500,DE0 306,DE0 352,7.722622543047588,11.5667596736779,0.0,0.0,baseTP,windy,projects
3616,501,DE0 306,DE0 357,7.37456871011877,14.431364773950648,0.0,0.0,baseTP,windy,projects
3617,502,DE0 306,DE0 364,8.303886758282399,14.259819808345025,0.0,0.0,baseTP,windy,projects
3618,503,DE0 306,DE0 419,1.4490214140659716,5.466423004994129,0.0,0.0,baseTP,windy,projects
3619,504,DE0 306,DE0 430,9.168346635994862,18.799367916820636,0.0,0.0,baseTP,windy,projects
3620,505,DE0 308,DE0 38,16.522831394314206,21.47608779840183,0.0,0.0,baseTP,windy,projects
3621,506,DE0 309,DE0 392,11.190715400329406,19.80905531281885,0.0,0.0,baseTP,windy,projects
3622,507,DE0 31,DE0 55,8.391463547536297,15.286551517731011,0.0,0.0,baseTP,windy,projects
3623,508,DE0 31,DE0 94,8.119601820534864,11.415096064476229,0.0,0.0,baseTP,windy,projects
3624,509,DE0 310,DE0 421,2.187973891880688,6.653607434847039,0.0,0.0,baseTP,windy,projects
3625,51,DE0 115,DE0 375,6.760296715009689,10.84901716530246,0.0,0.0,baseTP,windy,projects
3626,510,DE0 311,DE0 66,23.488912512478457,26.13018674643773,0.0,0.0,baseTP,windy,projects
3627,511,DE0 312,DE0 372,4.179390674919971,9.914069764651902,0.0,0.0,baseTP,windy,projects
3628,512,DE0 314,DE0 327,6.687116984957998,10.531148685678875,0.0,0.0,baseTP,windy,projects
3629,513,DE0 315,DE0 70,16.30755035088977,30.67536488474803,0.0,0.0,baseTP,windy,projects
3630,514,DE0 315,DE0 79,18.860260348216883,31.751106945534037,0.0,0.0,baseTP,windy,projects
3631,515,DE0 316,DE0 414,36.21115649716735,43.110510099507174,0.0,0.0,baseTP,windy,projects
3632,516,DE0 317,DE0 342,13.414120020256599,39.3719693959106,0.0,0.0,baseTP,windy,projects
3633,517,DE0 319,DE0 396,6.758640419811063,10.068779922808046,0.0,0.0,baseTP,windy,projects
3634,518,DE0 32,DE0 60,16.43943605221119,23.60568577135367,0.0,0.0,baseTP,windy,projects
3635,519,DE0 320,DE0 338,3.0108246860854075,10.915971528823592,0.0,0.0,baseTP,windy,projects
3636,52,DE0 115,DE0 391,4.595427024792439,20.53199126831965,0.0,0.0,baseTP,windy,projects
3637,520,DE0 320,DE0 375,2.4161045176469953,8.808385483214538,0.0,0.0,baseTP,windy,projects
3638,521,DE0 321,DE0 60,26.55805571296054,43.10949808347864,0.0,0.0,baseTP,windy,projects
3639,522,DE0 323,DE0 401,34.165978851292074,34.16597918926143,0.0,0.0,baseTP,windy,projects
3640,523,DE0 323,DE0 66,4.005605418268637,7.896709272535316,0.0,0.0,baseTP,windy,projects
3641,524,DE0 324,DE0 403,17.886423269297488,32.377505083037676,0.0,0.0,baseTP,windy,projects
3642,525,DE0 324,DE0 66,7.463599664529486,14.04786151722928,0.0,0.0,baseTP,windy,projects
3643,526,DE0 324,DE0 96,10.984633910352683,30.82003227547016,0.0,0.0,baseTP,windy,projects
3644,527,DE0 325,DE0 379,11.514358012355718,15.63005217893064,0.0,0.0,baseTP,windy,projects
3645,528,DE0 325,DE0 405,25.95715262928674,34.35268293935482,0.0,0.0,baseTP,windy,projects
3646,529,DE0 326,DE0 436,11.122623371974981,18.079690688735717,0.0,0.0,baseTP,windy,projects
3647,53,DE0 116,DE0 197,18.071919465732744,57.130623271733526,0.0,0.0,baseTP,windy,projects
3648,530,DE0 328,DE0 412,31.4565387217328,47.28131124622027,0.0,0.0,baseTP,windy,projects
3649,531,DE0 331,DE0 402,21.771826034542872,26.09303657448739,0.0,0.0,baseTP,windy,projects
3650,532,DE0 332,DE0 37,37.3995644759063,38.658803678695506,0.0,0.0,baseTP,windy,projects
3651,533,DE0 333,DE0 39,13.081289196823906,18.886488804373478,0.0,0.0,baseTP,windy,projects
3652,534,DE0 334,DE0 399,1.0204119565455958,3.2829006065731496,0.0,0.0,baseTP,windy,projects
3653,535,DE0 337,DE0 445,16.48811974307848,31.811042369614363,0.0,0.0,baseTP,windy,projects
3654,536,DE0 339,DE0 434,3.5595040763785093,11.070976059066712,0.0,0.0,baseTP,windy,projects
3655,537,DE0 339,DE0 54,3.5643155107225453,11.13125026676111,0.0,0.0,baseTP,windy,projects
3656,538,DE0 34,DE0 81,60.93244138131095,69.13562469892334,15.0,0.0,baseTP,windy,projects
3657,539,DE0 340,DE0 61,18.384146538979707,27.387974074550147,0.0,0.0,baseTP,windy,projects
3658,54,DE0 116,DE0 300,17.95896192306819,49.95188954630148,0.0,0.0,baseTP,windy,projects
3659,540,DE0 343,DE0 404,15.93272997833894,19.820116242350085,0.0,0.0,baseTP,windy,projects
3660,541,DE0 343,DE0 95,19.375902338979408,24.345489254428138,0.0,0.0,baseTP,windy,projects
3661,542,DE0 344,DE0 424,21.87715768540855,31.024703695983476,0.0,0.0,baseTP,windy,projects
3662,543,DE0 344,DE0 438,5.935674363878887,11.74348771865178,0.0,0.0,baseTP,windy,projects
3663,544,DE0 345,DE0 406,12.353626226457338,17.54069051281841,0.0,0.0,baseTP,windy,projects
3664,545,DE0 345,DE0 433,24.334992384431597,31.133886102966173,0.0,0.0,baseTP,windy,projects
3665,546,DE0 345,DE0 93,29.985547556104493,53.689510204148924,0.0,0.0,baseTP,windy,projects
3666,547,DE0 346,DE0 409,12.4160183098633,17.29434254857559,0.0,0.0,baseTP,windy,projects
3667,548,DE0 347,DE0 365,1.0987397936464887,3.1361014916397387,0.0,0.0,baseTP,windy,projects
3668,549,DE0 347,DE0 394,2.6658145801009003,5.438406998474974,0.0,0.0,baseTP,windy,projects
3669,55,DE0 117,DE0 123,3.7268737106578307,9.231824772067974,0.0,0.0,baseTP,windy,projects
3670,550,DE0 347,DE0 95,1.986443518245395,3.418342711609923,0.0,0.0,baseTP,windy,projects
3671,551,DE0 348,DE0 80,6.830731823679324,17.410922808972717,0.0,0.0,baseTP,windy,projects
3672,552,DE0 349,DE0 43,13.434120154502985,33.34291347046852,0.0,0.0,baseTP,windy,projects
3673,553,DE0 350,DE0 357,7.5834883651031175,13.982730213951253,0.0,0.0,baseTP,windy,projects
3674,554,DE0 352,DE0 358,6.258125130309574,10.09263553674698,0.0,0.0,baseTP,windy,projects
3675,555,DE0 353,DE0 74,16.25374892780805,17.74941702787678,0.0,0.0,baseTP,windy,projects
3676,556,DE0 354,DE0 399,21.50932152557735,26.211070902299994,0.0,0.0,baseTP,windy,projects
3677,557,DE0 354,DE0 414,30.080697498168263,35.81178651394667,0.0,0.0,baseTP,windy,projects
3678,558,DE0 355,DE0 85,7.869068603796048,22.62966192590982,0.0,0.0,baseTP,windy,projects
3679,559,DE0 356,DE0 36,53.53739176081963,67.82449188466589,5.0,0.0,baseTP,windy,projects
3680,56,DE0 117,DE0 154,32.14022043575089,47.77291268505137,0.0,0.0,baseTP,windy,projects
3681,560,DE0 357,DE0 382,5.846796931279557,10.895782568644451,0.0,0.0,baseTP,windy,projects
3682,561,DE0 357,DE0 392,5.819546273324344,12.731029812161118,0.0,0.0,baseTP,windy,projects
3683,562,DE0 357,DE0 431,7.243720001457281,13.031730808131362,0.0,0.0,baseTP,windy,projects
3684,563,DE0 358,DE0 416,3.9347188374194495,7.761104770211011,0.0,0.0,baseTP,windy,projects
3685,564,DE0 36,DE0 82,49.417461827871364,56.56780942130833,0.0,0.0,baseTP,windy,projects
3686,565,DE0 361,DE0 43,12.512803749920085,39.87879782760848,0.0,0.0,baseTP,windy,projects
3687,566,DE0 361,DE0 55,4.970185886137625,14.47690213200393,0.0,0.0,baseTP,windy,projects
3688,567,DE0 362,DE0 439,23.088506471342164,42.31692270278983,0.0,0.0,baseTP,windy,projects
3689,568,DE0 363,DE0 383,12.538158479591036,19.494384772894897,0.0,0.0,baseTP,windy,projects
3690,569,DE0 363,DE0 448,10.042924432991157,13.739892207499466,0.0,0.0,baseTP,windy,projects
3691,57,DE0 117,DE0 313,35.5373204058736,48.54922651597049,0.0,0.0,baseTP,windy,projects
3692,570,DE0 364,DE0 369,8.730590521758263,14.20706857153134,0.0,0.0,baseTP,windy,projects
3693,571,DE0 364,DE0 409,5.250211950124185,10.941449393557043,0.0,0.0,baseTP,windy,projects
3694,572,DE0 365,DE0 383,4.674049828699393,7.852204746993842,0.0,0.0,baseTP,windy,projects
3695,573,DE0 365,DE0 394,2.3358519002745908,4.256698990538766,0.0,0.0,baseTP,windy,projects
3696,574,DE0 366,DE0 49,12.126874051213306,12.678674612198929,0.0,0.0,baseTP,windy,projects
3697,575,DE0 368,DE0 401,14.041809894966976,18.811127315101917,0.0,0.0,baseTP,windy,projects
3698,576,DE0 369,DE0 419,2.209638461925958,8.005266730535826,0.0,0.0,baseTP,windy,projects
3699,577,DE0 370,DE0 78,7.448408061763424,13.325425917629543,0.0,0.0,baseTP,windy,projects
3700,578,DE0 371,DE0 417,9.898803873235968,12.417789786193993,0.0,0.0,baseTP,windy,projects
3701,579,DE0 371,DE0 420,9.994858490827635,12.60020120777074,0.0,0.0,baseTP,windy,projects
3702,58,DE0 117,DE0 72,21.605911843454017,32.40524481781238,0.0,0.0,baseTP,windy,projects
3703,580,DE0 374,DE0 376,3.4420362382892207,14.1288230532797,0.0,0.0,baseTP,windy,projects
3704,581,DE0 374,DE0 444,7.55972393328606,12.88200865345996,0.0,0.0,baseTP,windy,projects
3705,582,DE0 376,DE0 444,38.1165696956181,45.49976421196288,0.0,0.0,baseTP,windy,projects
3706,583,DE0 377,DE0 425,30.00318189315082,36.953959090336255,0.0,0.0,baseTP,windy,projects
3707,584,DE0 378,DE0 43,35.65200746025158,42.46105226162631,0.0,0.0,baseTP,windy,projects
3708,585,DE0 378,DE0 87,31.152189500799622,31.152197657225123,0.0,0.0,baseTP,windy,projects
3709,586,DE0 38,DE0 410,10.570866808801831,25.34037296354702,0.0,0.0,baseTP,windy,projects
3710,587,DE0 381,DE0 412,19.526947551733077,25.707035398383876,0.0,0.0,baseTP,windy,projects
3711,588,DE0 383,DE0 95,7.627253718281992,9.403633067361813,0.0,0.0,baseTP,windy,projects
3712,589,DE0 385,DE0 390,19.75309888475419,26.71148215063313,0.0,0.0,baseTP,windy,projects
3713,59,DE0 117,DE0 97,16.11861263891781,31.05019207887031,0.0,0.0,baseTP,windy,projects
3714,590,DE0 388,DE0 418,2.2886467479000805,9.603574898881725,0.0,0.0,baseTP,windy,projects
3715,591,DE0 388,DE0 440,6.82443353346215,13.399682471355092,0.0,0.0,baseTP,windy,projects
3716,592,DE0 39,DE0 442,20.029225576505418,25.29820478108319,0.0,0.0,baseTP,windy,projects
3717,593,DE0 392,DE0 61,15.856784251954824,24.34423293008906,0.0,0.0,baseTP,windy,projects
3718,594,DE0 393,DE0 446,19.16812163864217,24.196393864731665,0.0,0.0,baseTP,windy,projects
3719,595,DE0 395,DE0 443,7.661542300623111,11.650233714868577,0.0,0.0,baseTP,windy,projects
3720,596,DE0 395,DE0 73,9.112636881637998,13.487006207228958,0.0,0.0,baseTP,windy,projects
3721,597,DE0 396,DE0 409,1.5298992892908232,4.9195648120156275,0.0,0.0,baseTP,windy,projects
3722,598,DE0 398,DE0 435,7.586274637184702,17.48944063169655,0.0,0.0,baseTP,windy,projects
3723,599,DE0 399,DE0 401,33.03436849303109,38.41990787365333,0.0,0.0,baseTP,windy,projects
3724,6,DE0 1,DE0 402,22.81435887242724,27.149846781944227,0.0,0.0,baseTP,windy,projects
3725,60,DE0 118,DE0 233,0.3172580459810203,0.7489559450085956,0.0,0.0,baseTP,windy,projects
3726,600,DE0 399,DE0 66,26.582875267286845,37.09317606878626,0.0,0.0,baseTP,windy,projects
3727,601,DE0 40,DE0 72,13.845194391552853,31.037967961321144,0.0,0.0,baseTP,windy,projects
3728,602,DE0 400,DE0 449,10.725200937999467,30.380136035352084,0.0,0.0,baseTP,windy,projects
3729,603,DE0 400,DE0 91,9.986899244699309,21.705030685415796,0.0,0.0,baseTP,windy,projects
3730,604,DE0 402,DE0 441,12.767555109783682,15.73581623517885,0.0,0.0,baseTP,windy,projects
3731,605,DE0 404,DE0 95,13.780896824518344,17.638005922309503,0.0,0.0,baseTP,windy,projects
3732,606,DE0 407,DE0 54,2.5468921764212378,6.024311628289247,0.0,0.0,baseTP,windy,projects
3733,607,DE0 407,DE0 54,2.5478160638105702,6.015926107325423,0.0,0.0,baseTP,windy,projects
3734,608,DE0 408,DE0 95,11.708326480591058,14.94688498807834,0.0,0.0,baseTP,windy,projects
3735,609,DE0 41,DE0 412,11.24790147259615,27.977900453940823,0.0,0.0,baseTP,windy,projects
3736,61,DE0 118,DE0 437,0.28873601004089733,0.6303896280938723,0.0,0.0,baseTP,windy,projects
3737,610,DE0 41,DE0 440,5.490641124828906,9.219344260345672,0.0,0.0,baseTP,windy,projects
3738,611,DE0 410,DE0 424,21.519032492226945,30.350975741670567,0.0,0.0,baseTP,windy,projects
3739,612,DE0 411,DE0 42,20.218590230999887,27.340326536248604,0.0,0.0,baseTP,windy,projects
3740,613,DE0 411,DE0 60,42.689318695014045,59.07784413225519,0.0,0.0,baseTP,windy,projects
3741,614,DE0 42,DE0 7,18.631607662934076,28.52270572506169,0.0,0.0,baseTP,windy,projects
3742,615,DE0 42,DE0 99,28.27062033948977,36.567305769707176,0.0,0.0,baseTP,windy,projects
3743,616,DE0 420,DE0 442,9.889212974729407,12.48417226338977,0.0,0.0,baseTP,windy,projects
3744,617,DE0 423,DE0 85,8.709825217495526,26.89720945163473,0.0,0.0,baseTP,windy,projects
3745,618,DE0 425,DE0 77,14.050033320781022,17.36154936417545,0.0,0.0,baseTP,windy,projects
3746,619,DE0 426,DE0 436,0.7993686855527362,0.9556569678829147,0.0,0.0,baseTP,windy,projects
3747,62,DE0 118,DE0 67,1.6063667559402288,7.485204762769195,0.0,0.0,baseTP,windy,projects
3748,620,DE0 427,DE0 57,21.428977992681588,66.81263399447597,2.0,0.0,baseTP,windy,projects
3749,621,DE0 43,DE0 58,9.758134609970703,35.62693957522106,0.0,0.0,baseTP,windy,projects
3750,622,DE0 432,DE0 53,5.526860517396461,9.788320547538156,0.0,0.0,baseTP,windy,projects
3751,623,DE0 435,DE0 80,6.413968062737434,15.239623160607385,0.0,0.0,baseTP,windy,projects
3752,624,DE0 438,DE0 77,10.325058650439862,21.904466301678852,0.0,0.0,baseTP,windy,projects
3753,625,DE0 439,DE0 9,9.273897928382336,18.923251562690236,0.0,0.0,baseTP,windy,projects
3754,626,DE0 44,DE0 56,46.74331076672105,68.67076782722282,4.0,0.0,baseTP,windy,projects
3755,627,DE0 447,DE0 76,14.29329436954833,16.563620646451657,0.0,0.0,baseTP,windy,projects
3756,628,DE0 5,DE0 91,4.637757901645201,9.304861423292504,0.0,0.0,baseTP,windy,projects
3757,629,DE0 51,DE0 59,20.93263129322103,29.476663071027133,0.0,0.0,baseTP,windy,projects
3758,63,DE0 119,DE0 293,15.563386016668588,24.226349599180498,0.0,0.0,baseTP,windy,projects
3759,630,DE0 51,DE0 67,10.838501063799361,33.67294354488221,0.0,0.0,baseTP,windy,projects
3760,631,DE0 54,DE0 74,49.4996841751665,63.97674002886259,17.0,0.0,baseTP,windy,projects
3761,632,DE0 55,DE0 98,16.299360654023708,35.963389361308415,0.0,0.0,baseTP,windy,projects
3762,633,DE0 56,DE0 7,29.82783201330383,40.22246422695329,0.0,0.0,baseTP,windy,projects
3763,634,DE0 56,DE0 71,4.0275211713672165,10.80844037496137,0.0,0.0,baseTP,windy,projects
3764,635,DE0 56,DE0 72,51.41789767783552,62.07844668038275,1.0,0.0,baseTP,windy,projects
3765,636,DE0 60,DE0 75,33.837543470866464,40.25507490728756,0.0,0.0,baseTP,windy,projects
3766,637,DE0 64,DE0 84,4.225328225982956,11.261848265866242,0.0,0.0,baseTP,windy,projects
3767,638,DE0 67,DE0 8,3.516055866172202,13.7434742033859,0.0,0.0,baseTP,windy,projects
3768,639,DE0 7,DE0 99,12.789075321234765,17.428417967854454,0.0,0.0,baseTP,windy,projects
3769,64,DE0 119,DE0 330,11.633783218409892,18.487801517596573,0.0,0.0,baseTP,windy,projects
3770,640,DE0 72,DE0 97,24.036006748067095,40.622044315467605,0.0,0.0,baseTP,windy,projects
3771,641,DE0 98,DE0 99,15.044195937894614,26.293303387067944,0.0,0.0,baseTP,windy,projects
3772,65,DE0 12,DE0 187,24.6184896465085,31.47323705388731,0.0,0.0,baseTP,windy,projects
3773,66,DE0 12,DE0 321,31.185015317813992,31.18501707776003,0.0,0.0,baseTP,windy,projects
3774,67,DE0 12,DE0 71,18.47268951529808,24.34454567181498,0.0,0.0,baseTP,windy,projects
3775,68,DE0 12,DE0 75,43.57837487106127,52.623099481029314,0.0,0.0,baseTP,windy,projects
3776,69,DE0 120,DE0 2,4.409831906815529,7.4474451316188395,0.0,0.0,baseTP,windy,projects
3777,7,DE0 10,DE0 275,10.472574773240192,15.901887511410488,0.0,0.0,baseTP,windy,projects
3778,70,DE0 120,DE0 288,7.023133394752124,14.50771770792201,0.0,0.0,baseTP,windy,projects
3779,71,DE0 120,DE0 327,13.538951877720296,14.434438488005805,0.0,0.0,baseTP,windy,projects
3780,72,DE0 120,DE0 422,26.52393346824508,26.524140863050725,0.0,0.0,baseTP,windy,projects
3781,73,DE0 121,DE0 220,16.25836730161965,25.252834944296467,0.0,0.0,baseTP,windy,projects
3782,74,DE0 121,DE0 447,29.305439131539163,49.01869012057095,0.0,0.0,baseTP,windy,projects
3783,75,DE0 122,DE0 32,13.212479377075917,18.26253396704194,0.0,0.0,baseTP,windy,projects
3784,76,DE0 122,DE0 60,20.462458387283398,30.529923290000294,0.0,0.0,baseTP,windy,projects
3785,77,DE0 123,DE0 154,21.25454653343629,32.04735941892841,0.0,0.0,baseTP,windy,projects
3786,78,DE0 123,DE0 205,6.889316051357302,11.406686774859246,0.0,0.0,baseTP,windy,projects
3787,79,DE0 123,DE0 313,2.829533560009756,14.609030052452606,0.0,0.0,baseTP,windy,projects
3788,8,DE0 10,DE0 357,6.2427973898007,11.19795775246602,0.0,0.0,baseTP,windy,projects
3789,80,DE0 123,DE0 4,4.442478294263024,12.57496371044175,0.0,0.0,baseTP,windy,projects
3790,81,DE0 123,DE0 75,12.51713454610344,34.35368726541106,0.0,0.0,baseTP,windy,projects
3791,82,DE0 124,DE0 207,8.162581811497374,15.401710682164493,0.0,0.0,baseTP,windy,projects
3792,83,DE0 124,DE0 447,4.14863554375812,10.654192855807812,0.0,0.0,baseTP,windy,projects
3793,84,DE0 125,DE0 154,37.46963452810843,48.751530529942045,0.0,0.0,baseTP,windy,projects
3794,85,DE0 125,DE0 2,7.981285045095697,31.887849692079616,0.0,0.0,baseTP,windy,projects
3795,86,DE0 125,DE0 314,6.096527031523827,20.07848465774518,0.0,0.0,baseTP,windy,projects
3796,87,DE0 125,DE0 34,61.41269205514167,67.28497190986367,17.0,0.0,baseTP,windy,projects
3797,88,DE0 125,DE0 389,48.102129075698194,57.52840772791102,0.0,0.0,baseTP,windy,projects
3798,89,DE0 125,DE0 40,40.18863729497688,59.769751564960096,0.0,0.0,baseTP,windy,projects
3799,9,DE0 100,DE0 205,18.338717336989017,32.98153315139297,0.0,0.0,baseTP,windy,projects
3800,90,DE0 126,DE0 196,7.188341011964493,27.42156206304506,0.0,0.0,baseTP,windy,projects
3801,91,DE0 126,DE0 428,7.485009419427737,24.855565257342413,0.0,0.0,baseTP,windy,projects
3802,92,DE0 127,DE0 167,17.36778290035985,28.36143696051423,0.0,0.0,baseTP,windy,projects
3803,93,DE0 127,DE0 221,8.472526823555354,19.796182798151975,0.0,0.0,baseTP,windy,projects
3804,94,DE0 127,DE0 264,12.780054128931745,17.29935590512522,0.0,0.0,baseTP,windy,projects
3805,95,DE0 127,DE0 381,21.73646291637169,23.93598441445371,0.0,0.0,baseTP,windy,projects
3806,96,DE0 127,DE0 5,23.107463484465686,36.37684817492905,0.0,0.0,baseTP,windy,projects
3807,97,DE0 128,DE0 155,46.22255304237292,50.66970495548374,0.0,0.0,baseTP,windy,projects
3808,98,DE0 128,DE0 444,18.404184299223534,22.70524998279551,0.0,0.0,baseTP,windy,projects
3809,99,DE0 128,DE0 88,10.429027550967106,20.57075410570283,0.0,0.0,baseTP,windy,projects
3810,0,DE0 0,DE0 281,15.222722063385927,47.64826659683187,0.0,0.0,scenario-ext,notwindy,extendable
3811,1,DE0 0,DE0 86,39.22177896065837,69.7206498100748,2.0,0.0,scenario-ext,notwindy,extendable
3812,10,DE0 100,DE0 88,12.047383909623761,28.231386049328812,0.0,0.0,scenario-ext,notwindy,extendable
3813,100,DE0 129,DE0 259,26.776370651941615,40.61578129198923,0.0,0.0,scenario-ext,notwindy,extendable
3814,101,DE0 129,DE0 32,23.810423155448035,32.61135411668542,0.0,0.0,scenario-ext,notwindy,extendable
3815,102,DE0 129,DE0 75,3.144467798061007,7.281989102469639,0.0,0.0,scenario-ext,notwindy,extendable
3816,103,DE0 13,DE0 215,6.684944262005282,25.479968812766867,0.0,0.0,scenario-ext,notwindy,extendable
3817,104,DE0 13,DE0 249,15.564974905709239,53.42369131822543,0.0,0.0,scenario-ext,notwindy,extendable
3818,105,DE0 130,DE0 144,2.1141896542559686,4.905364454606389,0.0,0.0,scenario-ext,notwindy,extendable
3819,106,DE0 130,DE0 23,8.234602364954787,26.729609252247883,0.0,0.0,scenario-ext,notwindy,extendable
3820,107,DE0 130,DE0 274,4.860378440929536,14.215617210024798,0.0,0.0,scenario-ext,notwindy,extendable
3821,108,DE0 131,DE0 373,13.448967109724599,22.097136002570338,0.0,0.0,scenario-ext,notwindy,extendable
3822,109,DE0 131,DE0 89,3.153018500291461,6.307373416542293,0.0,0.0,scenario-ext,notwindy,extendable
3823,11,DE0 101,DE0 195,8.714117143308787,24.055318568058137,0.0,0.0,scenario-ext,notwindy,extendable
3824,110,DE0 132,DE0 198,40.75583419919951,69.44058357331272,6.0,0.0,scenario-ext,notwindy,extendable
3825,111,DE0 132,DE0 211,24.81804659663932,44.18811824132222,0.0,0.0,scenario-ext,notwindy,extendable
3826,112,DE0 133,DE0 278,19.604076217854026,43.638965376287736,0.0,0.0,scenario-ext,notwindy,extendable
3827,113,DE0 133,DE0 295,21.105347480373023,39.115886204120095,0.0,0.0,scenario-ext,notwindy,extendable
3828,114,DE0 134,DE0 171,9.276984185067262,25.594920852532393,0.0,0.0,scenario-ext,notwindy,extendable
3829,115,DE0 134,DE0 192,7.577640125393277,22.413577487758772,0.0,0.0,scenario-ext,notwindy,extendable
3830,116,DE0 134,DE0 245,9.494806652880968,28.905518709248362,0.0,0.0,scenario-ext,notwindy,extendable
3831,117,DE0 134,DE0 400,6.574260605288,20.78603468358436,0.0,0.0,scenario-ext,notwindy,extendable
3832,118,DE0 134,DE0 65,14.277891218660166,37.76005307934117,0.0,0.0,scenario-ext,notwindy,extendable
3833,119,DE0 135,DE0 252,16.504652519418446,21.828036162990927,0.0,0.0,scenario-ext,notwindy,extendable
3834,12,DE0 101,DE0 393,13.58252446449506,36.383384575791446,0.0,0.0,scenario-ext,notwindy,extendable
3835,120,DE0 135,DE0 436,17.502634662872875,22.90187171496189,0.0,0.0,scenario-ext,notwindy,extendable
3836,121,DE0 136,DE0 244,2.8241546807868003,5.937330298139884,0.0,0.0,scenario-ext,notwindy,extendable
3837,122,DE0 136,DE0 271,4.887409167425675,11.428452774729989,0.0,0.0,scenario-ext,notwindy,extendable
3838,123,DE0 137,DE0 228,11.447556391720719,32.64113639899177,0.0,0.0,scenario-ext,notwindy,extendable
3839,124,DE0 137,DE0 273,10.199697320176163,18.420559264067577,0.0,0.0,scenario-ext,notwindy,extendable
3840,125,DE0 137,DE0 350,9.085526220887798,16.727543795802703,0.0,0.0,scenario-ext,notwindy,extendable
3841,126,DE0 137,DE0 357,13.759449069979388,25.90010357622992,0.0,0.0,scenario-ext,notwindy,extendable
3842,127,DE0 138,DE0 204,30.12471186994747,69.17096799944649,3.0,0.0,scenario-ext,notwindy,extendable
3843,128,DE0 138,DE0 36,17.114733083578173,39.17785372068893,0.0,0.0,scenario-ext,notwindy,extendable
3844,129,DE0 138,DE0 422,7.093464505472113,22.95500882106562,0.0,0.0,scenario-ext,notwindy,extendable
3845,13,DE0 102,DE0 253,5.206795950824964,17.239053490043396,0.0,0.0,scenario-ext,notwindy,extendable
3846,130,DE0 139,DE0 197,15.224823240562172,55.98769762742026,0.0,0.0,scenario-ext,notwindy,extendable
3847,131,DE0 139,DE0 423,7.530633512794492,18.513929190110286,0.0,0.0,scenario-ext,notwindy,extendable
3848,132,DE0 139,DE0 44,23.15879530261321,68.76500002177198,3.0,0.0,scenario-ext,notwindy,extendable
3849,133,DE0 139,DE0 56,26.31195436079665,64.38680831895812,2.0,0.0,scenario-ext,notwindy,extendable
3850,134,DE0 139,DE0 58,4.41693209781688,12.106641334304047,0.0,0.0,scenario-ext,notwindy,extendable
3851,135,DE0 139,DE0 85,4.1652185814241545,8.28647025092099,0.0,0.0,scenario-ext,notwindy,extendable
3852,136,DE0 14,DE0 195,5.071401303049808,16.8639111506289,0.0,0.0,scenario-ext,notwindy,extendable
3853,137,DE0 14,DE0 54,9.262270296792574,25.92508866181275,0.0,0.0,scenario-ext,notwindy,extendable
3854,138,DE0 140,DE0 19,6.815860932916423,29.59295041441371,0.0,0.0,scenario-ext,notwindy,extendable
3855,139,DE0 140,DE0 248,5.738032355408345,14.033895969412235,0.0,0.0,scenario-ext,notwindy,extendable
3856,14,DE0 102,DE0 415,4.826607857777113,16.710297984603734,0.0,0.0,scenario-ext,notwindy,extendable
3857,140,DE0 141,DE0 294,23.61044127704712,34.07764791256305,0.0,0.0,scenario-ext,notwindy,extendable
3858,141,DE0 141,DE0 319,19.04104629859944,29.913427816901173,0.0,0.0,scenario-ext,notwindy,extendable
3859,142,DE0 142,DE0 145,11.636841750716231,18.156964558131282,0.0,0.0,scenario-ext,notwindy,extendable
3860,143,DE0 142,DE0 308,8.823746183382013,15.03323645737504,0.0,0.0,scenario-ext,notwindy,extendable
3861,144,DE0 143,DE0 234,16.285159807872297,27.872842858962148,0.0,0.0,scenario-ext,notwindy,extendable
3862,145,DE0 144,DE0 262,8.460493838700017,29.63514737219026,0.0,0.0,scenario-ext,notwindy,extendable
3863,146,DE0 144,DE0 36,11.635697815863677,40.040829825514436,0.0,0.0,scenario-ext,notwindy,extendable
3864,147,DE0 145,DE0 35,20.360193265807254,42.75110599184979,0.0,0.0,scenario-ext,notwindy,extendable
3865,148,DE0 145,DE0 51,12.213024960214264,36.91646387682362,0.0,0.0,scenario-ext,notwindy,extendable
3866,149,DE0 146,DE0 321,31.456387791365387,45.06040044653684,0.0,0.0,scenario-ext,notwindy,extendable
3867,15,DE0 102,DE0 99,18.185180825992646,55.868096606578476,0.0,0.0,scenario-ext,notwindy,extendable
3868,150,DE0 146,DE0 411,10.509066726948706,21.33548684405355,0.0,0.0,scenario-ext,notwindy,extendable
3869,151,DE0 146,DE0 42,11.836083438273851,23.942546749775225,0.0,0.0,scenario-ext,notwindy,extendable
3870,152,DE0 146,DE0 69,27.0675513223465,57.57761197952317,0.0,0.0,scenario-ext,notwindy,extendable
3871,153,DE0 147,DE0 183,17.50126330483875,41.48169966737407,0.0,0.0,scenario-ext,notwindy,extendable
3872,154,DE0 147,DE0 222,15.745404299739835,37.040150100776096,0.0,0.0,scenario-ext,notwindy,extendable
3873,155,DE0 148,DE0 172,8.685122437631826,23.16496037300627,0.0,0.0,scenario-ext,notwindy,extendable
3874,156,DE0 148,DE0 238,13.136575281396578,35.016467462698515,0.0,0.0,scenario-ext,notwindy,extendable
3875,157,DE0 148,DE0 250,5.114751985942808,14.775202630396953,0.0,0.0,scenario-ext,notwindy,extendable
3876,158,DE0 148,DE0 429,0.5318224324178069,1.23543380932117,0.0,0.0,scenario-ext,notwindy,extendable
3877,159,DE0 148,DE0 432,4.348584546799147,8.238495353369236,0.0,0.0,scenario-ext,notwindy,extendable
3878,16,DE0 103,DE0 202,2.6306911118452554,7.341833076134733,0.0,0.0,scenario-ext,notwindy,extendable
3879,160,DE0 148,DE0 53,9.087163664219421,19.300740833275302,0.0,0.0,scenario-ext,notwindy,extendable
3880,161,DE0 149,DE0 267,17.414326222725883,24.24282460785244,0.0,0.0,scenario-ext,notwindy,extendable
3881,162,DE0 149,DE0 335,8.825338792418734,17.960817851364027,0.0,0.0,scenario-ext,notwindy,extendable
3882,163,DE0 15,DE0 364,13.670319889593621,27.485367294611773,0.0,0.0,scenario-ext,notwindy,extendable
3883,164,DE0 15,DE0 409,22.88691357146857,40.96130420232006,0.0,0.0,scenario-ext,notwindy,extendable
3884,165,DE0 150,DE0 21,30.96853370040387,69.39115120255863,4.0,0.0,scenario-ext,notwindy,extendable
3885,166,DE0 150,DE0 410,31.92433142995635,69.68978585914073,4.0,0.0,scenario-ext,notwindy,extendable
3886,167,DE0 151,DE0 405,13.306073310666122,29.63781765551462,0.0,0.0,scenario-ext,notwindy,extendable
3887,168,DE0 151,DE0 79,12.649834357601003,30.490952451076957,0.0,0.0,scenario-ext,notwindy,extendable
3888,169,DE0 152,DE0 351,16.25277181365659,39.63855004416129,0.0,0.0,scenario-ext,notwindy,extendable
3889,17,DE0 103,DE0 428,5.758087206786397,13.818030451108122,0.0,0.0,scenario-ext,notwindy,extendable
3890,170,DE0 153,DE0 315,9.606684576121179,19.625601953251437,0.0,0.0,scenario-ext,notwindy,extendable
3891,171,DE0 153,DE0 79,11.710673787351933,17.189018166508056,0.0,0.0,scenario-ext,notwindy,extendable
3892,172,DE0 155,DE0 265,12.989867155272435,36.45690616708636,0.0,0.0,scenario-ext,notwindy,extendable
3893,173,DE0 155,DE0 277,8.031726340883665,24.489172969268928,0.0,0.0,scenario-ext,notwindy,extendable
3894,174,DE0 156,DE0 306,15.495819675808868,35.037465865180515,0.0,0.0,scenario-ext,notwindy,extendable
3895,175,DE0 156,DE0 309,7.46000704668225,15.04667308177908,0.0,0.0,scenario-ext,notwindy,extendable
3896,176,DE0 156,DE0 382,16.625065438691387,29.30597218602623,0.0,0.0,scenario-ext,notwindy,extendable
3897,177,DE0 156,DE0 430,10.826207232147537,24.242527431589206,0.0,0.0,scenario-ext,notwindy,extendable
3898,178,DE0 157,DE0 158,6.786469838540654,20.903757689389415,0.0,0.0,scenario-ext,notwindy,extendable
3899,179,DE0 157,DE0 3,26.41727412731675,69.07853223359142,4.0,0.0,scenario-ext,notwindy,extendable
3900,18,DE0 103,DE0 9,9.071517392178702,17.25837407309682,0.0,0.0,scenario-ext,notwindy,extendable
3901,180,DE0 157,DE0 45,9.208682065563234,27.761566747461448,0.0,0.0,scenario-ext,notwindy,extendable
3902,181,DE0 157,DE0 94,3.8768985938766285,14.392242499185057,0.0,0.0,scenario-ext,notwindy,extendable
3903,182,DE0 158,DE0 18,20.232790236476326,31.426531690271858,0.0,0.0,scenario-ext,notwindy,extendable
3904,183,DE0 158,DE0 209,9.707172088276195,20.20289361697222,0.0,0.0,scenario-ext,notwindy,extendable
3905,184,DE0 158,DE0 322,13.860861510500634,22.890050894950367,0.0,0.0,scenario-ext,notwindy,extendable
3906,185,DE0 158,DE0 361,11.03192942391768,23.44566887464658,0.0,0.0,scenario-ext,notwindy,extendable
3907,186,DE0 158,DE0 378,18.990450381976935,62.418654338502165,1.0,0.0,scenario-ext,notwindy,extendable
3908,187,DE0 158,DE0 55,10.947648711638996,23.01857449307961,0.0,0.0,scenario-ext,notwindy,extendable
3909,188,DE0 158,DE0 86,28.608809245545803,46.70469621774411,0.0,0.0,scenario-ext,notwindy,extendable
3910,189,DE0 158,DE0 90,32.73747051798896,68.39368287044304,1.0,0.0,scenario-ext,notwindy,extendable
3911,19,DE0 104,DE0 125,20.606549701201928,49.32629927218032,0.0,0.0,scenario-ext,notwindy,extendable
3912,190,DE0 159,DE0 253,21.19072645017956,33.62391981410687,0.0,0.0,scenario-ext,notwindy,extendable
3913,191,DE0 159,DE0 29,9.201739399508558,16.45958979465669,0.0,0.0,scenario-ext,notwindy,extendable
3914,192,DE0 16,DE0 197,10.775218600330694,34.2360256090045,0.0,0.0,scenario-ext,notwindy,extendable
3915,193,DE0 16,DE0 423,9.878371245025459,37.97357351302746,0.0,0.0,scenario-ext,notwindy,extendable
3916,194,DE0 160,DE0 202,3.049108709276671,9.239629464557279,0.0,0.0,scenario-ext,notwindy,extendable
3917,195,DE0 160,DE0 280,2.3688877847987557,6.99909100500751,0.0,0.0,scenario-ext,notwindy,extendable
3918,196,DE0 160,DE0 423,2.5041337413636247,7.2274901013949,0.0,0.0,scenario-ext,notwindy,extendable
3919,197,DE0 161,DE0 320,16.03334818778913,25.787450798279625,0.0,0.0,scenario-ext,notwindy,extendable
3920,198,DE0 161,DE0 385,19.792450760574475,26.731528754082863,0.0,0.0,scenario-ext,notwindy,extendable
3921,199,DE0 162,DE0 341,7.716215731087382,13.625009245292476,0.0,0.0,scenario-ext,notwindy,extendable
3922,2,DE0 0,DE0 90,17.925036566218274,45.158787991793446,0.0,0.0,scenario-ext,notwindy,extendable
3923,20,DE0 104,DE0 297,9.648375073975705,30.45070798563596,0.0,0.0,scenario-ext,notwindy,extendable
3924,200,DE0 162,DE0 389,5.345605214084028,10.595673921657163,0.0,0.0,scenario-ext,notwindy,extendable
3925,201,DE0 163,DE0 361,18.51240640519528,63.752875901664765,1.0,0.0,scenario-ext,notwindy,extendable
3926,202,DE0 163,DE0 43,22.891149591534045,52.18821213562245,0.0,0.0,scenario-ext,notwindy,extendable
3927,203,DE0 164,DE0 250,6.251437315002234,13.153678260883927,0.0,0.0,scenario-ext,notwindy,extendable
3928,204,DE0 164,DE0 387,6.652372057238338,14.209948033982917,0.0,0.0,scenario-ext,notwindy,extendable
3929,205,DE0 165,DE0 50,12.625803605969018,27.00974161514403,0.0,0.0,scenario-ext,notwindy,extendable
3930,206,DE0 165,DE0 8,10.709037621163047,26.322032096275947,0.0,0.0,scenario-ext,notwindy,extendable
3931,207,DE0 166,DE0 206,11.053945975627592,28.188228336072473,0.0,0.0,scenario-ext,notwindy,extendable
3932,208,DE0 166,DE0 274,7.987145119798374,23.899204299585417,0.0,0.0,scenario-ext,notwindy,extendable
3933,209,DE0 166,DE0 36,10.423670898505057,39.56431542226747,0.0,0.0,scenario-ext,notwindy,extendable
3934,21,DE0 104,DE0 389,8.872568850145674,28.28167290580652,0.0,0.0,scenario-ext,notwindy,extendable
3935,210,DE0 166,DE0 97,2.2324271410644063,5.762820805139211,0.0,0.0,scenario-ext,notwindy,extendable
3936,211,DE0 167,DE0 224,6.767527710058132,9.73430694213102,0.0,0.0,scenario-ext,notwindy,extendable
3937,212,DE0 167,DE0 226,15.94561100337807,33.72307590314839,0.0,0.0,scenario-ext,notwindy,extendable
3938,213,DE0 167,DE0 33,5.183143725551393,7.153847321559827,0.0,0.0,scenario-ext,notwindy,extendable
3939,214,DE0 167,DE0 388,4.078447613152504,13.755055589542952,0.0,0.0,scenario-ext,notwindy,extendable
3940,215,DE0 167,DE0 48,14.53322506636253,30.746159703885624,0.0,0.0,scenario-ext,notwindy,extendable
3941,216,DE0 168,DE0 310,6.605507247621427,8.70149965255377,0.0,0.0,scenario-ext,notwindy,extendable
3942,217,DE0 168,DE0 312,15.162399335934463,28.53164534359072,0.0,0.0,scenario-ext,notwindy,extendable
3943,218,DE0 168,DE0 421,3.0226053354257165,11.273188329605452,0.0,0.0,scenario-ext,notwindy,extendable
3944,219,DE0 168,DE0 84,9.874839604774758,17.763164056550924,0.0,0.0,scenario-ext,notwindy,extendable
3945,22,DE0 104,DE0 4,4.705987256482321,10.71237553957715,0.0,0.0,scenario-ext,notwindy,extendable
3946,220,DE0 169,DE0 263,15.47312496732934,37.71144529519394,0.0,0.0,scenario-ext,notwindy,extendable
3947,221,DE0 169,DE0 427,13.969918590879393,40.041692147473725,0.0,0.0,scenario-ext,notwindy,extendable
3948,222,DE0 17,DE0 205,21.30614676052941,41.33870123267199,0.0,0.0,scenario-ext,notwindy,extendable
3949,223,DE0 17,DE0 259,20.62794884381216,33.38987328855442,0.0,0.0,scenario-ext,notwindy,extendable
3950,224,DE0 170,DE0 42,4.393867259339301,9.006361801272265,0.0,0.0,scenario-ext,notwindy,extendable
3951,225,DE0 170,DE0 56,5.819886601470262,11.191018695137842,0.0,0.0,scenario-ext,notwindy,extendable
3952,226,DE0 171,DE0 9,10.347413004334637,30.01744750457683,0.0,0.0,scenario-ext,notwindy,extendable
3953,227,DE0 172,DE0 214,12.707419678306966,21.826251393844352,0.0,0.0,scenario-ext,notwindy,extendable
3954,228,DE0 172,DE0 270,25.30730539545632,36.83240618347859,0.0,0.0,scenario-ext,notwindy,extendable
3955,229,DE0 172,DE0 296,34.931811218591726,47.63103360348439,0.0,0.0,scenario-ext,notwindy,extendable
3956,23,DE0 105,DE0 181,14.197063056902905,22.894112076430638,0.0,0.0,scenario-ext,notwindy,extendable
3957,230,DE0 173,DE0 26,24.844207469484466,35.42327494765191,0.0,0.0,scenario-ext,notwindy,extendable
3958,231,DE0 173,DE0 286,6.478663791330829,22.441729366558196,0.0,0.0,scenario-ext,notwindy,extendable
3959,232,DE0 173,DE0 307,15.173292206755296,20.561454308682737,0.0,0.0,scenario-ext,notwindy,extendable
3960,233,DE0 173,DE0 337,17.231469809150347,26.386230558035496,0.0,0.0,scenario-ext,notwindy,extendable
3961,234,DE0 174,DE0 273,1.4086615744635067,1.6895381350968548,0.0,0.0,scenario-ext,notwindy,extendable
3962,235,DE0 174,DE0 397,0.8600620605771664,1.0166364463951754,0.0,0.0,scenario-ext,notwindy,extendable
3963,236,DE0 175,DE0 413,7.697243480347245,17.391037733231602,0.0,0.0,scenario-ext,notwindy,extendable
3964,237,DE0 175,DE0 54,7.113851367355221,15.982613714368899,0.0,0.0,scenario-ext,notwindy,extendable
3965,238,DE0 176,DE0 357,6.519111451913724,17.541923565602968,0.0,0.0,scenario-ext,notwindy,extendable
3966,239,DE0 176,DE0 382,9.042079297948836,16.960270399727754,0.0,0.0,scenario-ext,notwindy,extendable
3967,24,DE0 105,DE0 211,5.538119758412044,9.240573300548425,0.0,0.0,scenario-ext,notwindy,extendable
3968,240,DE0 177,DE0 231,3.828793629565539,16.949742473603997,0.0,0.0,scenario-ext,notwindy,extendable
3969,241,DE0 177,DE0 355,5.18784378720554,20.876352564120186,0.0,0.0,scenario-ext,notwindy,extendable
3970,242,DE0 177,DE0 380,1.4776612501521866,3.6745497455389082,0.0,0.0,scenario-ext,notwindy,extendable
3971,243,DE0 178,DE0 215,7.536520220424031,14.846418477358128,0.0,0.0,scenario-ext,notwindy,extendable
3972,244,DE0 178,DE0 83,7.164369962190131,15.061391638756591,0.0,0.0,scenario-ext,notwindy,extendable
3973,245,DE0 179,DE0 324,5.726614186172731,16.70825062130984,0.0,0.0,scenario-ext,notwindy,extendable
3974,246,DE0 179,DE0 403,14.773501966549205,19.645557670724862,0.0,0.0,scenario-ext,notwindy,extendable
3975,247,DE0 18,DE0 99,17.21168080645936,32.096387196835295,0.0,0.0,scenario-ext,notwindy,extendable
3976,248,DE0 180,DE0 376,6.868232737297693,19.18832868454705,0.0,0.0,scenario-ext,notwindy,extendable
3977,249,DE0 180,DE0 63,6.220153595043757,17.371441139475348,0.0,0.0,scenario-ext,notwindy,extendable
3978,25,DE0 105,DE0 445,18.74293803864904,29.82252313884972,0.0,0.0,scenario-ext,notwindy,extendable
3979,250,DE0 181,DE0 236,15.697960490005125,26.18547611473349,0.0,0.0,scenario-ext,notwindy,extendable
3980,251,DE0 182,DE0 52,4.889368809153136,8.297167984233926,0.0,0.0,scenario-ext,notwindy,extendable
3981,252,DE0 183,DE0 351,32.6347321798497,69.92981963325401,4.0,0.0,scenario-ext,notwindy,extendable
3982,253,DE0 184,DE0 229,26.962378474674836,39.628578892302244,0.0,0.0,scenario-ext,notwindy,extendable
3983,254,DE0 184,DE0 295,37.98809411204975,55.298213026334906,0.0,0.0,scenario-ext,notwindy,extendable
3984,255,DE0 185,DE0 283,10.106988190013947,33.70430857767677,0.0,0.0,scenario-ext,notwindy,extendable
3985,256,DE0 185,DE0 328,5.225156909561867,15.402859140034394,0.0,0.0,scenario-ext,notwindy,extendable
3986,257,DE0 185,DE0 400,5.188616206384209,15.73279418881032,0.0,0.0,scenario-ext,notwindy,extendable
3987,258,DE0 186,DE0 55,10.16460117452151,38.65021644292514,0.0,0.0,scenario-ext,notwindy,extendable
3988,259,DE0 186,DE0 99,11.917337887001485,31.862145821769715,0.0,0.0,scenario-ext,notwindy,extendable
3989,26,DE0 106,DE0 182,5.821616943732688,12.936670782432055,0.0,0.0,scenario-ext,notwindy,extendable
3990,260,DE0 187,DE0 56,28.6353484942438,39.05142981547439,0.0,0.0,scenario-ext,notwindy,extendable
3991,261,DE0 188,DE0 217,19.570473399153556,24.30969819082059,0.0,0.0,scenario-ext,notwindy,extendable
3992,262,DE0 188,DE0 68,41.643414910349925,57.27167916717421,0.0,0.0,scenario-ext,notwindy,extendable
3993,263,DE0 189,DE0 316,24.795955392344485,33.62325564051199,0.0,0.0,scenario-ext,notwindy,extendable
3994,264,DE0 189,DE0 334,10.830878164099268,17.00965680040482,0.0,0.0,scenario-ext,notwindy,extendable
3995,265,DE0 189,DE0 66,41.388675086720724,57.542075216882495,0.0,0.0,scenario-ext,notwindy,extendable
3996,266,DE0 19,DE0 248,4.083720177551487,10.657051202731601,0.0,0.0,scenario-ext,notwindy,extendable
3997,267,DE0 19,DE0 254,26.68298147556921,68.81745656384733,3.0,0.0,scenario-ext,notwindy,extendable
3998,268,DE0 19,DE0 62,15.110633744074722,46.99062271631649,0.0,0.0,scenario-ext,notwindy,extendable
3999,269,DE0 190,DE0 414,21.103402375214518,69.6068755932328,4.0,0.0,scenario-ext,notwindy,extendable
4000,27,DE0 106,DE0 222,13.886783217891372,29.44577727430138,0.0,0.0,scenario-ext,notwindy,extendable
4001,270,DE0 190,DE0 55,16.35233704595697,52.364333253118964,0.0,0.0,scenario-ext,notwindy,extendable
4002,271,DE0 191,DE0 269,53.49351430036803,69.57369028799087,12.0,0.0,scenario-ext,notwindy,extendable
4003,272,DE0 191,DE0 322,20.778991525612554,59.77005652961987,0.0,0.0,scenario-ext,notwindy,extendable
4004,273,DE0 192,DE0 449,3.374212259227168,10.629303698806392,0.0,0.0,scenario-ext,notwindy,extendable
4005,274,DE0 193,DE0 43,14.313102853281256,44.49034324274508,0.0,0.0,scenario-ext,notwindy,extendable
4006,275,DE0 193,DE0 57,4.949280289559558,14.047283241374355,0.0,0.0,scenario-ext,notwindy,extendable
4007,276,DE0 193,DE0 6,12.02493072777997,37.805696385791535,0.0,0.0,scenario-ext,notwindy,extendable
4008,277,DE0 194,DE0 390,43.927171649910974,62.3810943632572,6.0,0.0,scenario-ext,notwindy,extendable
4009,278,DE0 194,DE0 391,5.373360678192113,13.478343149472257,0.0,0.0,scenario-ext,notwindy,extendable
4010,279,DE0 195,DE0 283,9.848966039368417,33.053379987605986,0.0,0.0,scenario-ext,notwindy,extendable
4011,28,DE0 106,DE0 30,8.58525926902365,15.324236902538663,0.0,0.0,scenario-ext,notwindy,extendable
4012,280,DE0 195,DE0 54,15.146856215870866,44.627748268053544,0.0,0.0,scenario-ext,notwindy,extendable
4013,281,DE0 195,DE0 65,13.114921555386724,31.431346117000075,0.0,0.0,scenario-ext,notwindy,extendable
4014,282,DE0 196,DE0 249,10.51814047554603,31.286123333294487,0.0,0.0,scenario-ext,notwindy,extendable
4015,283,DE0 196,DE0 380,12.022428089871173,32.68035189902684,0.0,0.0,scenario-ext,notwindy,extendable
4016,284,DE0 197,DE0 57,11.402203271214912,44.312636375564544,0.0,0.0,scenario-ext,notwindy,extendable
4017,285,DE0 198,DE0 211,30.745151263239528,52.81561706256718,0.0,0.0,scenario-ext,notwindy,extendable
4018,286,DE0 198,DE0 236,10.848861614958487,17.929656412122515,0.0,0.0,scenario-ext,notwindy,extendable
4019,287,DE0 198,DE0 335,29.052757934115682,69.88663306081536,2.0,0.0,scenario-ext,notwindy,extendable
4020,288,DE0 198,DE0 368,24.389376559909863,39.54289646185216,0.0,0.0,scenario-ext,notwindy,extendable
4021,289,DE0 198,DE0 50,30.3011310109743,43.57678795906644,0.0,0.0,scenario-ext,notwindy,extendable
4022,29,DE0 106,DE0 52,3.393753152332569,10.697635013604655,0.0,0.0,scenario-ext,notwindy,extendable
4023,290,DE0 198,DE0 67,9.58517229025468,27.372432338286067,0.0,0.0,scenario-ext,notwindy,extendable
4024,291,DE0 199,DE0 364,5.103228735099073,9.887815342244394,0.0,0.0,scenario-ext,notwindy,extendable
4025,292,DE0 199,DE0 369,1.311469643899113,2.884326071238648,0.0,0.0,scenario-ext,notwindy,extendable
4026,293,DE0 2,DE0 314,4.704387768566828,16.638857516184938,0.0,0.0,scenario-ext,notwindy,extendable
4027,294,DE0 20,DE0 348,16.71660404197852,31.83659014954412,0.0,0.0,scenario-ext,notwindy,extendable
4028,295,DE0 20,DE0 421,13.49750004457832,19.67611090038623,0.0,0.0,scenario-ext,notwindy,extendable
4029,296,DE0 200,DE0 318,26.944014069224714,36.645757207848774,0.0,0.0,scenario-ext,notwindy,extendable
4030,297,DE0 200,DE0 326,6.105854287933676,12.626691331527743,0.0,0.0,scenario-ext,notwindy,extendable
4031,298,DE0 200,DE0 333,2.1994823148113367,4.452361129672311,0.0,0.0,scenario-ext,notwindy,extendable
4032,299,DE0 200,DE0 417,5.01738915842761,11.665384041998122,0.0,0.0,scenario-ext,notwindy,extendable
4033,3,DE0 1,DE0 172,26.48003061250495,44.58897320239977,0.0,0.0,scenario-ext,notwindy,extendable
4034,30,DE0 107,DE0 143,16.428805599795517,28.492089050012254,0.0,0.0,scenario-ext,notwindy,extendable
4035,300,DE0 201,DE0 204,2.2939954721785574,6.182912021031443,0.0,0.0,scenario-ext,notwindy,extendable
4036,301,DE0 201,DE0 366,10.520883430524892,36.25723205747984,0.0,0.0,scenario-ext,notwindy,extendable
4037,302,DE0 201,DE0 381,6.256747745554396,14.14117450504958,0.0,0.0,scenario-ext,notwindy,extendable
4038,303,DE0 203,DE0 21,4.539222206866855,11.38343991272907,0.0,0.0,scenario-ext,notwindy,extendable
4039,304,DE0 203,DE0 35,14.69749919708728,50.95871068963456,0.0,0.0,scenario-ext,notwindy,extendable
4040,305,DE0 203,DE0 351,5.685874077288739,19.764795994014186,0.0,0.0,scenario-ext,notwindy,extendable
4041,306,DE0 204,DE0 289,8.889048748816924,23.316635866905596,0.0,0.0,scenario-ext,notwindy,extendable
4042,307,DE0 204,DE0 5,11.986810640251685,30.717391164083985,0.0,0.0,scenario-ext,notwindy,extendable
4043,308,DE0 204,DE0 82,30.747236558907275,67.62067024406464,3.0,0.0,scenario-ext,notwindy,extendable
4044,309,DE0 204,DE0 83,8.209790460982024,16.71913065494979,0.0,0.0,scenario-ext,notwindy,extendable
4045,31,DE0 107,DE0 61,5.925445660128992,15.307119017877838,0.0,0.0,scenario-ext,notwindy,extendable
4046,310,DE0 205,DE0 213,5.463342083250963,12.175503167107193,0.0,0.0,scenario-ext,notwindy,extendable
4047,311,DE0 205,DE0 75,8.219521460001337,23.513151475700898,0.0,0.0,scenario-ext,notwindy,extendable
4048,312,DE0 206,DE0 327,9.979216978266631,26.841900076932486,0.0,0.0,scenario-ext,notwindy,extendable
4049,313,DE0 207,DE0 300,6.286224180972545,19.310324879495408,0.0,0.0,scenario-ext,notwindy,extendable
4050,314,DE0 207,DE0 70,13.142216747539393,28.45758341352977,0.0,0.0,scenario-ext,notwindy,extendable
4051,315,DE0 208,DE0 3,8.300640952375488,23.34574278950648,0.0,0.0,scenario-ext,notwindy,extendable
4052,316,DE0 208,DE0 414,12.364428707193618,22.803757215262166,0.0,0.0,scenario-ext,notwindy,extendable
4053,317,DE0 209,DE0 99,9.750596987451772,22.316427659171445,0.0,0.0,scenario-ext,notwindy,extendable
4054,318,DE0 21,DE0 284,9.007545290924007,31.152839132489046,0.0,0.0,scenario-ext,notwindy,extendable
4055,319,DE0 21,DE0 351,21.970821082301377,43.083742415045016,0.0,0.0,scenario-ext,notwindy,extendable
4056,32,DE0 108,DE0 196,7.999316833113772,15.157630912619952,0.0,0.0,scenario-ext,notwindy,extendable
4057,320,DE0 210,DE0 303,10.974614406690103,19.266907884183937,0.0,0.0,scenario-ext,notwindy,extendable
4058,321,DE0 210,DE0 68,17.72940869873375,29.660629436118803,0.0,0.0,scenario-ext,notwindy,extendable
4059,322,DE0 212,DE0 230,26.026259596138463,53.577259038629336,0.0,0.0,scenario-ext,notwindy,extendable
4060,323,DE0 212,DE0 343,15.629678426992403,22.84506904567108,0.0,0.0,scenario-ext,notwindy,extendable
4061,324,DE0 212,DE0 408,23.808888186531643,36.882976871780905,0.0,0.0,scenario-ext,notwindy,extendable
4062,325,DE0 212,DE0 436,16.810082887096456,24.492529450092164,0.0,0.0,scenario-ext,notwindy,extendable
4063,326,DE0 212,DE0 78,21.52996705103357,43.97125302826234,0.0,0.0,scenario-ext,notwindy,extendable
4064,327,DE0 213,DE0 75,15.779417166373369,48.18058969744863,0.0,0.0,scenario-ext,notwindy,extendable
4065,328,DE0 214,DE0 242,7.630601371297837,19.802173121964035,0.0,0.0,scenario-ext,notwindy,extendable
4066,329,DE0 214,DE0 367,12.442500545074648,25.13918852556673,0.0,0.0,scenario-ext,notwindy,extendable
4067,33,DE0 108,DE0 384,26.311295013017745,42.13597321364226,0.0,0.0,scenario-ext,notwindy,extendable
4068,330,DE0 215,DE0 359,4.631983202526923,17.58779588846548,0.0,0.0,scenario-ext,notwindy,extendable
4069,331,DE0 215,DE0 380,23.143502344784483,69.90500630247088,2.0,0.0,scenario-ext,notwindy,extendable
4070,332,DE0 215,DE0 384,28.60055319025839,44.6142794627433,0.0,0.0,scenario-ext,notwindy,extendable
4071,333,DE0 215,DE0 81,24.93201464366715,69.2659639093341,2.0,0.0,scenario-ext,notwindy,extendable
4072,334,DE0 216,DE0 251,9.373484029058766,19.961296841480465,0.0,0.0,scenario-ext,notwindy,extendable
4073,335,DE0 216,DE0 272,10.580213817197048,16.267311982461358,0.0,0.0,scenario-ext,notwindy,extendable
4074,336,DE0 216,DE0 294,24.839444710285072,36.47902854000523,0.0,0.0,scenario-ext,notwindy,extendable
4075,337,DE0 217,DE0 365,15.873361057032762,25.76593743003204,0.0,0.0,scenario-ext,notwindy,extendable
4076,338,DE0 217,DE0 379,17.821496840155326,30.335762996984116,0.0,0.0,scenario-ext,notwindy,extendable
4077,339,DE0 218,DE0 251,12.574845402033786,20.735448408934605,0.0,0.0,scenario-ext,notwindy,extendable
4078,34,DE0 109,DE0 221,7.96358809247653,14.969120774394911,0.0,0.0,scenario-ext,notwindy,extendable
4079,340,DE0 218,DE0 47,8.933234813090984,16.086366166846204,0.0,0.0,scenario-ext,notwindy,extendable
4080,341,DE0 219,DE0 447,25.15936687633372,33.4354582881096,0.0,0.0,scenario-ext,notwindy,extendable
4081,342,DE0 219,DE0 76,14.884206575982942,19.40095164658596,0.0,0.0,scenario-ext,notwindy,extendable
4082,343,DE0 22,DE0 269,30.85542186131191,42.64907636400539,0.0,0.0,scenario-ext,notwindy,extendable
4083,344,DE0 22,DE0 30,10.87703465990288,22.831963553032857,0.0,0.0,scenario-ext,notwindy,extendable
4084,345,DE0 22,DE0 322,35.11562923118207,63.6562849203982,5.0,0.0,scenario-ext,notwindy,extendable
4085,346,DE0 22,DE0 62,11.004370385736994,38.37251439318915,0.0,0.0,scenario-ext,notwindy,extendable
4086,347,DE0 220,DE0 270,20.096370704682812,30.97233185464418,0.0,0.0,scenario-ext,notwindy,extendable
4087,348,DE0 223,DE0 360,15.441306835502619,52.02657734009332,0.0,0.0,scenario-ext,notwindy,extendable
4088,349,DE0 223,DE0 377,7.8674158128205285,24.558964092048292,0.0,0.0,scenario-ext,notwindy,extendable
4089,35,DE0 109,DE0 239,6.16963876476493,15.543651841824449,0.0,0.0,scenario-ext,notwindy,extendable
4090,350,DE0 224,DE0 33,2.9379264322073486,4.776898024028827,0.0,0.0,scenario-ext,notwindy,extendable
4091,351,DE0 225,DE0 242,4.685240675583549,10.899898448771953,0.0,0.0,scenario-ext,notwindy,extendable
4092,352,DE0 225,DE0 429,0.8326552328247562,2.1406677443657682,0.0,0.0,scenario-ext,notwindy,extendable
4093,353,DE0 225,DE0 432,0.5582486171732542,1.4582340343516957,0.0,0.0,scenario-ext,notwindy,extendable
4094,354,DE0 226,DE0 48,12.12920770694299,23.592047186370063,0.0,0.0,scenario-ext,notwindy,extendable
4095,355,DE0 226,DE0 49,0.7555730549624402,2.4198196373487884,0.0,0.0,scenario-ext,notwindy,extendable
4096,356,DE0 227,DE0 51,19.38779172394315,33.235183624689036,0.0,0.0,scenario-ext,notwindy,extendable
4097,357,DE0 227,DE0 59,1.9452968802235122,3.4578618123729745,0.0,0.0,scenario-ext,notwindy,extendable
4098,358,DE0 228,DE0 261,11.617487844808672,27.722154169128828,0.0,0.0,scenario-ext,notwindy,extendable
4099,359,DE0 229,DE0 324,25.21834056150956,36.938494763176166,0.0,0.0,scenario-ext,notwindy,extendable
4100,36,DE0 109,DE0 247,7.5566927229918885,14.417784816109933,0.0,0.0,scenario-ext,notwindy,extendable
4101,360,DE0 23,DE0 244,2.4554095424013433,7.638414892088517,0.0,0.0,scenario-ext,notwindy,extendable
4102,361,DE0 230,DE0 78,12.408841673956909,24.99180123880359,0.0,0.0,scenario-ext,notwindy,extendable
4103,362,DE0 231,DE0 359,4.377220049213163,17.268017908392185,0.0,0.0,scenario-ext,notwindy,extendable
4104,363,DE0 232,DE0 407,7.7885876260228315,34.250753251710314,0.0,0.0,scenario-ext,notwindy,extendable
4105,364,DE0 233,DE0 437,1.6004932200028372,2.256766402631507,0.0,0.0,scenario-ext,notwindy,extendable
4106,365,DE0 234,DE0 398,24.22662838241716,42.61447409553094,0.0,0.0,scenario-ext,notwindy,extendable
4107,366,DE0 235,DE0 329,12.876823596377001,30.55234388665212,0.0,0.0,scenario-ext,notwindy,extendable
4108,367,DE0 235,DE0 353,4.864424231464553,11.48716854562477,0.0,0.0,scenario-ext,notwindy,extendable
4109,368,DE0 235,DE0 413,7.651387381637152,17.571303877954175,0.0,0.0,scenario-ext,notwindy,extendable
4110,369,DE0 236,DE0 401,18.49667729453509,25.67767536788291,0.0,0.0,scenario-ext,notwindy,extendable
4111,37,DE0 11,DE0 114,9.347342666539857,26.097061636397385,0.0,0.0,scenario-ext,notwindy,extendable
4112,370,DE0 237,DE0 258,9.57327486241905,16.697854982622,0.0,0.0,scenario-ext,notwindy,extendable
4113,371,DE0 237,DE0 275,8.152854117276462,12.662323996314717,0.0,0.0,scenario-ext,notwindy,extendable
4114,372,DE0 237,DE0 46,8.14273738006743,12.430124500435245,0.0,0.0,scenario-ext,notwindy,extendable
4115,373,DE0 238,DE0 250,8.465750771364856,14.77232478623377,0.0,0.0,scenario-ext,notwindy,extendable
4116,374,DE0 238,DE0 268,16.342440662162875,41.623120456386744,0.0,0.0,scenario-ext,notwindy,extendable
4117,375,DE0 238,DE0 53,15.45618447002094,45.51044868045122,0.0,0.0,scenario-ext,notwindy,extendable
4118,376,DE0 239,DE0 440,6.25404653992196,14.66625295715483,0.0,0.0,scenario-ext,notwindy,extendable
4119,377,DE0 24,DE0 266,12.492133094542405,36.177034784443016,0.0,0.0,scenario-ext,notwindy,extendable
4120,378,DE0 24,DE0 447,9.247647190947294,32.131234843955006,0.0,0.0,scenario-ext,notwindy,extendable
4121,379,DE0 240,DE0 356,9.837609185886114,29.91971186906873,0.0,0.0,scenario-ext,notwindy,extendable
4122,38,DE0 11,DE0 152,9.186917890569429,19.869263166463135,0.0,0.0,scenario-ext,notwindy,extendable
4123,380,DE0 240,DE0 63,2.5561721875285057,6.477481689313791,0.0,0.0,scenario-ext,notwindy,extendable
4124,381,DE0 241,DE0 332,5.2462917272850635,13.267075138450949,0.0,0.0,scenario-ext,notwindy,extendable
4125,382,DE0 241,DE0 341,5.93830143535227,10.98804107305702,0.0,0.0,scenario-ext,notwindy,extendable
4126,383,DE0 242,DE0 250,7.580887646773242,17.059787947092342,0.0,0.0,scenario-ext,notwindy,extendable
4127,384,DE0 243,DE0 46,9.243011042831654,23.8014902439512,0.0,0.0,scenario-ext,notwindy,extendable
4128,385,DE0 243,DE0 96,9.723502130581789,24.25423032250294,0.0,0.0,scenario-ext,notwindy,extendable
4129,386,DE0 245,DE0 439,9.81207773784383,29.398887753226983,0.0,0.0,scenario-ext,notwindy,extendable
4130,387,DE0 246,DE0 433,8.268345759796981,21.619881786076817,0.0,0.0,scenario-ext,notwindy,extendable
4131,388,DE0 246,DE0 6,14.849803706781037,47.41207159010371,0.0,0.0,scenario-ext,notwindy,extendable
4132,389,DE0 247,DE0 400,6.511657659163113,13.510530197723785,0.0,0.0,scenario-ext,notwindy,extendable
4133,39,DE0 11,DE0 351,13.503797515747044,32.10089887848095,0.0,0.0,scenario-ext,notwindy,extendable
4134,390,DE0 248,DE0 386,6.516171549491339,13.688176527413596,0.0,0.0,scenario-ext,notwindy,extendable
4135,391,DE0 248,DE0 90,13.999651315723458,59.90585638910857,0.0,0.0,scenario-ext,notwindy,extendable
4136,392,DE0 249,DE0 9,15.374094281638287,31.52033934565997,0.0,0.0,scenario-ext,notwindy,extendable
4137,393,DE0 25,DE0 255,16.065529642489263,25.623600415822178,0.0,0.0,scenario-ext,notwindy,extendable
4138,394,DE0 25,DE0 267,16.856319312935586,32.80819670813591,0.0,0.0,scenario-ext,notwindy,extendable
4139,395,DE0 25,DE0 324,28.067341019149865,41.024905876645605,0.0,0.0,scenario-ext,notwindy,extendable
4140,396,DE0 25,DE0 403,38.899037159503266,58.20047560918873,0.0,0.0,scenario-ext,notwindy,extendable
4141,397,DE0 25,DE0 64,16.667421792168625,26.56937539313485,0.0,0.0,scenario-ext,notwindy,extendable
4142,398,DE0 250,DE0 317,15.061143252989606,35.6007518508909,0.0,0.0,scenario-ext,notwindy,extendable
4143,399,DE0 250,DE0 370,12.48978644827519,25.36733801391741,0.0,0.0,scenario-ext,notwindy,extendable
4144,4,DE0 1,DE0 296,21.09216979024758,43.5169996142678,0.0,0.0,scenario-ext,notwindy,extendable
4145,40,DE0 110,DE0 253,11.296317644403201,24.066732335883874,0.0,0.0,scenario-ext,notwindy,extendable
4146,400,DE0 250,DE0 78,12.559228123455288,25.59906289583214,0.0,0.0,scenario-ext,notwindy,extendable
4147,401,DE0 251,DE0 306,2.2182367263324583,5.112183588870397,0.0,0.0,scenario-ext,notwindy,extendable
4148,402,DE0 251,DE0 396,15.660765237218458,26.3423333335565,0.0,0.0,scenario-ext,notwindy,extendable
4149,403,DE0 251,DE0 416,3.2043542487838312,5.977700050122248,0.0,0.0,scenario-ext,notwindy,extendable
4150,404,DE0 251,DE0 68,5.421010856256085,15.019633471830293,0.0,0.0,scenario-ext,notwindy,extendable
4151,405,DE0 251,DE0 92,32.876796958449845,50.16454424311537,0.0,0.0,scenario-ext,notwindy,extendable
4152,406,DE0 252,DE0 285,4.157800034101577,10.679897163800657,0.0,0.0,scenario-ext,notwindy,extendable
4153,407,DE0 252,DE0 383,30.828188050447174,48.69836953029086,0.0,0.0,scenario-ext,notwindy,extendable
4154,408,DE0 252,DE0 448,20.359618122528843,27.024437889372727,0.0,0.0,scenario-ext,notwindy,extendable
4155,409,DE0 253,DE0 415,4.3093972393291065,12.699332841817146,0.0,0.0,scenario-ext,notwindy,extendable
4156,41,DE0 110,DE0 69,4.092339870826862,8.775163223838932,0.0,0.0,scenario-ext,notwindy,extendable
4157,410,DE0 254,DE0 443,16.117471892399585,54.19406002597725,0.0,0.0,scenario-ext,notwindy,extendable
4158,411,DE0 255,DE0 84,22.13353692566946,36.27518119007976,0.0,0.0,scenario-ext,notwindy,extendable
4159,412,DE0 256,DE0 290,10.11338409952071,21.292094152690236,0.0,0.0,scenario-ext,notwindy,extendable
4160,413,DE0 256,DE0 365,8.944098269111521,16.03210460774855,0.0,0.0,scenario-ext,notwindy,extendable
4161,414,DE0 257,DE0 312,12.271533489972713,21.665432398145875,0.0,0.0,scenario-ext,notwindy,extendable
4162,415,DE0 257,DE0 372,15.570785736838591,26.889399571342555,0.0,0.0,scenario-ext,notwindy,extendable
4163,416,DE0 257,DE0 435,7.407599439468991,12.92579714712209,0.0,0.0,scenario-ext,notwindy,extendable
4164,417,DE0 258,DE0 345,14.49683010960879,38.08550700899704,0.0,0.0,scenario-ext,notwindy,extendable
4165,418,DE0 259,DE0 75,15.257546396033817,25.917930573884206,0.0,0.0,scenario-ext,notwindy,extendable
4166,419,DE0 260,DE0 290,11.26439523720898,16.244219700802272,0.0,0.0,scenario-ext,notwindy,extendable
4167,42,DE0 111,DE0 305,3.426349150775675,9.98994511194913,0.0,0.0,scenario-ext,notwindy,extendable
4168,420,DE0 260,DE0 408,16.725808820008805,24.499391013768367,0.0,0.0,scenario-ext,notwindy,extendable
4169,421,DE0 260,DE0 441,10.882407130845191,34.596585387672626,0.0,0.0,scenario-ext,notwindy,extendable
4170,422,DE0 261,DE0 92,17.364418526373267,32.260570726838125,0.0,0.0,scenario-ext,notwindy,extendable
4171,423,DE0 262,DE0 36,12.394434958300348,41.3421499478875,0.0,0.0,scenario-ext,notwindy,extendable
4172,424,DE0 263,DE0 273,9.783487156729615,21.64653627634115,0.0,0.0,scenario-ext,notwindy,extendable
4173,425,DE0 264,DE0 305,5.425542818443285,15.220027069477387,0.0,0.0,scenario-ext,notwindy,extendable
4174,426,DE0 264,DE0 328,4.774520532897107,13.712827220055221,0.0,0.0,scenario-ext,notwindy,extendable
4175,427,DE0 264,DE0 418,1.8301836492466024,6.167187839048093,0.0,0.0,scenario-ext,notwindy,extendable
4176,428,DE0 265,DE0 4,3.6048188836287776,10.05002721552971,0.0,0.0,scenario-ext,notwindy,extendable
4177,429,DE0 266,DE0 439,12.978583520796683,36.05409862768308,0.0,0.0,scenario-ext,notwindy,extendable
4178,43,DE0 111,DE0 328,4.355869151974994,8.628336644313176,0.0,0.0,scenario-ext,notwindy,extendable
4179,430,DE0 267,DE0 311,46.04584988286564,69.63659460371538,9.0,0.0,scenario-ext,notwindy,extendable
4180,431,DE0 268,DE0 330,8.671146166811406,23.768565751052883,0.0,0.0,scenario-ext,notwindy,extendable
4181,432,DE0 268,DE0 362,18.12813846951263,35.31551683135813,0.0,0.0,scenario-ext,notwindy,extendable
4182,433,DE0 269,DE0 30,16.290668407269013,25.817670008395226,0.0,0.0,scenario-ext,notwindy,extendable
4183,434,DE0 27,DE0 304,16.215783553978703,42.237576623976466,0.0,0.0,scenario-ext,notwindy,extendable
4184,435,DE0 27,DE0 336,8.762902975887306,17.391958307825416,0.0,0.0,scenario-ext,notwindy,extendable
4185,436,DE0 270,DE0 367,5.263674985448002,11.371051798667832,0.0,0.0,scenario-ext,notwindy,extendable
4186,437,DE0 270,DE0 79,4.009485838976692,8.652515887302588,0.0,0.0,scenario-ext,notwindy,extendable
4187,438,DE0 271,DE0 297,13.220436204853621,30.70391176973421,0.0,0.0,scenario-ext,notwindy,extendable
4188,439,DE0 271,DE0 374,6.826522771054856,14.458920424806635,0.0,0.0,scenario-ext,notwindy,extendable
4189,44,DE0 112,DE0 214,6.583279401393245,15.307697534245209,0.0,0.0,scenario-ext,notwindy,extendable
4190,440,DE0 272,DE0 346,7.321707625969109,13.913157368297489,0.0,0.0,scenario-ext,notwindy,extendable
4191,441,DE0 273,DE0 304,8.530334518021839,23.36083857397436,0.0,0.0,scenario-ext,notwindy,extendable
4192,442,DE0 273,DE0 47,11.660142092601061,20.045343788163983,0.0,0.0,scenario-ext,notwindy,extendable
4193,443,DE0 275,DE0 431,8.632414726768827,16.153715742346517,0.0,0.0,scenario-ext,notwindy,extendable
4194,444,DE0 275,DE0 46,9.018048525027183,19.383213291758356,0.0,0.0,scenario-ext,notwindy,extendable
4195,445,DE0 276,DE0 318,21.907079860758927,34.33050494676688,0.0,0.0,scenario-ext,notwindy,extendable
4196,446,DE0 276,DE0 385,35.893193527752324,48.38719417777346,0.0,0.0,scenario-ext,notwindy,extendable
4197,447,DE0 276,DE0 39,53.62602326940804,69.71561260060977,10.0,0.0,scenario-ext,notwindy,extendable
4198,448,DE0 276,DE0 390,26.307486905193755,35.386798165747074,0.0,0.0,scenario-ext,notwindy,extendable
4199,449,DE0 277,DE0 37,15.347845162906646,29.902395042303077,0.0,0.0,scenario-ext,notwindy,extendable
4200,45,DE0 112,DE0 387,6.930566082850204,15.076588142160844,0.0,0.0,scenario-ext,notwindy,extendable
4201,450,DE0 278,DE0 349,18.656604871628936,51.906110850466156,0.0,0.0,scenario-ext,notwindy,extendable
4202,451,DE0 278,DE0 406,14.105821523737868,41.12553615742743,0.0,0.0,scenario-ext,notwindy,extendable
4203,452,DE0 278,DE0 43,21.81831317030875,62.55596676166102,1.0,0.0,scenario-ext,notwindy,extendable
4204,453,DE0 279,DE0 286,11.620764337234442,15.971887284404945,0.0,0.0,scenario-ext,notwindy,extendable
4205,454,DE0 279,DE0 3,19.385341587704456,25.137552317110462,0.0,0.0,scenario-ext,notwindy,extendable
4206,455,DE0 279,DE0 377,12.981626879597716,18.06319762246458,0.0,0.0,scenario-ext,notwindy,extendable
4207,456,DE0 28,DE0 317,14.278795848983265,33.517454957539016,0.0,0.0,scenario-ext,notwindy,extendable
4208,457,DE0 28,DE0 329,13.215411987393159,31.08927640300763,0.0,0.0,scenario-ext,notwindy,extendable
4209,458,DE0 28,DE0 342,13.365506711796215,31.240692985715867,0.0,0.0,scenario-ext,notwindy,extendable
4210,459,DE0 280,DE0 423,5.492212073667938,10.317163140596366,0.0,0.0,scenario-ext,notwindy,extendable
4211,46,DE0 113,DE0 258,4.299805948687404,11.189330487028405,0.0,0.0,scenario-ext,notwindy,extendable
4212,460,DE0 281,DE0 73,10.419646899800544,26.449387141747977,0.0,0.0,scenario-ext,notwindy,extendable
4213,461,DE0 282,DE0 407,1.3165962631955,3.671752997060235,0.0,0.0,scenario-ext,notwindy,extendable
4214,462,DE0 282,DE0 434,2.033677568185597,4.5376754122719785,0.0,0.0,scenario-ext,notwindy,extendable
4215,463,DE0 284,DE0 45,9.269403273375998,30.7433810650935,0.0,0.0,scenario-ext,notwindy,extendable
4216,464,DE0 285,DE0 333,14.121451731910643,32.08122955030261,0.0,0.0,scenario-ext,notwindy,extendable
4217,465,DE0 286,DE0 344,16.59848389377279,23.662471448594584,0.0,0.0,scenario-ext,notwindy,extendable
4218,466,DE0 286,DE0 377,13.828483529290203,28.54371124844361,0.0,0.0,scenario-ext,notwindy,extendable
4219,467,DE0 286,DE0 66,21.607451151761623,31.929487218522446,0.0,0.0,scenario-ext,notwindy,extendable
4220,468,DE0 287,DE0 357,10.132805614914385,16.692131298255923,0.0,0.0,scenario-ext,notwindy,extendable
4221,469,DE0 287,DE0 431,8.91887204062978,16.552679466615146,0.0,0.0,scenario-ext,notwindy,extendable
4222,47,DE0 113,DE0 263,4.471134574635789,9.978466119836142,0.0,0.0,scenario-ext,notwindy,extendable
4223,470,DE0 288,DE0 36,6.075706806348382,9.632809521632266,0.0,0.0,scenario-ext,notwindy,extendable
4224,471,DE0 288,DE0 422,6.806629581089586,16.241109552895367,0.0,0.0,scenario-ext,notwindy,extendable
4225,472,DE0 289,DE0 91,9.465261462437995,25.677398323221123,0.0,0.0,scenario-ext,notwindy,extendable
4226,473,DE0 29,DE0 386,15.835592551960618,31.443367657692185,0.0,0.0,scenario-ext,notwindy,extendable
4227,474,DE0 290,DE0 298,14.714583937663459,19.43606970506535,0.0,0.0,scenario-ext,notwindy,extendable
4228,475,DE0 290,DE0 379,21.506627204512043,35.506955873735905,0.0,0.0,scenario-ext,notwindy,extendable
4229,476,DE0 291,DE0 406,4.878397207108063,12.094035901749178,0.0,0.0,scenario-ext,notwindy,extendable
4230,477,DE0 291,DE0 433,1.1652576107002632,8.234747499845007,0.0,0.0,scenario-ext,notwindy,extendable
4231,478,DE0 292,DE0 426,42.87629761728315,59.4508103260196,0.0,0.0,scenario-ext,notwindy,extendable
4232,479,DE0 292,DE0 436,12.101735828836764,15.43248409828874,0.0,0.0,scenario-ext,notwindy,extendable
4233,48,DE0 114,DE0 52,5.5218895016749805,7.974798794760981,0.0,0.0,scenario-ext,notwindy,extendable
4234,480,DE0 292,DE0 448,28.426949823287227,38.14656116617998,0.0,0.0,scenario-ext,notwindy,extendable
4235,481,DE0 293,DE0 446,6.90705590989228,18.378160401748932,0.0,0.0,scenario-ext,notwindy,extendable
4236,482,DE0 294,DE0 365,15.738934094729103,48.24273239505867,0.0,0.0,scenario-ext,notwindy,extendable
4237,483,DE0 294,DE0 383,23.893951623618197,34.6996815088138,0.0,0.0,scenario-ext,notwindy,extendable
4238,484,DE0 295,DE0 93,19.081006742012722,34.126370813134,0.0,0.0,scenario-ext,notwindy,extendable
4239,485,DE0 298,DE0 343,19.709946559304477,30.777449995624885,0.0,0.0,scenario-ext,notwindy,extendable
4240,486,DE0 298,DE0 379,25.312437792286484,35.69350683162372,0.0,0.0,scenario-ext,notwindy,extendable
4241,487,DE0 298,DE0 402,7.225095785537252,22.210647217942384,0.0,0.0,scenario-ext,notwindy,extendable
4242,488,DE0 299,DE0 302,12.044226886440494,28.477552853355064,0.0,0.0,scenario-ext,notwindy,extendable
4243,489,DE0 299,DE0 361,33.390845328898386,69.86170028855099,5.0,0.0,scenario-ext,notwindy,extendable
4244,49,DE0 115,DE0 338,11.29314741849922,21.380075043683533,0.0,0.0,scenario-ext,notwindy,extendable
4245,490,DE0 299,DE0 58,10.0311567818959,31.64541997776609,0.0,0.0,scenario-ext,notwindy,extendable
4246,491,DE0 3,DE0 307,17.291921645640006,22.62764901768599,0.0,0.0,scenario-ext,notwindy,extendable
4247,492,DE0 3,DE0 316,18.407456161305134,29.07329639478375,0.0,0.0,scenario-ext,notwindy,extendable
4248,493,DE0 3,DE0 414,10.798299494679776,27.358020287674034,0.0,0.0,scenario-ext,notwindy,extendable
4249,494,DE0 30,DE0 89,9.276496335053963,16.74985888528476,0.0,0.0,scenario-ext,notwindy,extendable
4250,495,DE0 301,DE0 360,16.747803658647356,55.71002654316408,0.0,0.0,scenario-ext,notwindy,extendable
4251,496,DE0 301,DE0 38,34.21614265284716,44.0534521451999,0.0,0.0,scenario-ext,notwindy,extendable
4252,497,DE0 302,DE0 7,20.549580794405394,69.78850992548354,2.0,0.0,scenario-ext,notwindy,extendable
4253,498,DE0 303,DE0 336,9.971689415721324,16.36212340997222,0.0,0.0,scenario-ext,notwindy,extendable
4254,499,DE0 306,DE0 340,10.947449606609636,26.416605751459425,0.0,0.0,scenario-ext,notwindy,extendable
4255,5,DE0 1,DE0 331,35.81777226334377,69.9433753374609,4.0,0.0,scenario-ext,notwindy,extendable
4256,50,DE0 115,DE0 364,7.866822681104657,15.046640748575157,0.0,0.0,scenario-ext,notwindy,extendable
4257,500,DE0 306,DE0 352,3.034594082447663,6.466445033217505,0.0,0.0,scenario-ext,notwindy,extendable
4258,501,DE0 306,DE0 357,11.021994845020783,20.868965683231817,0.0,0.0,scenario-ext,notwindy,extendable
4259,502,DE0 306,DE0 364,8.13464658636239,17.341193291044736,0.0,0.0,scenario-ext,notwindy,extendable
4260,503,DE0 306,DE0 419,2.532887603716677,5.551560709077602,0.0,0.0,scenario-ext,notwindy,extendable
4261,504,DE0 306,DE0 430,14.002343107307757,32.14729618227412,0.0,0.0,scenario-ext,notwindy,extendable
4262,505,DE0 308,DE0 38,10.90027940276603,17.398460497926514,0.0,0.0,scenario-ext,notwindy,extendable
4263,506,DE0 309,DE0 392,16.897261226803824,50.04470917455556,0.0,0.0,scenario-ext,notwindy,extendable
4264,507,DE0 31,DE0 55,15.79211075739071,28.843659896344253,0.0,0.0,scenario-ext,notwindy,extendable
4265,508,DE0 31,DE0 94,5.032929254366217,10.781286262192877,0.0,0.0,scenario-ext,notwindy,extendable
4266,509,DE0 310,DE0 421,20.03554379800433,29.822100359695806,0.0,0.0,scenario-ext,notwindy,extendable
4267,51,DE0 115,DE0 375,7.999196092715856,15.115582348618112,0.0,0.0,scenario-ext,notwindy,extendable
4268,510,DE0 311,DE0 66,49.51474141819484,69.86087610491029,16.0,0.0,scenario-ext,notwindy,extendable
4269,511,DE0 312,DE0 372,6.616189407816471,12.05734674257977,0.0,0.0,scenario-ext,notwindy,extendable
4270,512,DE0 314,DE0 327,6.564400727197457,17.665674508812987,0.0,0.0,scenario-ext,notwindy,extendable
4271,513,DE0 315,DE0 70,13.294802869782588,28.298668796642872,0.0,0.0,scenario-ext,notwindy,extendable
4272,514,DE0 315,DE0 79,20.303515621538345,31.56946106341968,0.0,0.0,scenario-ext,notwindy,extendable
4273,515,DE0 316,DE0 414,24.028215569414783,40.610909482970364,0.0,0.0,scenario-ext,notwindy,extendable
4274,516,DE0 317,DE0 342,14.098583079148163,33.07915763496351,0.0,0.0,scenario-ext,notwindy,extendable
4275,517,DE0 319,DE0 396,17.125360836910495,27.95022259434606,0.0,0.0,scenario-ext,notwindy,extendable
4276,518,DE0 32,DE0 60,13.679155554486966,25.71912919673257,0.0,0.0,scenario-ext,notwindy,extendable
4277,519,DE0 320,DE0 338,32.21538970918089,58.01000699756522,0.0,0.0,scenario-ext,notwindy,extendable
4278,52,DE0 115,DE0 391,4.812143841663417,13.055349546689557,0.0,0.0,scenario-ext,notwindy,extendable
4279,520,DE0 320,DE0 375,16.751869071539392,31.56499301916014,0.0,0.0,scenario-ext,notwindy,extendable
4280,521,DE0 321,DE0 60,9.525300606174367,16.8267859797242,0.0,0.0,scenario-ext,notwindy,extendable
4281,522,DE0 323,DE0 401,27.31642986068394,38.057400684422596,0.0,0.0,scenario-ext,notwindy,extendable
4282,523,DE0 323,DE0 66,29.705377290859857,41.75946833429501,0.0,0.0,scenario-ext,notwindy,extendable
4283,524,DE0 324,DE0 403,14.129451557161197,21.227358186883926,0.0,0.0,scenario-ext,notwindy,extendable
4284,525,DE0 324,DE0 66,21.33142555963856,45.15269853232732,0.0,0.0,scenario-ext,notwindy,extendable
4285,526,DE0 324,DE0 96,13.193771220325223,27.524982347565913,0.0,0.0,scenario-ext,notwindy,extendable
4286,527,DE0 325,DE0 379,14.325434373809964,27.98748254482416,0.0,0.0,scenario-ext,notwindy,extendable
4287,528,DE0 325,DE0 405,27.274189592976366,58.532414878775505,0.0,0.0,scenario-ext,notwindy,extendable
4288,529,DE0 326,DE0 436,12.546703824104657,25.50738324970942,0.0,0.0,scenario-ext,notwindy,extendable
4289,53,DE0 116,DE0 197,17.03487039872661,49.05092891058634,0.0,0.0,scenario-ext,notwindy,extendable
4290,530,DE0 328,DE0 412,6.691068025203071,18.793603180167484,0.0,0.0,scenario-ext,notwindy,extendable
4291,531,DE0 331,DE0 402,37.54465278256151,69.50283755752831,4.0,0.0,scenario-ext,notwindy,extendable
4292,532,DE0 332,DE0 37,14.837658570677078,38.85229176328915,0.0,0.0,scenario-ext,notwindy,extendable
4293,533,DE0 333,DE0 39,15.656752673723027,35.75555673582507,0.0,0.0,scenario-ext,notwindy,extendable
4294,534,DE0 334,DE0 399,5.201009639019757,9.047538806367529,0.0,0.0,scenario-ext,notwindy,extendable
4295,535,DE0 337,DE0 445,18.341471061337796,28.92801877948025,0.0,0.0,scenario-ext,notwindy,extendable
4296,536,DE0 339,DE0 434,2.245749159925447,5.26305724895516,0.0,0.0,scenario-ext,notwindy,extendable
4297,537,DE0 339,DE0 54,1.6333955155639217,3.9512902713800764,0.0,0.0,scenario-ext,notwindy,extendable
4298,538,DE0 34,DE0 81,34.00623859046101,69.70825003860172,3.0,0.0,scenario-ext,notwindy,extendable
4299,539,DE0 340,DE0 61,5.2043628719861115,12.583310476801488,0.0,0.0,scenario-ext,notwindy,extendable
4300,54,DE0 116,DE0 300,11.093855487052542,36.25892780644347,0.0,0.0,scenario-ext,notwindy,extendable
4301,540,DE0 343,DE0 404,30.287553183691735,42.89993444856622,0.0,0.0,scenario-ext,notwindy,extendable
4302,541,DE0 343,DE0 95,37.80226141092036,53.83358498664467,0.0,0.0,scenario-ext,notwindy,extendable
4303,542,DE0 344,DE0 424,16.722071794636406,40.5411646233142,0.0,0.0,scenario-ext,notwindy,extendable
4304,543,DE0 344,DE0 438,10.400905958121758,17.051446420951414,0.0,0.0,scenario-ext,notwindy,extendable
4305,544,DE0 345,DE0 406,3.5734008287672583,10.4210458622508,0.0,0.0,scenario-ext,notwindy,extendable
4306,545,DE0 345,DE0 433,7.469179426199856,17.513435753822158,0.0,0.0,scenario-ext,notwindy,extendable
4307,546,DE0 345,DE0 93,8.172984554770006,19.895514841786394,0.0,0.0,scenario-ext,notwindy,extendable
4308,547,DE0 346,DE0 409,12.612055604317494,20.24357356327249,0.0,0.0,scenario-ext,notwindy,extendable
4309,548,DE0 347,DE0 365,10.300957079992111,17.206093977511042,0.0,0.0,scenario-ext,notwindy,extendable
4310,549,DE0 347,DE0 394,11.876360341760417,19.82849241157981,0.0,0.0,scenario-ext,notwindy,extendable
4311,55,DE0 117,DE0 123,8.587428163431285,12.85149912697396,0.0,0.0,scenario-ext,notwindy,extendable
4312,550,DE0 347,DE0 95,6.4467211461621,10.57906213651046,0.0,0.0,scenario-ext,notwindy,extendable
4313,551,DE0 348,DE0 80,7.615027104573222,14.51322746936624,0.0,0.0,scenario-ext,notwindy,extendable
4314,552,DE0 349,DE0 43,15.81039838724638,53.54746428523782,0.0,0.0,scenario-ext,notwindy,extendable
4315,553,DE0 350,DE0 357,20.434941943675664,38.58695779247875,0.0,0.0,scenario-ext,notwindy,extendable
4316,554,DE0 352,DE0 358,3.29554114990551,7.61508291354835,0.0,0.0,scenario-ext,notwindy,extendable
4317,555,DE0 353,DE0 74,34.39774621364198,69.69165489357458,4.0,0.0,scenario-ext,notwindy,extendable
4318,556,DE0 354,DE0 399,18.208533594736686,25.182762037643165,0.0,0.0,scenario-ext,notwindy,extendable
4319,557,DE0 354,DE0 414,21.891621128953517,33.496638491598134,0.0,0.0,scenario-ext,notwindy,extendable
4320,558,DE0 355,DE0 85,5.361015539031301,20.84651646460511,0.0,0.0,scenario-ext,notwindy,extendable
4321,559,DE0 356,DE0 36,18.49560331244894,53.3154933751127,0.0,0.0,scenario-ext,notwindy,extendable
4322,56,DE0 117,DE0 154,10.65686462646522,21.825027516150737,0.0,0.0,scenario-ext,notwindy,extendable
4323,560,DE0 357,DE0 382,7.496608825803719,12.323731801082776,0.0,0.0,scenario-ext,notwindy,extendable
4324,561,DE0 357,DE0 392,12.136080797015135,27.743772882432765,0.0,0.0,scenario-ext,notwindy,extendable
4325,562,DE0 357,DE0 431,10.493795971720402,16.580541285837867,0.0,0.0,scenario-ext,notwindy,extendable
4326,563,DE0 358,DE0 416,2.0141764119990477,4.695018049919058,0.0,0.0,scenario-ext,notwindy,extendable
4327,564,DE0 36,DE0 82,25.989245273316016,64.74856223316992,2.0,0.0,scenario-ext,notwindy,extendable
4328,565,DE0 361,DE0 43,20.496392285361267,67.2514342277678,4.0,0.0,scenario-ext,notwindy,extendable
4329,566,DE0 361,DE0 55,11.352565238738384,30.07263346473641,0.0,0.0,scenario-ext,notwindy,extendable
4330,567,DE0 362,DE0 439,18.752983452442017,31.876719612241917,0.0,0.0,scenario-ext,notwindy,extendable
4331,568,DE0 363,DE0 383,33.787323836304736,50.939045234632005,0.0,0.0,scenario-ext,notwindy,extendable
4332,569,DE0 363,DE0 448,20.782936438227175,29.911859021133964,0.0,0.0,scenario-ext,notwindy,extendable
4333,57,DE0 117,DE0 313,11.727114816888408,21.936768442919135,0.0,0.0,scenario-ext,notwindy,extendable
4334,570,DE0 364,DE0 369,6.955705700896941,14.500066633524316,0.0,0.0,scenario-ext,notwindy,extendable
4335,571,DE0 364,DE0 409,4.449151960795344,11.301334975061268,0.0,0.0,scenario-ext,notwindy,extendable
4336,572,DE0 365,DE0 383,13.332277827789026,19.828474473889052,0.0,0.0,scenario-ext,notwindy,extendable
4337,573,DE0 365,DE0 394,8.809393340269573,13.870152340879857,0.0,0.0,scenario-ext,notwindy,extendable
4338,574,DE0 366,DE0 49,3.400205614081676,8.046988374533287,0.0,0.0,scenario-ext,notwindy,extendable
4339,575,DE0 368,DE0 401,7.0618026432926415,19.107539189445998,0.0,0.0,scenario-ext,notwindy,extendable
4340,576,DE0 369,DE0 419,3.865417011196498,8.522852428075666,0.0,0.0,scenario-ext,notwindy,extendable
4341,577,DE0 370,DE0 78,13.408609576111333,27.133181299977533,0.0,0.0,scenario-ext,notwindy,extendable
4342,578,DE0 371,DE0 417,4.992087599416878,11.145281977765457,0.0,0.0,scenario-ext,notwindy,extendable
4343,579,DE0 371,DE0 420,5.027595997809039,11.275226769432955,0.0,0.0,scenario-ext,notwindy,extendable
4344,58,DE0 117,DE0 72,13.275527529603634,29.099466739092545,0.0,0.0,scenario-ext,notwindy,extendable
4345,580,DE0 374,DE0 376,4.297073156979439,8.511424966414648,0.0,0.0,scenario-ext,notwindy,extendable
4346,581,DE0 374,DE0 444,5.354929098994602,9.071740018299813,0.0,0.0,scenario-ext,notwindy,extendable
4347,582,DE0 376,DE0 444,12.3984681357134,30.49465866220029,0.0,0.0,scenario-ext,notwindy,extendable
4348,583,DE0 377,DE0 425,21.497642669198328,27.195811840652485,0.0,0.0,scenario-ext,notwindy,extendable
4349,584,DE0 378,DE0 43,13.12112261333272,30.047104844660925,0.0,0.0,scenario-ext,notwindy,extendable
4350,585,DE0 378,DE0 87,4.115700442982133,6.432452071771899,0.0,0.0,scenario-ext,notwindy,extendable
4351,586,DE0 38,DE0 410,20.993123554013305,34.04178284173835,0.0,0.0,scenario-ext,notwindy,extendable
4352,587,DE0 381,DE0 412,5.43968898950633,14.906021047548027,0.0,0.0,scenario-ext,notwindy,extendable
4353,588,DE0 383,DE0 95,11.259065906358389,19.62316920161159,0.0,0.0,scenario-ext,notwindy,extendable
4354,589,DE0 385,DE0 390,31.925479389621426,45.17537873463081,0.0,0.0,scenario-ext,notwindy,extendable
4355,59,DE0 117,DE0 97,9.130043215807461,15.352466276318705,0.0,0.0,scenario-ext,notwindy,extendable
4356,590,DE0 388,DE0 418,2.762974238000054,6.882352548232126,0.0,0.0,scenario-ext,notwindy,extendable
4357,591,DE0 388,DE0 440,3.451064961995667,8.815711627178862,0.0,0.0,scenario-ext,notwindy,extendable
4358,592,DE0 39,DE0 442,10.161943039361821,21.969363001589475,0.0,0.0,scenario-ext,notwindy,extendable
4359,593,DE0 392,DE0 61,6.158192094185818,8.75069634940369,0.0,0.0,scenario-ext,notwindy,extendable
4360,594,DE0 393,DE0 446,6.8754202408947345,18.177078220410674,0.0,0.0,scenario-ext,notwindy,extendable
4361,595,DE0 395,DE0 443,8.090424429007344,27.291526420214783,0.0,0.0,scenario-ext,notwindy,extendable
4362,596,DE0 395,DE0 73,7.84384056781924,23.227850893425895,0.0,0.0,scenario-ext,notwindy,extendable
4363,597,DE0 396,DE0 409,4.744832448613613,9.14063369109022,0.0,0.0,scenario-ext,notwindy,extendable
4364,598,DE0 398,DE0 435,11.943986570112575,21.101223568641554,0.0,0.0,scenario-ext,notwindy,extendable
4365,599,DE0 399,DE0 401,11.695472723287773,53.650691156866955,0.0,0.0,scenario-ext,notwindy,extendable
4366,6,DE0 1,DE0 402,36.52304027928745,69.84315091857069,4.0,0.0,scenario-ext,notwindy,extendable
4367,60,DE0 118,DE0 233,1.013843065600538,1.5209245846881998,0.0,0.0,scenario-ext,notwindy,extendable
4368,600,DE0 399,DE0 66,49.26528343815617,67.23425046297302,7.0,0.0,scenario-ext,notwindy,extendable
4369,601,DE0 40,DE0 72,4.295594372423148,9.839340505281841,0.0,0.0,scenario-ext,notwindy,extendable
4370,602,DE0 400,DE0 449,6.055589746905125,20.32679235209409,0.0,0.0,scenario-ext,notwindy,extendable
4371,603,DE0 400,DE0 91,11.332745469321175,22.788197386032046,0.0,0.0,scenario-ext,notwindy,extendable
4372,604,DE0 402,DE0 441,11.714334633870443,36.10072271457885,0.0,0.0,scenario-ext,notwindy,extendable
4373,605,DE0 404,DE0 95,28.177847643980552,40.503570668837824,0.0,0.0,scenario-ext,notwindy,extendable
4374,606,DE0 407,DE0 54,1.4211433889536738,4.541436463830373,0.0,0.0,scenario-ext,notwindy,extendable
4375,607,DE0 407,DE0 54,1.4195899063666135,4.535156805763312,0.0,0.0,scenario-ext,notwindy,extendable
4376,608,DE0 408,DE0 95,13.968324489550069,22.5416535231541,0.0,0.0,scenario-ext,notwindy,extendable
4377,609,DE0 41,DE0 412,3.401047373824638,9.535917878020577,0.0,0.0,scenario-ext,notwindy,extendable
4378,61,DE0 118,DE0 437,0.6791321540130654,1.0821308715887998,0.0,0.0,scenario-ext,notwindy,extendable
4379,610,DE0 41,DE0 440,1.1404512776543176,2.9507463200026356,0.0,0.0,scenario-ext,notwindy,extendable
4380,611,DE0 410,DE0 424,16.577872073204148,41.1184386936822,0.0,0.0,scenario-ext,notwindy,extendable
4381,612,DE0 411,DE0 42,11.933529064497002,23.90477889423161,0.0,0.0,scenario-ext,notwindy,extendable
4382,613,DE0 411,DE0 60,24.32545542593546,41.94154077779718,0.0,0.0,scenario-ext,notwindy,extendable
4383,614,DE0 42,DE0 7,12.091932603008456,30.999634544708886,0.0,0.0,scenario-ext,notwindy,extendable
4384,615,DE0 42,DE0 99,16.474799347857854,30.955219664611853,0.0,0.0,scenario-ext,notwindy,extendable
4385,616,DE0 420,DE0 442,5.032051254089807,11.153355848655725,0.0,0.0,scenario-ext,notwindy,extendable
4386,617,DE0 423,DE0 85,9.133198930206182,32.72585623391525,0.0,0.0,scenario-ext,notwindy,extendable
4387,618,DE0 425,DE0 77,9.893320119771998,12.730137774049465,0.0,0.0,scenario-ext,notwindy,extendable
4388,619,DE0 426,DE0 436,24.90001388062215,35.93261238049034,0.0,0.0,scenario-ext,notwindy,extendable
4389,62,DE0 118,DE0 67,8.711418639902831,24.023463469214015,0.0,0.0,scenario-ext,notwindy,extendable
4390,620,DE0 427,DE0 57,22.822093600965275,69.58423063225558,5.0,0.0,scenario-ext,notwindy,extendable
4391,621,DE0 43,DE0 58,13.11871535638525,49.47064565818212,0.0,0.0,scenario-ext,notwindy,extendable
4392,622,DE0 432,DE0 53,8.35893605622241,18.239154470982257,0.0,0.0,scenario-ext,notwindy,extendable
4393,623,DE0 435,DE0 80,8.54200531718871,15.481786401515823,0.0,0.0,scenario-ext,notwindy,extendable
4394,624,DE0 438,DE0 77,19.281497832503177,32.73192750380501,0.0,0.0,scenario-ext,notwindy,extendable
4395,625,DE0 439,DE0 9,6.828606704631906,17.770349529801603,0.0,0.0,scenario-ext,notwindy,extendable
4396,626,DE0 44,DE0 56,28.393350710758984,58.79181411447348,0.0,0.0,scenario-ext,notwindy,extendable
4397,627,DE0 447,DE0 76,15.868955232198143,20.718691345941807,0.0,0.0,scenario-ext,notwindy,extendable
4398,628,DE0 5,DE0 91,1.786782848029635,6.23991709857989,0.0,0.0,scenario-ext,notwindy,extendable
4399,629,DE0 51,DE0 59,16.128844744208138,27.701342857470802,0.0,0.0,scenario-ext,notwindy,extendable
4400,63,DE0 119,DE0 293,7.395006690433019,20.10340820814955,0.0,0.0,scenario-ext,notwindy,extendable
4401,630,DE0 51,DE0 67,22.1005717470234,42.79033296140379,0.0,0.0,scenario-ext,notwindy,extendable
4402,631,DE0 54,DE0 74,6.806659092773644,13.336899805369967,0.0,0.0,scenario-ext,notwindy,extendable
4403,632,DE0 55,DE0 98,16.737193876501596,57.35624873507128,0.0,0.0,scenario-ext,notwindy,extendable
4404,633,DE0 56,DE0 7,17.511259855091467,40.60817869979681,0.0,0.0,scenario-ext,notwindy,extendable
4405,634,DE0 56,DE0 71,9.280274287406613,20.76852988093904,0.0,0.0,scenario-ext,notwindy,extendable
4406,635,DE0 56,DE0 72,21.850803005352294,54.76228893101835,0.0,0.0,scenario-ext,notwindy,extendable
4407,636,DE0 60,DE0 75,22.69909034061061,43.642650840500615,0.0,0.0,scenario-ext,notwindy,extendable
4408,637,DE0 64,DE0 84,19.11245126189595,30.850088091274564,0.0,0.0,scenario-ext,notwindy,extendable
4409,638,DE0 67,DE0 8,9.735099788223556,26.09556511895749,0.0,0.0,scenario-ext,notwindy,extendable
4410,639,DE0 7,DE0 99,11.124697414826658,22.942891211178704,0.0,0.0,scenario-ext,notwindy,extendable
4411,64,DE0 119,DE0 330,8.20731617512886,22.775003991321444,0.0,0.0,scenario-ext,notwindy,extendable
4412,640,DE0 72,DE0 97,15.713171205912198,48.017693003011296,0.0,0.0,scenario-ext,notwindy,extendable
4413,641,DE0 98,DE0 99,7.683891364617327,23.366609214767575,0.0,0.0,scenario-ext,notwindy,extendable
4414,65,DE0 12,DE0 187,18.97260206670157,25.255154263225048,0.0,0.0,scenario-ext,notwindy,extendable
4415,66,DE0 12,DE0 321,49.70957400965898,69.8200698009734,6.0,0.0,scenario-ext,notwindy,extendable
4416,67,DE0 12,DE0 71,14.60520988356803,18.9642203623168,0.0,0.0,scenario-ext,notwindy,extendable
4417,68,DE0 12,DE0 75,11.11565964413042,34.67661113249335,0.0,0.0,scenario-ext,notwindy,extendable
4418,69,DE0 120,DE0 2,4.5593109910060114,11.144501422297012,0.0,0.0,scenario-ext,notwindy,extendable
4419,7,DE0 10,DE0 275,9.058854369082956,17.308567716416484,0.0,0.0,scenario-ext,notwindy,extendable
4420,70,DE0 120,DE0 288,5.971177052177951,13.6425087193027,0.0,0.0,scenario-ext,notwindy,extendable
4421,71,DE0 120,DE0 327,7.2089558541005445,24.55407879021699,0.0,0.0,scenario-ext,notwindy,extendable
4422,72,DE0 120,DE0 422,14.041042163996293,48.323646478309065,0.0,0.0,scenario-ext,notwindy,extendable
4423,73,DE0 121,DE0 220,18.47402571634768,27.081053824502956,0.0,0.0,scenario-ext,notwindy,extendable
4424,74,DE0 121,DE0 447,27.136010969126595,51.28681849592617,0.0,0.0,scenario-ext,notwindy,extendable
4425,75,DE0 122,DE0 32,13.875767003357659,21.81527862586441,0.0,0.0,scenario-ext,notwindy,extendable
4426,76,DE0 122,DE0 60,13.250977139317394,30.51331636598939,0.0,0.0,scenario-ext,notwindy,extendable
4427,77,DE0 123,DE0 154,10.011339437498805,18.150217950740252,0.0,0.0,scenario-ext,notwindy,extendable
4428,78,DE0 123,DE0 205,16.3241595937031,26.804067658147474,0.0,0.0,scenario-ext,notwindy,extendable
4429,79,DE0 123,DE0 313,8.117269306000084,12.75721910929608,0.0,0.0,scenario-ext,notwindy,extendable
4430,8,DE0 10,DE0 357,9.993874523809062,16.72471471210841,0.0,0.0,scenario-ext,notwindy,extendable
4431,80,DE0 123,DE0 4,6.1929673573483415,16.092904238904403,0.0,0.0,scenario-ext,notwindy,extendable
4432,81,DE0 123,DE0 75,8.376939311236631,23.573286667912356,0.0,0.0,scenario-ext,notwindy,extendable
4433,82,DE0 124,DE0 207,4.280346056191626,9.977376755305173,0.0,0.0,scenario-ext,notwindy,extendable
4434,83,DE0 124,DE0 447,2.7142336971421477,7.32840208711988,0.0,0.0,scenario-ext,notwindy,extendable
4435,84,DE0 125,DE0 154,13.996070373739899,24.192312080997837,0.0,0.0,scenario-ext,notwindy,extendable
4436,85,DE0 125,DE0 2,11.230775955507122,25.761126205423658,0.0,0.0,scenario-ext,notwindy,extendable
4437,86,DE0 125,DE0 314,8.311346050224367,17.381771670635057,0.0,0.0,scenario-ext,notwindy,extendable
4438,87,DE0 125,DE0 34,36.19193886107381,69.53082759875974,3.0,0.0,scenario-ext,notwindy,extendable
4439,88,DE0 125,DE0 389,20.170574875493017,47.62323744959012,0.0,0.0,scenario-ext,notwindy,extendable
4440,89,DE0 125,DE0 40,4.33281703530009,9.506183119981285,0.0,0.0,scenario-ext,notwindy,extendable
4441,9,DE0 100,DE0 205,11.772811883234196,31.749096700511885,0.0,0.0,scenario-ext,notwindy,extendable
4442,90,DE0 126,DE0 196,7.528235690739833,22.173360238971757,0.0,0.0,scenario-ext,notwindy,extendable
4443,91,DE0 126,DE0 428,8.260151412027582,20.76423004657124,0.0,0.0,scenario-ext,notwindy,extendable
4444,92,DE0 127,DE0 167,6.648765302280813,12.768895524261467,0.0,0.0,scenario-ext,notwindy,extendable
4445,93,DE0 127,DE0 221,6.881084587330992,17.689394575383748,0.0,0.0,scenario-ext,notwindy,extendable
4446,94,DE0 127,DE0 264,4.585749134689727,11.133379843926036,0.0,0.0,scenario-ext,notwindy,extendable
4447,95,DE0 127,DE0 381,4.329039201821967,12.427055227742432,0.0,0.0,scenario-ext,notwindy,extendable
4448,96,DE0 127,DE0 5,6.750992413987057,19.984238606002172,0.0,0.0,scenario-ext,notwindy,extendable
4449,97,DE0 128,DE0 155,18.007737138968103,51.95526734832173,0.0,0.0,scenario-ext,notwindy,extendable
4450,98,DE0 128,DE0 444,6.446289651358785,14.745953415107458,0.0,0.0,scenario-ext,notwindy,extendable
4451,99,DE0 128,DE0 88,14.17637001558337,23.644077704808428,0.0,0.0,scenario-ext,notwindy,extendable
4452,0,DE0 0,DE0 243,54.68305390224315,67.83664545009559,13.0,0.0,scenario-ext,windvariability,extendable
4453,1,DE0 0,DE0 329,39.786925890320575,52.19997460733906,0.0,0.0,scenario-ext,windvariability,extendable
4454,10,DE0 1,DE0 150,44.83803987226163,68.9838627179406,8.0,0.0,scenario-ext,windvariability,extendable
4455,100,DE0 130,DE0 153,32.69860554958722,47.12870968249441,0.0,0.0,scenario-ext,windvariability,extendable
4456,101,DE0 130,DE0 347,18.667198541891146,26.33517722997661,0.0,0.0,scenario-ext,windvariability,extendable
4457,102,DE0 130,DE0 402,21.164978190893287,28.852037951451454,0.0,0.0,scenario-ext,windvariability,extendable
4458,103,DE0 131,DE0 33,45.31942658559638,69.46526934822788,8.0,0.0,scenario-ext,windvariability,extendable
4459,104,DE0 131,DE0 415,38.963258114498885,68.68208800925996,6.0,0.0,scenario-ext,windvariability,extendable
4460,105,DE0 131,DE0 71,25.779102151606857,43.614093509725194,0.0,0.0,scenario-ext,windvariability,extendable
4461,106,DE0 131,DE0 96,27.130915503643415,43.887858587919375,0.0,0.0,scenario-ext,windvariability,extendable
4462,107,DE0 132,DE0 24,29.938723983396436,45.4155992614998,0.0,0.0,scenario-ext,windvariability,extendable
4463,108,DE0 132,DE0 259,21.133839861469106,29.74060233232882,0.0,0.0,scenario-ext,windvariability,extendable
4464,109,DE0 132,DE0 42,6.196530951617341,13.947622924160708,0.0,0.0,scenario-ext,windvariability,extendable
4465,11,DE0 1,DE0 209,27.513905385238914,47.2441540809935,0.0,0.0,scenario-ext,windvariability,extendable
4466,110,DE0 133,DE0 312,18.640908320071755,34.297155523050876,0.0,0.0,scenario-ext,windvariability,extendable
4467,111,DE0 133,DE0 316,28.03848206765407,43.745753416195946,0.0,0.0,scenario-ext,windvariability,extendable
4468,112,DE0 133,DE0 371,32.480216148963095,50.00591615190714,0.0,0.0,scenario-ext,windvariability,extendable
4469,113,DE0 133,DE0 412,41.00633438093464,63.648858805480444,3.0,0.0,scenario-ext,windvariability,extendable
4470,114,DE0 134,DE0 145,24.89065282189687,52.407412814203255,0.0,0.0,scenario-ext,windvariability,extendable
4471,115,DE0 134,DE0 274,49.00426538215854,69.33781259379579,10.0,0.0,scenario-ext,windvariability,extendable
4472,116,DE0 134,DE0 423,34.48882013649585,50.10935871229877,0.0,0.0,scenario-ext,windvariability,extendable
4473,117,DE0 135,DE0 300,45.77857513319567,69.573042988514,13.0,0.0,scenario-ext,windvariability,extendable
4474,118,DE0 135,DE0 313,45.591366707930376,69.41277439609237,13.0,0.0,scenario-ext,windvariability,extendable
4475,119,DE0 136,DE0 317,52.79346271473441,69.82010996730476,8.0,0.0,scenario-ext,windvariability,extendable
4476,12,DE0 10,DE0 219,49.58803066222153,69.48631309421764,6.0,0.0,scenario-ext,windvariability,extendable
4477,120,DE0 136,DE0 32,25.58984087591538,34.33070060930127,0.0,0.0,scenario-ext,windvariability,extendable
4478,121,DE0 136,DE0 43,13.272222883553441,18.315484704306538,0.0,0.0,scenario-ext,windvariability,extendable
4479,122,DE0 136,DE0 72,41.75528232057033,65.08570888821636,12.0,0.0,scenario-ext,windvariability,extendable
4480,123,DE0 137,DE0 22,39.715392831099635,67.98905776100582,6.0,0.0,scenario-ext,windvariability,extendable
4481,124,DE0 137,DE0 61,44.343777611053504,69.68049529854895,10.0,0.0,scenario-ext,windvariability,extendable
4482,125,DE0 138,DE0 174,28.325123143356528,58.23335660624548,0.0,0.0,scenario-ext,windvariability,extendable
4483,126,DE0 138,DE0 194,43.905584913183596,69.72046507182647,8.0,0.0,scenario-ext,windvariability,extendable
4484,127,DE0 138,DE0 420,15.863451526392181,30.165489690445934,0.0,0.0,scenario-ext,windvariability,extendable
4485,128,DE0 139,DE0 209,29.491393203928133,65.85395124859083,3.0,0.0,scenario-ext,windvariability,extendable
4486,129,DE0 139,DE0 281,13.914944400992946,31.01915455317132,0.0,0.0,scenario-ext,windvariability,extendable
4487,13,DE0 10,DE0 382,38.47551682144617,61.7728760295802,4.0,0.0,scenario-ext,windvariability,extendable
4488,130,DE0 14,DE0 38,22.452139133799477,35.6043078849295,0.0,0.0,scenario-ext,windvariability,extendable
4489,131,DE0 14,DE0 58,27.013200818102984,42.722327683202394,0.0,0.0,scenario-ext,windvariability,extendable
4490,132,DE0 140,DE0 219,36.75054868359105,45.7719831311771,0.0,0.0,scenario-ext,windvariability,extendable
4491,133,DE0 140,DE0 369,42.33776906671462,60.28916120156803,2.0,0.0,scenario-ext,windvariability,extendable
4492,134,DE0 140,DE0 429,17.493395263820045,29.77937458641591,0.0,0.0,scenario-ext,windvariability,extendable
4493,135,DE0 141,DE0 265,15.279273305124336,24.72348867636194,0.0,0.0,scenario-ext,windvariability,extendable
4494,136,DE0 141,DE0 337,26.764326575831593,33.41312867511096,0.0,0.0,scenario-ext,windvariability,extendable
4495,137,DE0 141,DE0 363,25.56669217648912,43.93436574757987,0.0,0.0,scenario-ext,windvariability,extendable
4496,138,DE0 141,DE0 427,34.34902647446905,42.3449056352525,0.0,0.0,scenario-ext,windvariability,extendable
4497,139,DE0 142,DE0 267,28.805262610325993,55.37135983300854,0.0,0.0,scenario-ext,windvariability,extendable
4498,14,DE0 10,DE0 49,41.85472707506654,64.9655588180303,4.0,0.0,scenario-ext,windvariability,extendable
4499,140,DE0 142,DE0 434,28.150628242579756,54.774748308849894,0.0,0.0,scenario-ext,windvariability,extendable
4500,141,DE0 143,DE0 373,0.8098028252241081,0.9407291286873216,0.0,0.0,scenario-ext,windvariability,extendable
4501,142,DE0 143,DE0 449,0.9525754446120221,1.1058981063587758,0.0,0.0,scenario-ext,windvariability,extendable
4502,143,DE0 144,DE0 213,33.64450352570575,48.4297076795865,0.0,0.0,scenario-ext,windvariability,extendable
4503,144,DE0 144,DE0 382,52.76475680721443,62.90300709255359,4.0,0.0,scenario-ext,windvariability,extendable
4504,145,DE0 146,DE0 187,29.52988217645099,41.15592912467484,0.0,0.0,scenario-ext,windvariability,extendable
4505,146,DE0 146,DE0 24,19.314648107163286,32.70887349514266,0.0,0.0,scenario-ext,windvariability,extendable
4506,147,DE0 146,DE0 262,21.02161050868879,30.628613747324735,0.0,0.0,scenario-ext,windvariability,extendable
4507,148,DE0 147,DE0 196,19.992067631361266,56.452470919488405,0.0,0.0,scenario-ext,windvariability,extendable
4508,149,DE0 147,DE0 36,18.110022588003062,51.166191973337284,0.0,0.0,scenario-ext,windvariability,extendable
4509,15,DE0 100,DE0 245,18.923374073312814,28.612362856925383,0.0,0.0,scenario-ext,windvariability,extendable
4510,150,DE0 148,DE0 214,30.947112543321587,36.65737198982378,0.0,0.0,scenario-ext,windvariability,extendable
4511,151,DE0 148,DE0 45,25.48041635697475,30.150092700846447,0.0,0.0,scenario-ext,windvariability,extendable
4512,152,DE0 148,DE0 60,26.910701838236186,41.63324073139154,0.0,0.0,scenario-ext,windvariability,extendable
4513,153,DE0 149,DE0 198,10.243739457595485,16.268735659858958,0.0,0.0,scenario-ext,windvariability,extendable
4514,154,DE0 15,DE0 250,15.440976251788605,26.186146807932765,0.0,0.0,scenario-ext,windvariability,extendable
4515,155,DE0 15,DE0 419,21.311312863533637,37.21113611439105,0.0,0.0,scenario-ext,windvariability,extendable
4516,156,DE0 150,DE0 189,39.084050072598316,69.50858022770501,5.0,0.0,scenario-ext,windvariability,extendable
4517,157,DE0 150,DE0 408,40.540216907919806,69.87187004136761,9.0,0.0,scenario-ext,windvariability,extendable
4518,158,DE0 151,DE0 20,14.067968020556702,18.517025377099383,0.0,0.0,scenario-ext,windvariability,extendable
4519,159,DE0 151,DE0 410,17.24837755232064,22.357277255130885,0.0,0.0,scenario-ext,windvariability,extendable
4520,16,DE0 100,DE0 303,6.191835042167884,12.532122384524527,0.0,0.0,scenario-ext,windvariability,extendable
4521,160,DE0 151,DE0 78,12.580858029839174,17.425589361600586,0.0,0.0,scenario-ext,windvariability,extendable
4522,161,DE0 152,DE0 258,15.685094114840384,33.23332148271701,0.0,0.0,scenario-ext,windvariability,extendable
4523,162,DE0 152,DE0 356,20.93391292469536,37.1096553935239,0.0,0.0,scenario-ext,windvariability,extendable
4524,163,DE0 153,DE0 40,30.5334619354864,43.679879967583766,0.0,0.0,scenario-ext,windvariability,extendable
4525,164,DE0 154,DE0 256,38.79182218205212,60.19128828235362,2.0,0.0,scenario-ext,windvariability,extendable
4526,165,DE0 154,DE0 72,11.842839619580596,20.70675526055354,0.0,0.0,scenario-ext,windvariability,extendable
4527,166,DE0 155,DE0 247,42.94490242374713,67.13588075583421,3.0,0.0,scenario-ext,windvariability,extendable
4528,167,DE0 155,DE0 292,49.35611808235909,69.85445281971326,11.0,0.0,scenario-ext,windvariability,extendable
4529,168,DE0 156,DE0 22,47.537025996891366,68.76992777726355,6.0,0.0,scenario-ext,windvariability,extendable
4530,169,DE0 156,DE0 48,49.651766553020614,69.7342979052421,8.0,0.0,scenario-ext,windvariability,extendable
4531,17,DE0 100,DE0 352,38.7880187358749,56.89819708911863,0.0,0.0,scenario-ext,windvariability,extendable
4532,170,DE0 157,DE0 251,31.351928262658312,69.78389750935538,4.0,0.0,scenario-ext,windvariability,extendable
4533,171,DE0 157,DE0 304,29.382715313825702,68.10880647253708,4.0,0.0,scenario-ext,windvariability,extendable
4534,172,DE0 158,DE0 361,15.924540604858567,28.609842009773146,0.0,0.0,scenario-ext,windvariability,extendable
4535,173,DE0 158,DE0 389,60.190023760710645,69.34897917791923,14.0,0.0,scenario-ext,windvariability,extendable
4536,174,DE0 159,DE0 234,9.894824582190214,21.67912863026005,0.0,0.0,scenario-ext,windvariability,extendable
4537,175,DE0 159,DE0 252,16.276637502141305,40.31894769662945,0.0,0.0,scenario-ext,windvariability,extendable
4538,176,DE0 159,DE0 279,5.048003232271055,9.504971599845229,0.0,0.0,scenario-ext,windvariability,extendable
4539,177,DE0 159,DE0 405,3.631239027961174,7.521019662584318,0.0,0.0,scenario-ext,windvariability,extendable
4540,178,DE0 16,DE0 304,28.1659905221209,69.71601544292389,4.0,0.0,scenario-ext,windvariability,extendable
4541,179,DE0 16,DE0 311,28.24840280895044,69.82543836678568,4.0,0.0,scenario-ext,windvariability,extendable
4542,18,DE0 100,DE0 422,28.39482485400942,47.514302444914165,0.0,0.0,scenario-ext,windvariability,extendable
4543,180,DE0 160,DE0 182,7.160823150554642,18.232344677204964,0.0,0.0,scenario-ext,windvariability,extendable
4544,181,DE0 160,DE0 237,12.022861469940354,20.053217404464636,0.0,0.0,scenario-ext,windvariability,extendable
4545,182,DE0 160,DE0 349,15.904543574678739,32.89604904691779,0.0,0.0,scenario-ext,windvariability,extendable
4546,183,DE0 160,DE0 37,12.156208351132593,20.8666012380829,0.0,0.0,scenario-ext,windvariability,extendable
4547,184,DE0 160,DE0 393,3.5163629152801628,10.851442514225996,0.0,0.0,scenario-ext,windvariability,extendable
4548,185,DE0 160,DE0 62,10.269283903733395,23.95201281853261,0.0,0.0,scenario-ext,windvariability,extendable
4549,186,DE0 161,DE0 186,39.12794429931324,69.8027513878537,4.0,0.0,scenario-ext,windvariability,extendable
4550,187,DE0 161,DE0 230,42.33369806565022,65.68202708340223,3.0,0.0,scenario-ext,windvariability,extendable
4551,188,DE0 161,DE0 4,17.222197846726285,41.08709791390715,0.0,0.0,scenario-ext,windvariability,extendable
4552,189,DE0 161,DE0 68,43.218549260228116,68.23451609227254,6.0,0.0,scenario-ext,windvariability,extendable
4553,19,DE0 101,DE0 229,8.184488573357457,16.75973913619363,0.0,0.0,scenario-ext,windvariability,extendable
4554,190,DE0 162,DE0 324,32.30155771984711,46.90765245618485,0.0,0.0,scenario-ext,windvariability,extendable
4555,191,DE0 163,DE0 205,23.97959604534353,29.92936050253279,0.0,0.0,scenario-ext,windvariability,extendable
4556,192,DE0 163,DE0 330,6.4280900642934835,12.76549383581873,0.0,0.0,scenario-ext,windvariability,extendable
4557,193,DE0 163,DE0 390,45.57679029223283,65.3256870691423,3.0,0.0,scenario-ext,windvariability,extendable
4558,194,DE0 164,DE0 180,3.3851475408506424,6.179296841591934,0.0,0.0,scenario-ext,windvariability,extendable
4559,195,DE0 164,DE0 47,3.3042061212204157,5.971263986423693,0.0,0.0,scenario-ext,windvariability,extendable
4560,196,DE0 164,DE0 78,7.377570330992926,12.797402013311624,0.0,0.0,scenario-ext,windvariability,extendable
4561,197,DE0 165,DE0 249,19.056199129740648,41.114250752312934,0.0,0.0,scenario-ext,windvariability,extendable
4562,198,DE0 165,DE0 412,32.930181700613225,69.70246423101855,4.0,0.0,scenario-ext,windvariability,extendable
4563,199,DE0 166,DE0 253,13.384977430177432,22.605815483815096,0.0,0.0,scenario-ext,windvariability,extendable
4564,2,DE0 0,DE0 367,18.779911696429448,25.39942251439661,0.0,0.0,scenario-ext,windvariability,extendable
4565,20,DE0 101,DE0 232,12.821920108977436,17.224929150893036,0.0,0.0,scenario-ext,windvariability,extendable
4566,200,DE0 166,DE0 335,15.245399623057532,32.08901010820204,0.0,0.0,scenario-ext,windvariability,extendable
4567,201,DE0 167,DE0 174,7.723880296560859,24.722252243802416,0.0,0.0,scenario-ext,windvariability,extendable
4568,202,DE0 167,DE0 397,33.59917970090683,59.27990834648272,0.0,0.0,scenario-ext,windvariability,extendable
4569,203,DE0 167,DE0 67,10.621158982886064,21.872481572502718,0.0,0.0,scenario-ext,windvariability,extendable
4570,204,DE0 168,DE0 221,30.663388991866793,60.41434229574446,1.0,0.0,scenario-ext,windvariability,extendable
4571,205,DE0 168,DE0 233,27.342012853209035,50.28764496352864,0.0,0.0,scenario-ext,windvariability,extendable
4572,206,DE0 168,DE0 296,23.099770825395378,43.66154792887002,0.0,0.0,scenario-ext,windvariability,extendable
4573,207,DE0 169,DE0 200,31.990874065954046,69.61730153863323,4.0,0.0,scenario-ext,windvariability,extendable
4574,208,DE0 169,DE0 367,30.52728278615746,68.1692726751243,4.0,0.0,scenario-ext,windvariability,extendable
4575,209,DE0 17,DE0 177,34.698252669215066,52.95229112294416,0.0,0.0,scenario-ext,windvariability,extendable
4576,21,DE0 102,DE0 115,18.376108049845367,30.397916804457374,0.0,0.0,scenario-ext,windvariability,extendable
4577,210,DE0 17,DE0 330,57.249973078695106,69.45812512279129,14.0,0.0,scenario-ext,windvariability,extendable
4578,211,DE0 170,DE0 231,19.837907072704084,54.90651093116925,0.0,0.0,scenario-ext,windvariability,extendable
4579,212,DE0 170,DE0 258,13.842822340489894,34.89857392189234,0.0,0.0,scenario-ext,windvariability,extendable
4580,213,DE0 170,DE0 34,7.207057368103636,16.16796089554678,0.0,0.0,scenario-ext,windvariability,extendable
4581,214,DE0 171,DE0 288,24.65134257598925,37.659320638352305,0.0,0.0,scenario-ext,windvariability,extendable
4582,215,DE0 171,DE0 306,2.621858138318565,4.263206496735216,0.0,0.0,scenario-ext,windvariability,extendable
4583,216,DE0 171,DE0 348,14.403497058966753,26.99952876239633,0.0,0.0,scenario-ext,windvariability,extendable
4584,217,DE0 171,DE0 355,53.63295129071594,69.80863479317014,10.0,0.0,scenario-ext,windvariability,extendable
4585,218,DE0 172,DE0 59,8.847684773790403,18.649516735137365,0.0,0.0,scenario-ext,windvariability,extendable
4586,219,DE0 172,DE0 80,25.000701793506742,33.90180115261969,0.0,0.0,scenario-ext,windvariability,extendable
4587,22,DE0 102,DE0 46,56.85325241724571,69.44195414664391,13.0,0.0,scenario-ext,windvariability,extendable
4588,220,DE0 172,DE0 83,31.612349283482306,38.59470746766407,0.0,0.0,scenario-ext,windvariability,extendable
4589,221,DE0 173,DE0 222,14.766429744498142,30.89553535756243,0.0,0.0,scenario-ext,windvariability,extendable
4590,222,DE0 173,DE0 381,10.640139476017545,16.09541465944613,0.0,0.0,scenario-ext,windvariability,extendable
4591,223,DE0 174,DE0 425,6.152515960748799,17.537067365163203,0.0,0.0,scenario-ext,windvariability,extendable
4592,224,DE0 175,DE0 199,37.472668897150925,63.518669685617134,6.0,0.0,scenario-ext,windvariability,extendable
4593,225,DE0 175,DE0 434,34.03094334472569,59.576251238147336,0.0,0.0,scenario-ext,windvariability,extendable
4594,226,DE0 175,DE0 438,42.543458392217396,69.15229237050761,8.0,0.0,scenario-ext,windvariability,extendable
4595,227,DE0 176,DE0 22,47.914037168987186,69.68117288638418,12.0,0.0,scenario-ext,windvariability,extendable
4596,228,DE0 176,DE0 303,47.68032411054501,68.38021137220991,12.0,0.0,scenario-ext,windvariability,extendable
4597,229,DE0 176,DE0 352,46.23295472290294,69.5110185071701,12.0,0.0,scenario-ext,windvariability,extendable
4598,23,DE0 102,DE0 96,44.490683206882906,68.16591501991432,8.0,0.0,scenario-ext,windvariability,extendable
4599,230,DE0 177,DE0 85,22.94083477582561,44.29921090446601,0.0,0.0,scenario-ext,windvariability,extendable
4600,231,DE0 178,DE0 276,45.06181784664419,68.84806240497582,6.0,0.0,scenario-ext,windvariability,extendable
4601,232,DE0 178,DE0 395,46.590916114283104,69.80532014197694,7.0,0.0,scenario-ext,windvariability,extendable
4602,233,DE0 179,DE0 224,20.176012486400822,30.086916738759694,0.0,0.0,scenario-ext,windvariability,extendable
4603,234,DE0 179,DE0 50,20.198520094635242,30.02690575595135,0.0,0.0,scenario-ext,windvariability,extendable
4604,235,DE0 18,DE0 282,59.72025139180857,69.8636278978436,15.0,0.0,scenario-ext,windvariability,extendable
4605,236,DE0 18,DE0 306,34.8088792026011,69.70666026026734,5.0,0.0,scenario-ext,windvariability,extendable
4606,237,DE0 18,DE0 418,26.59948306810842,52.32851086450997,0.0,0.0,scenario-ext,windvariability,extendable
4607,238,DE0 180,DE0 26,12.756725790190329,22.454419520461975,0.0,0.0,scenario-ext,windvariability,extendable
4608,239,DE0 180,DE0 47,10.460125711556394,13.147835333183238,0.0,0.0,scenario-ext,windvariability,extendable
4609,24,DE0 103,DE0 148,7.383671437411866,23.445960299236457,0.0,0.0,scenario-ext,windvariability,extendable
4610,240,DE0 181,DE0 250,43.55736095515043,67.95615720174042,6.0,0.0,scenario-ext,windvariability,extendable
4611,241,DE0 181,DE0 269,8.563646248915967,23.265757688081866,0.0,0.0,scenario-ext,windvariability,extendable
4612,242,DE0 181,DE0 44,45.090630841196536,69.71605596431505,13.0,0.0,scenario-ext,windvariability,extendable
4613,243,DE0 182,DE0 62,3.3417082203208417,10.172972385371018,0.0,0.0,scenario-ext,windvariability,extendable
4614,244,DE0 183,DE0 241,42.40026132812281,67.72553890289738,7.0,0.0,scenario-ext,windvariability,extendable
4615,245,DE0 183,DE0 327,43.25867342057963,69.7955160735216,8.0,0.0,scenario-ext,windvariability,extendable
4616,246,DE0 184,DE0 26,14.782709487654541,24.413681883213677,0.0,0.0,scenario-ext,windvariability,extendable
4617,247,DE0 184,DE0 261,9.0630610117983,15.36794897899525,0.0,0.0,scenario-ext,windvariability,extendable
4618,248,DE0 184,DE0 329,57.225093028426876,67.94094676791923,14.0,0.0,scenario-ext,windvariability,extendable
4619,249,DE0 184,DE0 69,18.09169425336338,29.032982653705464,0.0,0.0,scenario-ext,windvariability,extendable
4620,25,DE0 103,DE0 54,15.92081902110269,28.93389457512342,0.0,0.0,scenario-ext,windvariability,extendable
4621,250,DE0 185,DE0 205,20.859163915071044,26.443909578231306,0.0,0.0,scenario-ext,windvariability,extendable
4622,251,DE0 185,DE0 441,23.98245730354632,33.42364964288514,0.0,0.0,scenario-ext,windvariability,extendable
4623,252,DE0 186,DE0 82,41.00170365414845,69.77794686230257,8.0,0.0,scenario-ext,windvariability,extendable
4624,253,DE0 187,DE0 436,29.631845425065112,41.90307650931292,0.0,0.0,scenario-ext,windvariability,extendable
4625,254,DE0 188,DE0 309,50.5251476927595,69.93352561393137,6.0,0.0,scenario-ext,windvariability,extendable
4626,255,DE0 188,DE0 40,34.99788538875998,47.10838970911435,0.0,0.0,scenario-ext,windvariability,extendable
4627,256,DE0 188,DE0 410,5.739399239990947,7.1539297973345,0.0,0.0,scenario-ext,windvariability,extendable
4628,257,DE0 189,DE0 73,31.51023991515704,51.781369172278815,0.0,0.0,scenario-ext,windvariability,extendable
4629,258,DE0 19,DE0 299,1.5216726888529286,2.015738768220897,0.0,0.0,scenario-ext,windvariability,extendable
4630,259,DE0 19,DE0 411,1.998070197816049,2.677135436563679,0.0,0.0,scenario-ext,windvariability,extendable
4631,26,DE0 103,DE0 9,21.81008725952134,30.965020995167897,0.0,0.0,scenario-ext,windvariability,extendable
4632,260,DE0 190,DE0 330,53.30552053484231,69.4405948454032,6.0,0.0,scenario-ext,windvariability,extendable
4633,261,DE0 191,DE0 435,27.226557627376486,34.21100376242918,0.0,0.0,scenario-ext,windvariability,extendable
4634,262,DE0 191,DE0 89,16.977279661873165,20.914535438126343,0.0,0.0,scenario-ext,windvariability,extendable
4635,263,DE0 192,DE0 319,8.902615648163993,41.81031833821872,0.0,0.0,scenario-ext,windvariability,extendable
4636,264,DE0 192,DE0 349,22.746309837929292,41.98798879413266,0.0,0.0,scenario-ext,windvariability,extendable
4637,265,DE0 192,DE0 403,29.712467814905185,65.62975470350946,2.0,0.0,scenario-ext,windvariability,extendable
4638,266,DE0 193,DE0 229,5.341789928490115,9.911059031646586,0.0,0.0,scenario-ext,windvariability,extendable
4639,267,DE0 193,DE0 3,4.6922857494142916,11.753515895617198,0.0,0.0,scenario-ext,windvariability,extendable
4640,268,DE0 193,DE0 342,7.2608981769402945,28.231485648964632,0.0,0.0,scenario-ext,windvariability,extendable
4641,269,DE0 193,DE0 356,6.569508735263045,18.970548019064797,0.0,0.0,scenario-ext,windvariability,extendable
4642,27,DE0 104,DE0 201,15.302814323667183,27.41573582520904,0.0,0.0,scenario-ext,windvariability,extendable
4643,270,DE0 194,DE0 76,44.055093733233576,69.74738655067964,8.0,0.0,scenario-ext,windvariability,extendable
4644,271,DE0 195,DE0 264,49.32630124207689,69.25320025708234,6.0,0.0,scenario-ext,windvariability,extendable
4645,272,DE0 195,DE0 301,47.72959246834947,69.90206974987382,6.0,0.0,scenario-ext,windvariability,extendable
4646,273,DE0 196,DE0 377,22.08243594119329,52.328176123156524,0.0,0.0,scenario-ext,windvariability,extendable
4647,274,DE0 197,DE0 356,4.620073052529111,16.114198499670877,0.0,0.0,scenario-ext,windvariability,extendable
4648,275,DE0 197,DE0 371,18.6050307246404,26.624893875935392,0.0,0.0,scenario-ext,windvariability,extendable
4649,276,DE0 198,DE0 239,37.87731399544413,64.34222835671095,5.0,0.0,scenario-ext,windvariability,extendable
4650,277,DE0 198,DE0 248,14.215093694416932,22.51659369141421,0.0,0.0,scenario-ext,windvariability,extendable
4651,278,DE0 199,DE0 432,17.589560974354637,30.859344281786466,0.0,0.0,scenario-ext,windvariability,extendable
4652,279,DE0 2,DE0 233,10.852089550067745,18.282131667501265,0.0,0.0,scenario-ext,windvariability,extendable
4653,28,DE0 104,DE0 206,40.904254163887785,65.7757850159595,8.0,0.0,scenario-ext,windvariability,extendable
4654,280,DE0 2,DE0 256,36.91901314158461,57.773948858081226,0.0,0.0,scenario-ext,windvariability,extendable
4655,281,DE0 2,DE0 72,29.208552023095052,44.806013809002025,0.0,0.0,scenario-ext,windvariability,extendable
4656,282,DE0 20,DE0 410,19.32775859604981,24.866238392261078,0.0,0.0,scenario-ext,windvariability,extendable
4657,283,DE0 200,DE0 242,19.325460941241253,30.613613892402768,0.0,0.0,scenario-ext,windvariability,extendable
4658,284,DE0 200,DE0 386,43.74427919918891,65.75407578127783,2.0,0.0,scenario-ext,windvariability,extendable
4659,285,DE0 200,DE0 440,20.477741181447637,30.732837807524632,0.0,0.0,scenario-ext,windvariability,extendable
4660,286,DE0 200,DE0 99,40.66155997336069,69.83448095105668,3.0,0.0,scenario-ext,windvariability,extendable
4661,287,DE0 201,DE0 206,30.3318251991542,49.473793477447174,0.0,0.0,scenario-ext,windvariability,extendable
4662,288,DE0 201,DE0 212,34.02794830344267,61.31986546562136,4.0,0.0,scenario-ext,windvariability,extendable
4663,289,DE0 201,DE0 399,7.852973328950684,12.628366657440907,0.0,0.0,scenario-ext,windvariability,extendable
4664,29,DE0 104,DE0 428,15.082516755967717,26.814779082621214,0.0,0.0,scenario-ext,windvariability,extendable
4665,290,DE0 201,DE0 428,4.675140765660659,6.2108580617300815,0.0,0.0,scenario-ext,windvariability,extendable
4666,291,DE0 202,DE0 298,46.795826574015535,69.88566972021505,12.0,0.0,scenario-ext,windvariability,extendable
4667,292,DE0 202,DE0 322,40.947622554657165,64.32260788756821,7.0,0.0,scenario-ext,windvariability,extendable
4668,293,DE0 202,DE0 360,36.39008790241743,49.17438247665679,0.0,0.0,scenario-ext,windvariability,extendable
4669,294,DE0 202,DE0 397,8.558790837024938,16.945894079528784,0.0,0.0,scenario-ext,windvariability,extendable
4670,295,DE0 202,DE0 48,42.35400735863777,64.92154494360707,4.0,0.0,scenario-ext,windvariability,extendable
4671,296,DE0 202,DE0 82,44.0686708417488,67.8616993900053,8.0,0.0,scenario-ext,windvariability,extendable
4672,297,DE0 203,DE0 212,41.26114818065798,68.40436192381874,10.0,0.0,scenario-ext,windvariability,extendable
4673,298,DE0 203,DE0 227,40.79769712730517,68.92544568960538,10.0,0.0,scenario-ext,windvariability,extendable
4674,299,DE0 203,DE0 358,41.677217404485596,69.88002974686039,10.0,0.0,scenario-ext,windvariability,extendable
4675,3,DE0 0,DE0 55,18.269299093566573,24.85953181652993,0.0,0.0,scenario-ext,windvariability,extendable
4676,30,DE0 105,DE0 260,19.767675260603554,40.47844709795814,0.0,0.0,scenario-ext,windvariability,extendable
4677,300,DE0 204,DE0 367,50.68256323662222,69.66932629508574,13.0,0.0,scenario-ext,windvariability,extendable
4678,301,DE0 204,DE0 46,49.86576378743901,68.78388642198354,13.0,0.0,scenario-ext,windvariability,extendable
4679,302,DE0 206,DE0 212,34.656635802742166,60.88756432838318,2.0,0.0,scenario-ext,windvariability,extendable
4680,303,DE0 206,DE0 290,42.11719394019768,69.45032694556387,11.0,0.0,scenario-ext,windvariability,extendable
4681,304,DE0 207,DE0 40,6.667752309772995,17.906929103369425,0.0,0.0,scenario-ext,windvariability,extendable
4682,305,DE0 207,DE0 54,6.393885971061436,16.60969643700982,0.0,0.0,scenario-ext,windvariability,extendable
4683,306,DE0 208,DE0 28,19.78036789416928,32.42990839052469,0.0,0.0,scenario-ext,windvariability,extendable
4684,307,DE0 208,DE0 307,21.387341591750687,39.95801304257313,0.0,0.0,scenario-ext,windvariability,extendable
4685,308,DE0 21,DE0 234,25.086759580043573,40.98222404266204,0.0,0.0,scenario-ext,windvariability,extendable
4686,309,DE0 21,DE0 74,14.495868000482993,29.554742929320582,0.0,0.0,scenario-ext,windvariability,extendable
4687,31,DE0 105,DE0 34,9.529284807610207,15.658622327195825,0.0,0.0,scenario-ext,windvariability,extendable
4688,310,DE0 210,DE0 305,45.77413656981309,69.75549782666218,13.0,0.0,scenario-ext,windvariability,extendable
4689,311,DE0 210,DE0 400,45.05793153588158,69.7273428270266,13.0,0.0,scenario-ext,windvariability,extendable
4690,312,DE0 211,DE0 247,44.91847567524079,69.45698933549322,3.0,0.0,scenario-ext,windvariability,extendable
4691,313,DE0 211,DE0 362,25.703188762296808,42.9451902755772,0.0,0.0,scenario-ext,windvariability,extendable
4692,314,DE0 212,DE0 280,46.09094688527699,69.81720357413892,13.0,0.0,scenario-ext,windvariability,extendable
4693,315,DE0 212,DE0 300,45.980763405602616,69.61495353482505,13.0,0.0,scenario-ext,windvariability,extendable
4694,316,DE0 212,DE0 358,41.90764677039254,69.54100984937664,10.0,0.0,scenario-ext,windvariability,extendable
4695,317,DE0 212,DE0 77,17.927789470700063,26.012945760373828,0.0,0.0,scenario-ext,windvariability,extendable
4696,318,DE0 213,DE0 342,12.865166912183449,32.94122328239641,0.0,0.0,scenario-ext,windvariability,extendable
4697,319,DE0 214,DE0 45,3.1326452539172753,4.240696605342446,0.0,0.0,scenario-ext,windvariability,extendable
4698,32,DE0 105,DE0 354,30.960200019064366,67.75867994538164,3.0,0.0,scenario-ext,windvariability,extendable
4699,320,DE0 215,DE0 42,45.96898467744469,67.39314742225588,6.0,0.0,scenario-ext,windvariability,extendable
4700,321,DE0 216,DE0 277,29.790772533822224,51.04709378586823,0.0,0.0,scenario-ext,windvariability,extendable
4701,322,DE0 216,DE0 339,23.743148946855733,42.76992184840676,0.0,0.0,scenario-ext,windvariability,extendable
4702,323,DE0 216,DE0 429,20.73240469732985,35.924525377669994,0.0,0.0,scenario-ext,windvariability,extendable
4703,324,DE0 217,DE0 388,20.821094790074156,26.602868052599447,0.0,0.0,scenario-ext,windvariability,extendable
4704,325,DE0 217,DE0 46,55.57067431310722,68.89471697367236,7.0,0.0,scenario-ext,windvariability,extendable
4705,326,DE0 217,DE0 57,24.289003867470583,30.848926361635286,0.0,0.0,scenario-ext,windvariability,extendable
4706,327,DE0 218,DE0 406,18.48651141149005,39.0034480227792,0.0,0.0,scenario-ext,windvariability,extendable
4707,328,DE0 218,DE0 73,34.40082667153468,69.71002092710867,4.0,0.0,scenario-ext,windvariability,extendable
4708,329,DE0 22,DE0 296,7.54346477061915,20.112992032397113,0.0,0.0,scenario-ext,windvariability,extendable
4709,33,DE0 106,DE0 180,20.23054283942646,29.793412949513677,0.0,0.0,scenario-ext,windvariability,extendable
4710,330,DE0 22,DE0 352,47.046778850494135,68.79355272655489,12.0,0.0,scenario-ext,windvariability,extendable
4711,331,DE0 22,DE0 8,7.712008002595209,20.353658625641085,0.0,0.0,scenario-ext,windvariability,extendable
4712,332,DE0 220,DE0 336,10.155779752737033,23.25848389139036,0.0,0.0,scenario-ext,windvariability,extendable
4713,333,DE0 220,DE0 379,12.330816296927779,15.460186486128672,0.0,0.0,scenario-ext,windvariability,extendable
4714,334,DE0 221,DE0 274,49.981375414089044,69.66855479633753,12.0,0.0,scenario-ext,windvariability,extendable
4715,335,DE0 222,DE0 292,24.94488551824089,69.70003375979836,3.0,0.0,scenario-ext,windvariability,extendable
4716,336,DE0 222,DE0 311,28.333214607645292,69.76593507298628,4.0,0.0,scenario-ext,windvariability,extendable
4717,337,DE0 222,DE0 381,21.103276088830476,48.813091725707494,0.0,0.0,scenario-ext,windvariability,extendable
4718,338,DE0 222,DE0 74,24.38120478560095,52.16716524094204,0.0,0.0,scenario-ext,windvariability,extendable
4719,339,DE0 222,DE0 87,19.84415420380643,56.8159467272663,0.0,0.0,scenario-ext,windvariability,extendable
4720,34,DE0 106,DE0 275,20.866647754619407,30.15065181117233,0.0,0.0,scenario-ext,windvariability,extendable
4721,340,DE0 223,DE0 286,18.18621974697268,38.97777891756498,0.0,0.0,scenario-ext,windvariability,extendable
4722,341,DE0 223,DE0 295,22.676596746743808,42.44730133794004,0.0,0.0,scenario-ext,windvariability,extendable
4723,342,DE0 224,DE0 40,19.01258106531454,28.998330489922157,0.0,0.0,scenario-ext,windvariability,extendable
4724,343,DE0 225,DE0 425,44.39295758490315,69.30158100818292,10.0,0.0,scenario-ext,windvariability,extendable
4725,344,DE0 225,DE0 6,44.400884472584636,69.42361424422879,10.0,0.0,scenario-ext,windvariability,extendable
4726,345,DE0 226,DE0 424,3.038099246080266,6.800489788072419,0.0,0.0,scenario-ext,windvariability,extendable
4727,346,DE0 227,DE0 289,26.73842653401262,43.787231282678405,0.0,0.0,scenario-ext,windvariability,extendable
4728,347,DE0 227,DE0 334,14.20614525502177,24.75677606648402,0.0,0.0,scenario-ext,windvariability,extendable
4729,348,DE0 227,DE0 396,24.663434118612386,37.737885390177034,0.0,0.0,scenario-ext,windvariability,extendable
4730,349,DE0 228,DE0 325,3.3801809132433775,8.230316047048507,0.0,0.0,scenario-ext,windvariability,extendable
4731,35,DE0 107,DE0 154,35.01950161371239,46.14860303256415,0.0,0.0,scenario-ext,windvariability,extendable
4732,350,DE0 228,DE0 8,3.445537751817861,6.0563430536024,0.0,0.0,scenario-ext,windvariability,extendable
4733,351,DE0 229,DE0 236,4.517655014375781,10.081860377340677,0.0,0.0,scenario-ext,windvariability,extendable
4734,352,DE0 229,DE0 332,16.83026858993335,33.658351459427095,0.0,0.0,scenario-ext,windvariability,extendable
4735,353,DE0 229,DE0 449,1.5654603184626537,1.8148696687117858,0.0,0.0,scenario-ext,windvariability,extendable
4736,354,DE0 23,DE0 380,32.32396300029571,39.48276281302829,0.0,0.0,scenario-ext,windvariability,extendable
4737,355,DE0 23,DE0 57,53.826948323198955,67.74262328883897,8.0,0.0,scenario-ext,windvariability,extendable
4738,356,DE0 230,DE0 24,33.299606711454906,49.7065486343168,0.0,0.0,scenario-ext,windvariability,extendable
4739,357,DE0 231,DE0 87,21.600899885434163,57.99062831996219,0.0,0.0,scenario-ext,windvariability,extendable
4740,358,DE0 232,DE0 382,17.502600043559987,22.364342952039795,0.0,0.0,scenario-ext,windvariability,extendable
4741,359,DE0 233,DE0 271,5.0481157321064085,9.258392448762395,0.0,0.0,scenario-ext,windvariability,extendable
4742,36,DE0 107,DE0 38,36.43607566826002,48.5202191232183,0.0,0.0,scenario-ext,windvariability,extendable
4743,360,DE0 233,DE0 72,42.696215765762034,69.38864435520688,9.0,0.0,scenario-ext,windvariability,extendable
4744,361,DE0 234,DE0 88,17.72939753801756,34.47530439627964,0.0,0.0,scenario-ext,windvariability,extendable
4745,362,DE0 235,DE0 382,11.651940276112276,21.55165202131844,0.0,0.0,scenario-ext,windvariability,extendable
4746,363,DE0 235,DE0 384,12.453974512935535,24.36167377285983,0.0,0.0,scenario-ext,windvariability,extendable
4747,364,DE0 236,DE0 260,22.26902621954028,42.464204366387115,0.0,0.0,scenario-ext,windvariability,extendable
4748,365,DE0 236,DE0 31,19.457360045566354,34.59278438356925,0.0,0.0,scenario-ext,windvariability,extendable
4749,366,DE0 237,DE0 37,9.994038262463782,12.40086539781954,0.0,0.0,scenario-ext,windvariability,extendable
4750,367,DE0 238,DE0 250,19.35490323594395,35.02086389370892,0.0,0.0,scenario-ext,windvariability,extendable
4751,368,DE0 238,DE0 445,16.257178362900106,30.93366889676942,0.0,0.0,scenario-ext,windvariability,extendable
4752,369,DE0 239,DE0 392,36.226247242570395,62.90464816835614,5.0,0.0,scenario-ext,windvariability,extendable
4753,37,DE0 108,DE0 246,37.01536734943758,69.90297293598458,4.0,0.0,scenario-ext,windvariability,extendable
4754,370,DE0 24,DE0 245,15.152296080499305,28.11567269521505,0.0,0.0,scenario-ext,windvariability,extendable
4755,371,DE0 24,DE0 259,32.427591328177456,53.30489362336053,0.0,0.0,scenario-ext,windvariability,extendable
4756,372,DE0 24,DE0 335,16.26594858319395,34.12810352577092,0.0,0.0,scenario-ext,windvariability,extendable
4757,373,DE0 24,DE0 68,37.78447242131649,55.4607353797986,0.0,0.0,scenario-ext,windvariability,extendable
4758,374,DE0 240,DE0 357,45.33166388239114,69.1810518061973,12.0,0.0,scenario-ext,windvariability,extendable
4759,375,DE0 241,DE0 322,42.09482842210869,66.30561346893465,7.0,0.0,scenario-ext,windvariability,extendable
4760,376,DE0 242,DE0 340,35.3258260454185,44.481736805955855,0.0,0.0,scenario-ext,windvariability,extendable
4761,377,DE0 242,DE0 99,35.070164596234825,46.84436625778385,0.0,0.0,scenario-ext,windvariability,extendable
4762,378,DE0 243,DE0 46,55.781939279596415,69.30290612790783,13.0,0.0,scenario-ext,windvariability,extendable
4763,379,DE0 244,DE0 366,23.744322118696612,32.51996936047624,0.0,0.0,scenario-ext,windvariability,extendable
4764,38,DE0 108,DE0 393,17.64278178482808,37.691509526315066,0.0,0.0,scenario-ext,windvariability,extendable
4765,380,DE0 244,DE0 448,21.629002333396073,25.56483265003419,0.0,0.0,scenario-ext,windvariability,extendable
4766,381,DE0 244,DE0 95,44.98913815903872,57.58815318481398,0.0,0.0,scenario-ext,windvariability,extendable
4767,382,DE0 245,DE0 422,17.663561777417705,26.533043662944756,0.0,0.0,scenario-ext,windvariability,extendable
4768,383,DE0 246,DE0 267,37.5344096611051,69.78140056822852,6.0,0.0,scenario-ext,windvariability,extendable
4769,384,DE0 247,DE0 74,17.56284691514917,57.09552756893462,0.0,0.0,scenario-ext,windvariability,extendable
4770,385,DE0 248,DE0 374,43.14666752407814,69.37212407574894,10.0,0.0,scenario-ext,windvariability,extendable
4771,386,DE0 248,DE0 66,29.808011876783446,50.660855420327586,0.0,0.0,scenario-ext,windvariability,extendable
4772,387,DE0 248,DE0 90,42.12816320931685,69.85706370913597,10.0,0.0,scenario-ext,windvariability,extendable
4773,388,DE0 249,DE0 36,16.827996076591383,48.78891533696357,0.0,0.0,scenario-ext,windvariability,extendable
4774,389,DE0 249,DE0 364,6.972267962702911,14.415419283830664,0.0,0.0,scenario-ext,windvariability,extendable
4775,39,DE0 108,DE0 417,2.087940728069181,7.026905357787887,0.0,0.0,scenario-ext,windvariability,extendable
4776,390,DE0 25,DE0 50,38.5665617842107,62.840971658669844,3.0,0.0,scenario-ext,windvariability,extendable
4777,391,DE0 25,DE0 92,40.31903344573258,63.004875801332936,3.0,0.0,scenario-ext,windvariability,extendable
4778,392,DE0 250,DE0 56,43.813087737066056,69.03821048057793,13.0,0.0,scenario-ext,windvariability,extendable
4779,393,DE0 251,DE0 343,32.46356993411523,66.80218594032922,4.0,0.0,scenario-ext,windvariability,extendable
4780,394,DE0 251,DE0 385,6.4795462167827775,12.803449372941452,0.0,0.0,scenario-ext,windvariability,extendable
4781,395,DE0 252,DE0 293,10.032868705498514,25.177542890085185,0.0,0.0,scenario-ext,windvariability,extendable
4782,396,DE0 252,DE0 344,5.895000002658959,14.779484270130162,0.0,0.0,scenario-ext,windvariability,extendable
4783,397,DE0 253,DE0 75,35.95341728375252,53.19085130006365,0.0,0.0,scenario-ext,windvariability,extendable
4784,398,DE0 254,DE0 283,20.890602001680712,29.852834345901513,0.0,0.0,scenario-ext,windvariability,extendable
4785,399,DE0 254,DE0 378,29.361686584601,40.344182552914546,0.0,0.0,scenario-ext,windvariability,extendable
4786,4,DE0 0,DE0 59,49.35234200613108,58.40684488357682,0.0,0.0,scenario-ext,windvariability,extendable
4787,40,DE0 109,DE0 162,30.272202743715958,43.95699809216623,0.0,0.0,scenario-ext,windvariability,extendable
4788,400,DE0 254,DE0 99,39.332878222867556,52.316581465532494,0.0,0.0,scenario-ext,windvariability,extendable
4789,401,DE0 255,DE0 415,35.34660571835806,62.3380847867668,5.0,0.0,scenario-ext,windvariability,extendable
4790,402,DE0 255,DE0 76,42.69893396582347,67.96562454881413,8.0,0.0,scenario-ext,windvariability,extendable
4791,403,DE0 257,DE0 328,5.120576145772248,11.981232425820988,0.0,0.0,scenario-ext,windvariability,extendable
4792,404,DE0 257,DE0 336,11.59208387119689,20.91190279811858,0.0,0.0,scenario-ext,windvariability,extendable
4793,405,DE0 257,DE0 387,8.35409297381074,17.051829093801473,0.0,0.0,scenario-ext,windvariability,extendable
4794,406,DE0 258,DE0 34,7.721446806839182,13.611361709125944,0.0,0.0,scenario-ext,windvariability,extendable
4795,407,DE0 258,DE0 433,15.628124705107199,32.654384851575344,0.0,0.0,scenario-ext,windvariability,extendable
4796,408,DE0 26,DE0 69,18.520347742732135,27.246237876568568,0.0,0.0,scenario-ext,windvariability,extendable
4797,409,DE0 262,DE0 42,15.68124010593971,20.951280470225107,0.0,0.0,scenario-ext,windvariability,extendable
4798,41,DE0 109,DE0 215,27.530206644993953,40.16527738013367,0.0,0.0,scenario-ext,windvariability,extendable
4799,410,DE0 263,DE0 347,22.237654473631427,27.047074471835884,0.0,0.0,scenario-ext,windvariability,extendable
4800,411,DE0 263,DE0 9,19.61717344620679,24.87566778149149,0.0,0.0,scenario-ext,windvariability,extendable
4801,412,DE0 264,DE0 339,43.09895597721322,69.65243683083877,6.0,0.0,scenario-ext,windvariability,extendable
4802,413,DE0 264,DE0 363,51.60646258388509,69.88634793536797,7.0,0.0,scenario-ext,windvariability,extendable
4803,414,DE0 264,DE0 375,49.193990248790406,69.57336839488238,6.0,0.0,scenario-ext,windvariability,extendable
4804,415,DE0 265,DE0 306,37.05409361440945,69.86992540885043,5.0,0.0,scenario-ext,windvariability,extendable
4805,416,DE0 266,DE0 420,27.50313353730946,56.378546055392405,0.0,0.0,scenario-ext,windvariability,extendable
4806,417,DE0 266,DE0 67,28.803022286854734,57.09528012158292,0.0,0.0,scenario-ext,windvariability,extendable
4807,418,DE0 267,DE0 70,18.83110977368164,41.60353347111082,0.0,0.0,scenario-ext,windvariability,extendable
4808,419,DE0 268,DE0 336,11.344343345236302,18.55084273494564,0.0,0.0,scenario-ext,windvariability,extendable
4809,42,DE0 11,DE0 360,34.56148262485269,47.34784479401628,0.0,0.0,scenario-ext,windvariability,extendable
4810,420,DE0 268,DE0 361,9.05806836289625,22.12882096066642,0.0,0.0,scenario-ext,windvariability,extendable
4811,421,DE0 268,DE0 366,11.308075424257012,15.858917422238228,0.0,0.0,scenario-ext,windvariability,extendable
4812,422,DE0 268,DE0 95,14.828526207610926,22.90571028106017,0.0,0.0,scenario-ext,windvariability,extendable
4813,423,DE0 269,DE0 29,8.365285853109992,23.14273960899771,0.0,0.0,scenario-ext,windvariability,extendable
4814,424,DE0 27,DE0 283,5.139580876094909,10.274789241159686,0.0,0.0,scenario-ext,windvariability,extendable
4815,425,DE0 27,DE0 333,20.75571531394179,29.994899999199493,0.0,0.0,scenario-ext,windvariability,extendable
4816,426,DE0 27,DE0 447,23.78679563479338,32.23804102119266,0.0,0.0,scenario-ext,windvariability,extendable
4817,427,DE0 270,DE0 350,12.009797020124784,20.423580334437027,0.0,0.0,scenario-ext,windvariability,extendable
4818,428,DE0 270,DE0 423,25.334972719898648,39.056059011142025,0.0,0.0,scenario-ext,windvariability,extendable
4819,429,DE0 270,DE0 426,28.799491279307325,47.04803270214229,0.0,0.0,scenario-ext,windvariability,extendable
4820,43,DE0 11,DE0 67,17.044927970512383,35.46781150300992,0.0,0.0,scenario-ext,windvariability,extendable
4821,430,DE0 271,DE0 61,30.985547024985614,45.721529381847596,0.0,0.0,scenario-ext,windvariability,extendable
4822,431,DE0 271,DE0 91,24.788302601752324,34.8725691663044,0.0,0.0,scenario-ext,windvariability,extendable
4823,432,DE0 272,DE0 385,10.016016609795127,24.39146611745532,0.0,0.0,scenario-ext,windvariability,extendable
4824,433,DE0 272,DE0 406,3.2309066616220323,6.0624591958684695,0.0,0.0,scenario-ext,windvariability,extendable
4825,434,DE0 273,DE0 370,44.849937329524,69.56141687699214,13.0,0.0,scenario-ext,windvariability,extendable
4826,435,DE0 273,DE0 407,44.09279628890956,69.88357676728192,13.0,0.0,scenario-ext,windvariability,extendable
4827,436,DE0 274,DE0 28,17.67661643563865,26.859623135011546,0.0,0.0,scenario-ext,windvariability,extendable
4828,437,DE0 275,DE0 309,22.23270894938529,31.76187466556518,0.0,0.0,scenario-ext,windvariability,extendable
4829,438,DE0 276,DE0 277,14.452503135392567,17.738581225822603,0.0,0.0,scenario-ext,windvariability,extendable
4830,439,DE0 276,DE0 396,25.814123605787813,48.773908082987575,0.0,0.0,scenario-ext,windvariability,extendable
4831,44,DE0 110,DE0 415,43.48875248860132,69.66071616656973,11.0,0.0,scenario-ext,windvariability,extendable
4832,440,DE0 277,DE0 369,18.315666319372855,25.76637681350225,0.0,0.0,scenario-ext,windvariability,extendable
4833,441,DE0 277,DE0 376,29.180867742309076,37.6794238984863,0.0,0.0,scenario-ext,windvariability,extendable
4834,442,DE0 278,DE0 296,33.046539411984305,48.905953615256834,0.0,0.0,scenario-ext,windvariability,extendable
4835,443,DE0 278,DE0 324,38.46007621258441,55.81608766544802,0.0,0.0,scenario-ext,windvariability,extendable
4836,444,DE0 279,DE0 405,11.160519741473914,27.550847638919812,0.0,0.0,scenario-ext,windvariability,extendable
4837,445,DE0 280,DE0 439,45.9813483877405,69.81983225628568,13.0,0.0,scenario-ext,windvariability,extendable
4838,446,DE0 281,DE0 346,10.175467135857792,20.35284467234361,0.0,0.0,scenario-ext,windvariability,extendable
4839,447,DE0 281,DE0 52,29.80507190158015,59.39752563386125,0.0,0.0,scenario-ext,windvariability,extendable
4840,448,DE0 282,DE0 355,50.25500637268737,69.47046662083267,6.0,0.0,scenario-ext,windvariability,extendable
4841,449,DE0 282,DE0 365,58.856629088753735,69.88392503240904,14.0,0.0,scenario-ext,windvariability,extendable
4842,45,DE0 111,DE0 435,40.9247192172542,69.02561081727946,11.0,0.0,scenario-ext,windvariability,extendable
4843,450,DE0 282,DE0 389,45.49502575741022,52.871231002346875,0.0,0.0,scenario-ext,windvariability,extendable
4844,451,DE0 283,DE0 292,41.21225644045931,47.14441574458439,0.0,0.0,scenario-ext,windvariability,extendable
4845,452,DE0 283,DE0 331,30.511459277713186,34.43187016459975,0.0,0.0,scenario-ext,windvariability,extendable
4846,453,DE0 283,DE0 378,25.353855062242264,33.3068915867359,0.0,0.0,scenario-ext,windvariability,extendable
4847,454,DE0 284,DE0 308,22.605529948322424,37.31978824995969,0.0,0.0,scenario-ext,windvariability,extendable
4848,455,DE0 284,DE0 353,26.6870240406268,39.8891766383516,0.0,0.0,scenario-ext,windvariability,extendable
4849,456,DE0 285,DE0 301,46.77128698329101,69.68037949119828,5.0,0.0,scenario-ext,windvariability,extendable
4850,457,DE0 285,DE0 379,21.64894573450615,36.63240408168917,0.0,0.0,scenario-ext,windvariability,extendable
4851,458,DE0 285,DE0 382,32.982139823806136,45.72438569956727,0.0,0.0,scenario-ext,windvariability,extendable
4852,459,DE0 286,DE0 347,42.835526394155885,51.88684981346784,0.0,0.0,scenario-ext,windvariability,extendable
4853,46,DE0 111,DE0 66,29.38112421533896,49.82131326869557,0.0,0.0,scenario-ext,windvariability,extendable
4854,460,DE0 287,DE0 339,4.215012265468062,10.346081968133243,0.0,0.0,scenario-ext,windvariability,extendable
4855,461,DE0 287,DE0 413,5.550083291754978,12.358317698112025,0.0,0.0,scenario-ext,windvariability,extendable
4856,462,DE0 287,DE0 416,3.6047017060167468,7.111374594140446,0.0,0.0,scenario-ext,windvariability,extendable
4857,463,DE0 288,DE0 289,45.81722427168787,69.5967001110561,5.0,0.0,scenario-ext,windvariability,extendable
4858,464,DE0 289,DE0 337,27.986793929556875,34.76715220622374,0.0,0.0,scenario-ext,windvariability,extendable
4859,465,DE0 289,DE0 401,30.732859286323123,39.141966528454724,0.0,0.0,scenario-ext,windvariability,extendable
4860,466,DE0 29,DE0 383,13.278308160036609,28.128175703995385,0.0,0.0,scenario-ext,windvariability,extendable
4861,467,DE0 290,DE0 351,24.738852830428655,38.21124868967499,0.0,0.0,scenario-ext,windvariability,extendable
4862,468,DE0 291,DE0 356,20.762325765561073,36.41545446031492,0.0,0.0,scenario-ext,windvariability,extendable
4863,469,DE0 291,DE0 433,15.483453593657773,32.11859533518324,0.0,0.0,scenario-ext,windvariability,extendable
4864,47,DE0 112,DE0 349,35.867037611438384,69.9304447062884,8.0,0.0,scenario-ext,windvariability,extendable
4865,470,DE0 292,DE0 326,49.62094729576823,69.78196842604589,3.0,0.0,scenario-ext,windvariability,extendable
4866,471,DE0 292,DE0 340,58.22317488723405,69.76787266843324,11.0,0.0,scenario-ext,windvariability,extendable
4867,472,DE0 292,DE0 430,58.578566738581806,69.8626066738299,11.0,0.0,scenario-ext,windvariability,extendable
4868,473,DE0 293,DE0 344,11.943679205636283,30.04404384287469,0.0,0.0,scenario-ext,windvariability,extendable
4869,474,DE0 293,DE0 414,6.120816901383694,15.049822522505401,0.0,0.0,scenario-ext,windvariability,extendable
4870,475,DE0 294,DE0 394,39.563914173838604,69.78539086689577,7.0,0.0,scenario-ext,windvariability,extendable
4871,476,DE0 294,DE0 395,39.5273684985207,69.9513469376186,6.0,0.0,scenario-ext,windvariability,extendable
4872,477,DE0 295,DE0 378,13.138621592107636,22.75149308885545,0.0,0.0,scenario-ext,windvariability,extendable
4873,478,DE0 296,DE0 8,4.6041000876650795,15.145602314243888,0.0,0.0,scenario-ext,windvariability,extendable
4874,479,DE0 297,DE0 394,39.97330396335294,69.87838008214848,7.0,0.0,scenario-ext,windvariability,extendable
4875,48,DE0 112,DE0 391,17.87357699757104,33.65101671049534,0.0,0.0,scenario-ext,windvariability,extendable
4876,480,DE0 297,DE0 90,42.63944514948581,69.76869013093372,8.0,0.0,scenario-ext,windvariability,extendable
4877,481,DE0 298,DE0 67,32.57520513760546,48.654240301186896,0.0,0.0,scenario-ext,windvariability,extendable
4878,482,DE0 299,DE0 411,1.197345818817988,1.5727524070282852,0.0,0.0,scenario-ext,windvariability,extendable
4879,483,DE0 299,DE0 60,5.573982808433719,23.10314914514646,0.0,0.0,scenario-ext,windvariability,extendable
4880,484,DE0 3,DE0 356,10.028973485290598,29.01105494253085,0.0,0.0,scenario-ext,windvariability,extendable
4881,485,DE0 30,DE0 399,16.281937658532556,27.24636007244609,0.0,0.0,scenario-ext,windvariability,extendable
4882,486,DE0 30,DE0 428,9.608908807743806,16.144354097986216,0.0,0.0,scenario-ext,windvariability,extendable
4883,487,DE0 30,DE0 77,42.34354186922584,69.56781743308564,10.0,0.0,scenario-ext,windvariability,extendable
4884,488,DE0 300,DE0 313,44.904953485254055,68.18140259270733,13.0,0.0,scenario-ext,windvariability,extendable
4885,489,DE0 302,DE0 447,16.296313129162897,21.87122095967054,0.0,0.0,scenario-ext,windvariability,extendable
4886,49,DE0 113,DE0 189,11.2250103416227,26.810378848786424,0.0,0.0,scenario-ext,windvariability,extendable
4887,490,DE0 302,DE0 99,26.293597394245243,34.42721229255113,0.0,0.0,scenario-ext,windvariability,extendable
4888,491,DE0 303,DE0 436,33.096741191938364,46.82421243257583,0.0,0.0,scenario-ext,windvariability,extendable
4889,492,DE0 304,DE0 98,20.12253996055328,54.14926261759213,0.0,0.0,scenario-ext,windvariability,extendable
4890,493,DE0 305,DE0 313,45.852721476301525,69.73616837984098,13.0,0.0,scenario-ext,windvariability,extendable
4891,494,DE0 308,DE0 431,39.26221791989953,69.81016932671625,5.0,0.0,scenario-ext,windvariability,extendable
4892,495,DE0 31,DE0 408,21.244089833544997,37.49418124981433,0.0,0.0,scenario-ext,windvariability,extendable
4893,496,DE0 310,DE0 340,15.842530826370336,22.68517748845756,0.0,0.0,scenario-ext,windvariability,extendable
4894,497,DE0 310,DE0 430,8.673515920040938,10.840161090784314,0.0,0.0,scenario-ext,windvariability,extendable
4895,498,DE0 312,DE0 364,18.03750347482738,33.9486064879037,0.0,0.0,scenario-ext,windvariability,extendable
4896,499,DE0 314,DE0 380,57.415951587494405,69.83947016262516,14.0,0.0,scenario-ext,windvariability,extendable
4897,5,DE0 0,DE0 65,15.37602265671999,27.405161923532223,0.0,0.0,scenario-ext,windvariability,extendable
4898,50,DE0 113,DE0 251,34.23521514440526,69.79960323032822,5.0,0.0,scenario-ext,windvariability,extendable
4899,500,DE0 314,DE0 86,30.27078153467099,36.94854501666094,0.0,0.0,scenario-ext,windvariability,extendable
4900,501,DE0 315,DE0 365,35.23061453033608,40.61214359445818,0.0,0.0,scenario-ext,windvariability,extendable
4901,502,DE0 315,DE0 448,26.78768554870726,33.73212056578524,0.0,0.0,scenario-ext,windvariability,extendable
4902,503,DE0 316,DE0 412,38.206133491168806,58.86157423000887,0.0,0.0,scenario-ext,windvariability,extendable
4903,504,DE0 317,DE0 58,15.432389080053152,31.559030828263463,0.0,0.0,scenario-ext,windvariability,extendable
4904,505,DE0 317,DE0 81,54.494740728056925,69.49329942724512,11.0,0.0,scenario-ext,windvariability,extendable
4905,506,DE0 318,DE0 369,33.880155753830614,60.32729257101226,1.0,0.0,scenario-ext,windvariability,extendable
4906,507,DE0 318,DE0 392,39.59140686685599,69.40580073491802,7.0,0.0,scenario-ext,windvariability,extendable
4907,508,DE0 319,DE0 391,21.251582438022616,48.54909001884168,0.0,0.0,scenario-ext,windvariability,extendable
4908,509,DE0 32,DE0 96,33.48903131698953,39.88061830135251,0.0,0.0,scenario-ext,windvariability,extendable
4909,51,DE0 113,DE0 33,42.152727426206305,67.13231695468308,5.0,0.0,scenario-ext,windvariability,extendable
4910,510,DE0 320,DE0 409,13.577358354161348,26.40850192629285,0.0,0.0,scenario-ext,windvariability,extendable
4911,511,DE0 320,DE0 418,13.467354800638162,26.32692462359392,0.0,0.0,scenario-ext,windvariability,extendable
4912,512,DE0 321,DE0 384,10.511105735783865,22.278486380294293,0.0,0.0,scenario-ext,windvariability,extendable
4913,513,DE0 321,DE0 412,9.58108860365693,21.0321146013348,0.0,0.0,scenario-ext,windvariability,extendable
4914,514,DE0 323,DE0 419,19.44928114660727,35.28430308172335,0.0,0.0,scenario-ext,windvariability,extendable
4915,515,DE0 323,DE0 445,19.59767235137353,35.50678888763612,0.0,0.0,scenario-ext,windvariability,extendable
4916,516,DE0 324,DE0 426,30.64204098295106,48.35232413060348,0.0,0.0,scenario-ext,windvariability,extendable
4917,517,DE0 326,DE0 390,48.391989786046246,69.90109856614484,3.0,0.0,scenario-ext,windvariability,extendable
4918,518,DE0 327,DE0 53,43.84785997497567,69.77123905195128,8.0,0.0,scenario-ext,windvariability,extendable
4919,519,DE0 328,DE0 336,6.4448702305740495,10.278766976653937,0.0,0.0,scenario-ext,windvariability,extendable
4920,52,DE0 113,DE0 343,36.175760758305664,69.7211487325037,5.0,0.0,scenario-ext,windvariability,extendable
4921,520,DE0 330,DE0 362,40.17365926439432,69.57038620773174,3.0,0.0,scenario-ext,windvariability,extendable
4922,521,DE0 330,DE0 60,21.77689336771356,43.64758468190758,0.0,0.0,scenario-ext,windvariability,extendable
4923,522,DE0 331,DE0 421,7.654273236137306,10.178807113721229,0.0,0.0,scenario-ext,windvariability,extendable
4924,523,DE0 331,DE0 446,21.873953678768522,29.417891381534844,0.0,0.0,scenario-ext,windvariability,extendable
4925,524,DE0 332,DE0 431,19.272917563417447,35.574102449350555,0.0,0.0,scenario-ext,windvariability,extendable
4926,525,DE0 333,DE0 441,23.135538557192444,32.51701334683314,0.0,0.0,scenario-ext,windvariability,extendable
4927,526,DE0 334,DE0 376,25.02311691927454,46.08561487528605,0.0,0.0,scenario-ext,windvariability,extendable
4928,527,DE0 334,DE0 416,53.05735496379334,69.85739446068241,10.0,0.0,scenario-ext,windvariability,extendable
4929,528,DE0 334,DE0 63,53.47564318170139,69.93157728857463,10.0,0.0,scenario-ext,windvariability,extendable
4930,529,DE0 336,DE0 379,14.586314670626654,30.23882037420084,0.0,0.0,scenario-ext,windvariability,extendable
4931,53,DE0 113,DE0 35,26.242768220000297,36.71664731822984,0.0,0.0,scenario-ext,windvariability,extendable
4932,530,DE0 336,DE0 412,14.923270036663148,28.374886352916178,0.0,0.0,scenario-ext,windvariability,extendable
4933,531,DE0 338,DE0 379,6.948495127013031,18.151507404341054,0.0,0.0,scenario-ext,windvariability,extendable
4934,532,DE0 338,DE0 51,9.699486510599776,22.508069943949096,0.0,0.0,scenario-ext,windvariability,extendable
4935,533,DE0 339,DE0 363,26.02605738665986,48.737132269796895,0.0,0.0,scenario-ext,windvariability,extendable
4936,534,DE0 339,DE0 413,5.053075629783025,7.617075082457819,0.0,0.0,scenario-ext,windvariability,extendable
4937,535,DE0 339,DE0 429,17.528578852028776,31.828112096841455,0.0,0.0,scenario-ext,windvariability,extendable
4938,536,DE0 341,DE0 363,35.7751739722097,54.647914610085316,0.0,0.0,scenario-ext,windvariability,extendable
4939,537,DE0 341,DE0 427,22.253838812732138,32.03267879717226,0.0,0.0,scenario-ext,windvariability,extendable
4940,538,DE0 345,DE0 41,11.82409796885654,24.931448331944818,0.0,0.0,scenario-ext,windvariability,extendable
4941,539,DE0 345,DE0 414,11.6455838346468,24.1204861088837,0.0,0.0,scenario-ext,windvariability,extendable
4942,54,DE0 113,DE0 55,12.100286572300774,22.134398835334864,0.0,0.0,scenario-ext,windvariability,extendable
4943,540,DE0 346,DE0 442,25.91279087634733,50.08196628917664,0.0,0.0,scenario-ext,windvariability,extendable
4944,541,DE0 348,DE0 444,13.687014716731605,26.50230987533989,0.0,0.0,scenario-ext,windvariability,extendable
4945,542,DE0 349,DE0 4,29.787876326581713,62.665149242584164,1.0,0.0,scenario-ext,windvariability,extendable
4946,543,DE0 349,DE0 70,21.558240500580027,45.68961599082851,0.0,0.0,scenario-ext,windvariability,extendable
4947,544,DE0 35,DE0 55,8.77450152436658,17.350627069157277,0.0,0.0,scenario-ext,windvariability,extendable
4948,545,DE0 350,DE0 423,48.6836772850271,69.9617607387654,12.0,0.0,scenario-ext,windvariability,extendable
4949,546,DE0 350,DE0 75,45.59509379350688,65.96700502728827,8.0,0.0,scenario-ext,windvariability,extendable
4950,547,DE0 351,DE0 425,32.09976950932776,52.642264850615476,0.0,0.0,scenario-ext,windvariability,extendable
4951,548,DE0 353,DE0 49,29.016447057107968,41.40160400355191,0.0,0.0,scenario-ext,windvariability,extendable
4952,549,DE0 354,DE0 385,3.271572862114126,5.4920172348216045,0.0,0.0,scenario-ext,windvariability,extendable
4953,55,DE0 113,DE0 65,18.521953916662262,30.334850257127282,0.0,0.0,scenario-ext,windvariability,extendable
4954,550,DE0 354,DE0 406,13.685423341386919,29.052101731090723,0.0,0.0,scenario-ext,windvariability,extendable
4955,551,DE0 354,DE0 98,28.15727363685776,65.94931638448797,3.0,0.0,scenario-ext,windvariability,extendable
4956,552,DE0 356,DE0 364,10.952510431267344,18.574943773123614,0.0,0.0,scenario-ext,windvariability,extendable
4957,553,DE0 356,DE0 371,13.824936229412947,23.133157072735603,0.0,0.0,scenario-ext,windvariability,extendable
4958,554,DE0 356,DE0 412,23.967800332293887,38.190536858900956,0.0,0.0,scenario-ext,windvariability,extendable
4959,555,DE0 356,DE0 433,20.913773119186054,38.0541103852095,0.0,0.0,scenario-ext,windvariability,extendable
4960,556,DE0 357,DE0 439,36.948877355691515,56.29340140164866,0.0,0.0,scenario-ext,windvariability,extendable
4961,557,DE0 359,DE0 440,1.3928138458520751,2.7058721269799118,0.0,0.0,scenario-ext,windvariability,extendable
4962,558,DE0 359,DE0 5,13.07753523661835,18.81116376058945,0.0,0.0,scenario-ext,windvariability,extendable
4963,559,DE0 363,DE0 416,36.535527998840294,53.9142107578108,0.0,0.0,scenario-ext,windvariability,extendable
4964,56,DE0 114,DE0 175,33.76326504758751,61.04227049633053,1.0,0.0,scenario-ext,windvariability,extendable
4965,560,DE0 365,DE0 389,57.732954474905775,69.49036729476407,14.0,0.0,scenario-ext,windvariability,extendable
4966,561,DE0 365,DE0 448,34.3450629352775,39.91090988962783,0.0,0.0,scenario-ext,windvariability,extendable
4967,562,DE0 367,DE0 55,3.630186336499853,8.389823525907277,0.0,0.0,scenario-ext,windvariability,extendable
4968,563,DE0 367,DE0 92,44.20663224084671,66.81426719208864,4.0,0.0,scenario-ext,windvariability,extendable
4969,564,DE0 367,DE0 94,46.82632254063472,66.12325369340518,11.0,0.0,scenario-ext,windvariability,extendable
4970,565,DE0 368,DE0 424,1.55206388602197,3.4920239127618213,0.0,0.0,scenario-ext,windvariability,extendable
4971,566,DE0 368,DE0 7,1.3985621019236125,2.5101754790768975,0.0,0.0,scenario-ext,windvariability,extendable
4972,567,DE0 369,DE0 376,27.692154587336777,35.864904868155776,0.0,0.0,scenario-ext,windvariability,extendable
4973,568,DE0 372,DE0 407,44.0880258598751,69.94172312279225,13.0,0.0,scenario-ext,windvariability,extendable
4974,569,DE0 372,DE0 44,43.8741168062675,69.5498977437447,13.0,0.0,scenario-ext,windvariability,extendable
4975,57,DE0 114,DE0 181,44.88450970317078,68.88671133451436,5.0,0.0,scenario-ext,windvariability,extendable
4976,570,DE0 373,DE0 449,0.33828192617617536,0.3911602771063989,0.0,0.0,scenario-ext,windvariability,extendable
4977,571,DE0 375,DE0 382,34.15353152429435,54.21899341128837,0.0,0.0,scenario-ext,windvariability,extendable
4978,572,DE0 375,DE0 51,27.762234549705433,37.29272891468777,0.0,0.0,scenario-ext,windvariability,extendable
4979,573,DE0 376,DE0 437,45.646598560110824,69.91172364336593,6.0,0.0,scenario-ext,windvariability,extendable
4980,574,DE0 377,DE0 414,11.2705906508258,26.569783270059872,0.0,0.0,scenario-ext,windvariability,extendable
4981,575,DE0 378,DE0 404,33.32336074716639,37.838691350817925,0.0,0.0,scenario-ext,windvariability,extendable
4982,576,DE0 38,DE0 58,24.573948941807437,38.7164061633471,0.0,0.0,scenario-ext,windvariability,extendable
4983,577,DE0 381,DE0 74,26.755763743330824,48.94483265368349,0.0,0.0,scenario-ext,windvariability,extendable
4984,578,DE0 382,DE0 412,11.24191875991502,23.765695634275417,0.0,0.0,scenario-ext,windvariability,extendable
4985,579,DE0 383,DE0 432,33.233753720599694,60.14748802361893,2.0,0.0,scenario-ext,windvariability,extendable
4986,58,DE0 115,DE0 12,33.68173182681466,52.720156680797324,0.0,0.0,scenario-ext,windvariability,extendable
4987,580,DE0 383,DE0 434,11.158342909421586,25.079580734013838,0.0,0.0,scenario-ext,windvariability,extendable
4988,581,DE0 383,DE0 97,5.109550873791626,10.633656313083264,0.0,0.0,scenario-ext,windvariability,extendable
4989,582,DE0 386,DE0 99,31.506191058336963,55.2055954762942,0.0,0.0,scenario-ext,windvariability,extendable
4990,583,DE0 387,DE0 412,5.502541324663426,11.358347201493507,0.0,0.0,scenario-ext,windvariability,extendable
4991,584,DE0 388,DE0 57,23.181103343539878,29.329065416019052,0.0,0.0,scenario-ext,windvariability,extendable
4992,585,DE0 39,DE0 425,43.24946965348275,69.96306086171208,8.0,0.0,scenario-ext,windvariability,extendable
4993,586,DE0 39,DE0 438,43.25906645124578,69.90302814862514,8.0,0.0,scenario-ext,windvariability,extendable
4994,587,DE0 390,DE0 5,36.05096671216335,69.33827969200256,3.0,0.0,scenario-ext,windvariability,extendable
4995,588,DE0 391,DE0 417,4.339159712813047,14.261712690093884,0.0,0.0,scenario-ext,windvariability,extendable
4996,589,DE0 393,DE0 403,31.52295623782565,68.04549341375488,2.0,0.0,scenario-ext,windvariability,extendable
4997,59,DE0 115,DE0 398,36.73637470337354,49.82744900882997,0.0,0.0,scenario-ext,windvariability,extendable
4998,590,DE0 394,DE0 395,39.518466512978655,69.84321873169164,6.0,0.0,scenario-ext,windvariability,extendable
4999,591,DE0 394,DE0 443,40.010554165335854,69.48104199955665,7.0,0.0,scenario-ext,windvariability,extendable
5000,592,DE0 395,DE0 437,26.26026120610786,40.04014790156521,0.0,0.0,scenario-ext,windvariability,extendable
5001,593,DE0 396,DE0 416,46.43120150416474,65.91158021910985,5.0,0.0,scenario-ext,windvariability,extendable
5002,594,DE0 398,DE0 58,51.056364764713116,68.29271788531533,12.0,0.0,scenario-ext,windvariability,extendable
5003,595,DE0 398,DE0 81,22.21345315211467,30.667000818237877,0.0,0.0,scenario-ext,windvariability,extendable
5004,596,DE0 4,DE0 97,15.236126586875606,27.973797233820534,0.0,0.0,scenario-ext,windvariability,extendable
5005,597,DE0 40,DE0 410,32.43730618250187,43.60670368132741,0.0,0.0,scenario-ext,windvariability,extendable
5006,598,DE0 400,DE0 56,44.70660635177079,69.36205208789964,13.0,0.0,scenario-ext,windvariability,extendable
5007,599,DE0 401,DE0 427,38.80664125364389,49.83118532391337,0.0,0.0,scenario-ext,windvariability,extendable
5008,6,DE0 0,DE0 83,51.68384071890012,63.491613819407156,6.0,0.0,scenario-ext,windvariability,extendable
5009,60,DE0 115,DE0 46,53.92774825873627,69.23476417702112,13.0,0.0,scenario-ext,windvariability,extendable
5010,600,DE0 402,DE0 446,43.22345820580455,58.334372778887214,0.0,0.0,scenario-ext,windvariability,extendable
5011,601,DE0 404,DE0 84,15.636628482318017,17.749224648945162,0.0,0.0,scenario-ext,windvariability,extendable
5012,602,DE0 405,DE0 79,7.19355938749909,16.660537864505983,0.0,0.0,scenario-ext,windvariability,extendable
5013,603,DE0 409,DE0 444,27.255116590078615,52.87030516891018,0.0,0.0,scenario-ext,windvariability,extendable
5014,604,DE0 41,DE0 79,18.561152440501463,44.47647873722718,0.0,0.0,scenario-ext,windvariability,extendable
5015,605,DE0 415,DE0 53,41.21699129784182,67.98618603521777,8.0,0.0,scenario-ext,windvariability,extendable
5016,606,DE0 415,DE0 76,43.20016959203623,68.94923208614377,8.0,0.0,scenario-ext,windvariability,extendable
5017,607,DE0 416,DE0 63,52.42098511089349,69.83861920847065,7.0,0.0,scenario-ext,windvariability,extendable
5018,608,DE0 421,DE0 84,13.50286302031397,18.292149744832816,0.0,0.0,scenario-ext,windvariability,extendable
5019,609,DE0 43,DE0 96,25.34486269699949,36.54855984798688,0.0,0.0,scenario-ext,windvariability,extendable
5020,61,DE0 115,DE0 81,36.890066470641834,50.037440099940596,0.0,0.0,scenario-ext,windvariability,extendable
5021,610,DE0 430,DE0 5,15.683012577162291,19.00487764690312,0.0,0.0,scenario-ext,windvariability,extendable
5022,611,DE0 435,DE0 52,18.919462942006806,37.213328252557694,0.0,0.0,scenario-ext,windvariability,extendable
5023,612,DE0 435,DE0 6,43.06001804567526,69.49326821595345,10.0,0.0,scenario-ext,windvariability,extendable
5024,613,DE0 435,DE0 89,18.02216194060605,22.237435263400187,0.0,0.0,scenario-ext,windvariability,extendable
5025,614,DE0 440,DE0 5,19.56011851349617,28.549255871396234,0.0,0.0,scenario-ext,windvariability,extendable
5026,615,DE0 443,DE0 90,29.68682530500471,51.191405473066794,0.0,0.0,scenario-ext,windvariability,extendable
5027,616,DE0 46,DE0 93,57.11069501545857,69.18759563330528,14.0,0.0,scenario-ext,windvariability,extendable
5028,617,DE0 46,DE0 94,52.02158900918546,69.65204374894039,13.0,0.0,scenario-ext,windvariability,extendable
5029,618,DE0 50,DE0 99,23.089527141607107,37.917020378851646,0.0,0.0,scenario-ext,windvariability,extendable
5030,619,DE0 58,DE0 72,45.44589779272719,68.09892330017279,8.0,0.0,scenario-ext,windvariability,extendable
5031,62,DE0 116,DE0 185,5.175897642843416,9.365349473186354,0.0,0.0,scenario-ext,windvariability,extendable
5032,620,DE0 60,DE0 85,6.764553636352801,26.805434748335742,0.0,0.0,scenario-ext,windvariability,extendable
5033,621,DE0 61,DE0 91,32.13494202275493,49.33788783090118,0.0,0.0,scenario-ext,windvariability,extendable
5034,622,DE0 61,DE0 96,45.62062655628053,68.85385565299579,10.0,0.0,scenario-ext,windvariability,extendable
5035,623,DE0 64,DE0 86,36.18453349077899,44.88723198944681,0.0,0.0,scenario-ext,windvariability,extendable
5036,624,DE0 7,DE0 80,17.344114018754585,24.38388697658569,0.0,0.0,scenario-ext,windvariability,extendable
5037,625,DE0 71,DE0 96,28.196315629021868,44.0591998726276,0.0,0.0,scenario-ext,windvariability,extendable
5038,626,DE0 74,DE0 88,15.614467791307343,31.05215967194913,0.0,0.0,scenario-ext,windvariability,extendable
5039,627,DE0 83,DE0 86,16.783354927275287,25.059595728181748,0.0,0.0,scenario-ext,windvariability,extendable
5040,63,DE0 116,DE0 190,22.359223175065676,38.149275913379334,0.0,0.0,scenario-ext,windvariability,extendable
5041,64,DE0 116,DE0 330,35.63295638004756,52.295376442516805,0.0,0.0,scenario-ext,windvariability,extendable
5042,65,DE0 117,DE0 203,41.329985229044254,69.30975103669816,10.0,0.0,scenario-ext,windvariability,extendable
5043,66,DE0 117,DE0 227,40.89989044987237,69.15689553265129,10.0,0.0,scenario-ext,windvariability,extendable
5044,67,DE0 118,DE0 145,38.81006822162047,68.57975272147947,4.0,0.0,scenario-ext,windvariability,extendable
5045,68,DE0 118,DE0 2,44.469931494639766,69.71483985263933,13.0,0.0,scenario-ext,windvariability,extendable
5046,69,DE0 119,DE0 149,9.652732070668337,18.34870268009713,0.0,0.0,scenario-ext,windvariability,extendable
5047,7,DE0 0,DE0 93,27.82768403796137,50.80162614998014,0.0,0.0,scenario-ext,windvariability,extendable
5048,70,DE0 119,DE0 198,18.85654279195499,32.07664624075087,0.0,0.0,scenario-ext,windvariability,extendable
5049,71,DE0 119,DE0 442,13.378625012312517,25.714415975620476,0.0,0.0,scenario-ext,windvariability,extendable
5050,72,DE0 12,DE0 96,35.07905985370985,53.5992219915002,0.0,0.0,scenario-ext,windvariability,extendable
5051,73,DE0 120,DE0 2,17.856494716763724,31.33450475654992,0.0,0.0,scenario-ext,windvariability,extendable
5052,74,DE0 120,DE0 72,37.540163764257,55.79347264894308,0.0,0.0,scenario-ext,windvariability,extendable
5053,75,DE0 121,DE0 290,45.29125831712569,69.84899675448183,13.0,0.0,scenario-ext,windvariability,extendable
5054,76,DE0 121,DE0 370,45.545235568699134,69.78202142256963,13.0,0.0,scenario-ext,windvariability,extendable
5055,77,DE0 122,DE0 226,4.711940258331333,10.65560178008584,0.0,0.0,scenario-ext,windvariability,extendable
5056,78,DE0 122,DE0 261,17.113399380001272,26.148588723893475,0.0,0.0,scenario-ext,windvariability,extendable
5057,79,DE0 122,DE0 64,25.857724275830137,36.813749386248304,0.0,0.0,scenario-ext,windvariability,extendable
5058,8,DE0 1,DE0 110,41.52807050568163,69.08787796583418,8.0,0.0,scenario-ext,windvariability,extendable
5059,80,DE0 122,DE0 86,34.1831688934499,43.13012508762516,0.0,0.0,scenario-ext,windvariability,extendable
5060,81,DE0 123,DE0 307,7.657839538328204,12.746287426467529,0.0,0.0,scenario-ext,windvariability,extendable
5061,82,DE0 123,DE0 325,6.541157153806461,10.233018971448288,0.0,0.0,scenario-ext,windvariability,extendable
5062,83,DE0 124,DE0 240,44.69650883286842,69.63753316526694,10.0,0.0,scenario-ext,windvariability,extendable
5063,84,DE0 124,DE0 374,44.31049824597266,69.95069221858405,10.0,0.0,scenario-ext,windvariability,extendable
5064,85,DE0 124,DE0 77,42.68489236203044,67.98721094260286,10.0,0.0,scenario-ext,windvariability,extendable
5065,86,DE0 124,DE0 90,40.724431199138564,69.56903920633188,10.0,0.0,scenario-ext,windvariability,extendable
5066,87,DE0 125,DE0 233,7.514776179786349,14.47681498312661,0.0,0.0,scenario-ext,windvariability,extendable
5067,88,DE0 125,DE0 271,22.74390541985399,35.75727956430681,0.0,0.0,scenario-ext,windvariability,extendable
5068,89,DE0 126,DE0 181,45.158057087916106,69.78836765236002,9.0,0.0,scenario-ext,windvariability,extendable
5069,9,DE0 1,DE0 131,4.251314065943658,9.055740715921152,0.0,0.0,scenario-ext,windvariability,extendable
5070,90,DE0 126,DE0 250,43.68118315726132,68.59838204934684,6.0,0.0,scenario-ext,windvariability,extendable
5071,91,DE0 127,DE0 22,8.404049798963808,17.12629579636509,0.0,0.0,scenario-ext,windvariability,extendable
5072,92,DE0 127,DE0 233,12.833679526348195,25.389727648101417,0.0,0.0,scenario-ext,windvariability,extendable
5073,93,DE0 127,DE0 271,17.52157592296313,35.124489309831915,0.0,0.0,scenario-ext,windvariability,extendable
5074,94,DE0 128,DE0 174,42.71113483905588,69.51131382674627,8.0,0.0,scenario-ext,windvariability,extendable
5075,95,DE0 128,DE0 175,42.541297346478785,68.795771833997,8.0,0.0,scenario-ext,windvariability,extendable
5076,96,DE0 129,DE0 330,14.718680103732948,26.672441737053177,0.0,0.0,scenario-ext,windvariability,extendable
5077,97,DE0 129,DE0 390,5.813950618675599,18.802856397531347,0.0,0.0,scenario-ext,windvariability,extendable
5078,98,DE0 13,DE0 329,30.033918584168333,68.76634894895352,2.0,0.0,scenario-ext,windvariability,extendable
5079,99,DE0 13,DE0 69,60.20310022009841,69.54066663434776,15.0,0.0,scenario-ext,windvariability,extendable
5080,0,DE0 0,DE0 281,21.19417312127083,31.6143204800167,0.0,0.0,scenario-ext,windy,extendable
5081,1,DE0 0,DE0 86,7.227965866355213,41.982183864301575,0.0,0.0,scenario-ext,windy,extendable
5082,10,DE0 100,DE0 88,26.275068470066902,36.856173887055036,0.0,0.0,scenario-ext,windy,extendable
5083,100,DE0 129,DE0 259,23.637220607723116,28.844097184353735,0.0,0.0,scenario-ext,windy,extendable
5084,101,DE0 129,DE0 32,31.16745828340262,38.19636291559403,0.0,0.0,scenario-ext,windy,extendable
5085,102,DE0 129,DE0 75,3.2515418782958765,4.530115947591093,0.0,0.0,scenario-ext,windy,extendable
5086,103,DE0 13,DE0 215,4.122236936015334,18.552383968882022,0.0,0.0,scenario-ext,windy,extendable
5087,104,DE0 13,DE0 249,28.145513554214226,43.24275552214417,0.0,0.0,scenario-ext,windy,extendable
5088,105,DE0 130,DE0 144,11.15130463536375,22.737686402386647,0.0,0.0,scenario-ext,windy,extendable
5089,106,DE0 130,DE0 23,21.515833663249033,43.79997175182621,0.0,0.0,scenario-ext,windy,extendable
5090,107,DE0 130,DE0 274,27.16850606584302,35.49402012172698,0.0,0.0,scenario-ext,windy,extendable
5091,108,DE0 131,DE0 373,10.690424847980166,17.989893927387502,0.0,0.0,scenario-ext,windy,extendable
5092,109,DE0 131,DE0 89,5.656973298785943,9.847368661939885,0.0,0.0,scenario-ext,windy,extendable
5093,11,DE0 101,DE0 195,27.605499278851504,41.55474745477068,0.0,0.0,scenario-ext,windy,extendable
5094,110,DE0 132,DE0 198,34.23010598409723,64.52629329570226,3.0,0.0,scenario-ext,windy,extendable
5095,111,DE0 132,DE0 211,14.287803027099041,29.577005955792913,0.0,0.0,scenario-ext,windy,extendable
5096,112,DE0 133,DE0 278,44.230582856306924,51.584427941328826,0.0,0.0,scenario-ext,windy,extendable
5097,113,DE0 133,DE0 295,39.794879693200436,46.9989410358524,0.0,0.0,scenario-ext,windy,extendable
5098,114,DE0 134,DE0 171,36.452733323784585,69.72356377641351,5.0,0.0,scenario-ext,windy,extendable
5099,115,DE0 134,DE0 192,27.064858656463343,48.58356920255578,0.0,0.0,scenario-ext,windy,extendable
5100,116,DE0 134,DE0 245,38.054658259714465,66.57717340526894,5.0,0.0,scenario-ext,windy,extendable
5101,117,DE0 134,DE0 400,20.305476142965208,41.16192694476232,0.0,0.0,scenario-ext,windy,extendable
5102,118,DE0 134,DE0 65,9.697218065119655,27.592093794944173,0.0,0.0,scenario-ext,windy,extendable
5103,119,DE0 135,DE0 252,16.52939292167279,18.454254590830995,0.0,0.0,scenario-ext,windy,extendable
5104,12,DE0 101,DE0 393,51.11107621176482,69.92013610094955,8.0,0.0,scenario-ext,windy,extendable
5105,120,DE0 135,DE0 436,17.284596901062365,19.3515042363528,0.0,0.0,scenario-ext,windy,extendable
5106,121,DE0 136,DE0 244,15.772349129251943,28.534204206771264,0.0,0.0,scenario-ext,windy,extendable
5107,122,DE0 136,DE0 271,18.416459560106514,30.324226188831215,0.0,0.0,scenario-ext,windy,extendable
5108,123,DE0 137,DE0 228,7.492416594327392,12.867698049943646,0.0,0.0,scenario-ext,windy,extendable
5109,124,DE0 137,DE0 273,3.1003085081043267,5.989029241643536,0.0,0.0,scenario-ext,windy,extendable
5110,125,DE0 137,DE0 350,3.711203150670811,6.234695698200812,0.0,0.0,scenario-ext,windy,extendable
5111,126,DE0 137,DE0 357,7.012961040269179,10.886827688175218,0.0,0.0,scenario-ext,windy,extendable
5112,127,DE0 138,DE0 204,35.628386803037046,62.935139031015865,2.0,0.0,scenario-ext,windy,extendable
5113,128,DE0 138,DE0 36,20.922950718934512,30.682027884602913,0.0,0.0,scenario-ext,windy,extendable
5114,129,DE0 138,DE0 422,7.8478335379923925,14.84073837859617,0.0,0.0,scenario-ext,windy,extendable
5115,13,DE0 102,DE0 253,6.283478319991992,9.185361307936645,0.0,0.0,scenario-ext,windy,extendable
5116,130,DE0 139,DE0 197,10.47145128159772,17.834947578148768,0.0,0.0,scenario-ext,windy,extendable
5117,131,DE0 139,DE0 423,21.258693530496206,30.738616585213123,0.0,0.0,scenario-ext,windy,extendable
5118,132,DE0 139,DE0 44,20.734635142780636,39.734040607247,0.0,0.0,scenario-ext,windy,extendable
5119,133,DE0 139,DE0 56,16.257822127842985,30.724276571530933,0.0,0.0,scenario-ext,windy,extendable
5120,134,DE0 139,DE0 58,65.40359725784134,69.57372131946772,19.0,0.0,scenario-ext,windy,extendable
5121,135,DE0 139,DE0 85,27.715562310577813,42.55176921817156,0.0,0.0,scenario-ext,windy,extendable
5122,136,DE0 14,DE0 195,9.311370784521495,13.971163716415816,0.0,0.0,scenario-ext,windy,extendable
5123,137,DE0 14,DE0 54,16.0129862107533,24.618934864089233,0.0,0.0,scenario-ext,windy,extendable
5124,138,DE0 140,DE0 19,28.48932956416077,37.36704467735593,0.0,0.0,scenario-ext,windy,extendable
5125,139,DE0 140,DE0 248,34.28790308396258,48.2630675755918,0.0,0.0,scenario-ext,windy,extendable
5126,14,DE0 102,DE0 415,4.978024013010676,6.74226658146813,0.0,0.0,scenario-ext,windy,extendable
5127,140,DE0 141,DE0 294,48.06359517064107,57.16470813229992,0.0,0.0,scenario-ext,windy,extendable
5128,141,DE0 141,DE0 319,43.42768081526596,51.88243414373932,0.0,0.0,scenario-ext,windy,extendable
5129,142,DE0 142,DE0 145,7.90629555869166,18.429033997988764,0.0,0.0,scenario-ext,windy,extendable
5130,143,DE0 142,DE0 308,10.95773615015715,16.379476401119096,0.0,0.0,scenario-ext,windy,extendable
5131,144,DE0 143,DE0 234,18.084130505625495,33.95542824341146,0.0,0.0,scenario-ext,windy,extendable
5132,145,DE0 144,DE0 262,16.741080348405816,21.498769034092714,0.0,0.0,scenario-ext,windy,extendable
5133,146,DE0 144,DE0 36,24.02822545225706,33.213150743151274,0.0,0.0,scenario-ext,windy,extendable
5134,147,DE0 145,DE0 35,11.821721482040056,28.17474530862352,0.0,0.0,scenario-ext,windy,extendable
5135,148,DE0 145,DE0 51,15.928057364443024,33.415514824962294,0.0,0.0,scenario-ext,windy,extendable
5136,149,DE0 146,DE0 321,53.12247345047803,64.18944112879495,9.0,0.0,scenario-ext,windy,extendable
5137,15,DE0 102,DE0 99,17.805050337234256,25.386949182251406,0.0,0.0,scenario-ext,windy,extendable
5138,150,DE0 146,DE0 411,31.386442159702987,39.84604064152343,0.0,0.0,scenario-ext,windy,extendable
5139,151,DE0 146,DE0 42,23.302528680648496,27.754106134264013,0.0,0.0,scenario-ext,windy,extendable
5140,152,DE0 146,DE0 69,53.24095063183542,69.6107033929748,11.0,0.0,scenario-ext,windy,extendable
5141,153,DE0 147,DE0 183,16.313255027335597,26.149000845030955,0.0,0.0,scenario-ext,windy,extendable
5142,154,DE0 147,DE0 222,14.956288809915904,24.416693545873166,0.0,0.0,scenario-ext,windy,extendable
5143,155,DE0 148,DE0 172,31.199308299319895,39.32400004915944,0.0,0.0,scenario-ext,windy,extendable
5144,156,DE0 148,DE0 238,40.2993274413495,55.02421427855273,0.0,0.0,scenario-ext,windy,extendable
5145,157,DE0 148,DE0 250,11.709088584902416,19.77357461804354,0.0,0.0,scenario-ext,windy,extendable
5146,158,DE0 148,DE0 429,2.2345684480760863,4.542418583777113,0.0,0.0,scenario-ext,windy,extendable
5147,159,DE0 148,DE0 432,7.182467307316713,10.525941666982314,0.0,0.0,scenario-ext,windy,extendable
5148,16,DE0 103,DE0 202,29.499761090037463,53.10381802165146,0.0,0.0,scenario-ext,windy,extendable
5149,160,DE0 148,DE0 53,21.447329857774804,32.74389652423048,0.0,0.0,scenario-ext,windy,extendable
5150,161,DE0 149,DE0 267,49.384816100316456,52.17086584717976,0.0,0.0,scenario-ext,windy,extendable
5151,162,DE0 149,DE0 335,29.94289119904185,32.06178667939971,0.0,0.0,scenario-ext,windy,extendable
5152,163,DE0 15,DE0 364,4.892150789529784,8.127123460388331,0.0,0.0,scenario-ext,windy,extendable
5153,164,DE0 15,DE0 409,9.712613341877933,11.453961031769664,0.0,0.0,scenario-ext,windy,extendable
5154,165,DE0 150,DE0 21,10.121503245937129,37.97768433384425,0.0,0.0,scenario-ext,windy,extendable
5155,166,DE0 150,DE0 410,11.382135285305155,43.46733103682548,0.0,0.0,scenario-ext,windy,extendable
5156,167,DE0 151,DE0 405,35.51275654099502,42.08183098127612,0.0,0.0,scenario-ext,windy,extendable
5157,168,DE0 151,DE0 79,36.469039511000915,42.922206275035094,0.0,0.0,scenario-ext,windy,extendable
5158,169,DE0 152,DE0 351,13.99635789630785,22.2285026672189,0.0,0.0,scenario-ext,windy,extendable
5159,17,DE0 103,DE0 428,7.750371548431572,13.583201702074785,0.0,0.0,scenario-ext,windy,extendable
5160,170,DE0 153,DE0 315,4.664741551616286,10.611307191990242,0.0,0.0,scenario-ext,windy,extendable
5161,171,DE0 153,DE0 79,11.14338189390278,19.134244469300764,0.0,0.0,scenario-ext,windy,extendable
5162,172,DE0 155,DE0 265,41.69849130242147,54.89778031018967,0.0,0.0,scenario-ext,windy,extendable
5163,173,DE0 155,DE0 277,18.17582391820299,23.872022751553924,0.0,0.0,scenario-ext,windy,extendable
5164,174,DE0 156,DE0 306,28.889650227286705,36.68450322465297,0.0,0.0,scenario-ext,windy,extendable
5165,175,DE0 156,DE0 309,9.834754699559962,14.793831199473578,0.0,0.0,scenario-ext,windy,extendable
5166,176,DE0 156,DE0 382,25.384392664834483,32.571749026481115,0.0,0.0,scenario-ext,windy,extendable
5167,177,DE0 156,DE0 430,19.833859881888735,25.22209869537313,0.0,0.0,scenario-ext,windy,extendable
5168,178,DE0 157,DE0 158,21.003111768809614,24.54577350959213,0.0,0.0,scenario-ext,windy,extendable
5169,179,DE0 157,DE0 3,41.94060638764105,69.29730048702419,5.0,0.0,scenario-ext,windy,extendable
5170,18,DE0 103,DE0 9,19.4721241043321,35.6002721228702,0.0,0.0,scenario-ext,windy,extendable
5171,180,DE0 157,DE0 45,47.03497398812755,52.33433347683896,0.0,0.0,scenario-ext,windy,extendable
5172,181,DE0 157,DE0 94,37.0389887315746,43.697211729875995,0.0,0.0,scenario-ext,windy,extendable
5173,182,DE0 158,DE0 18,25.681081742647677,37.05833637275776,0.0,0.0,scenario-ext,windy,extendable
5174,183,DE0 158,DE0 209,52.44669174584189,68.03186336847976,8.0,0.0,scenario-ext,windy,extendable
5175,184,DE0 158,DE0 322,34.62691848864887,45.83249249420961,0.0,0.0,scenario-ext,windy,extendable
5176,185,DE0 158,DE0 361,32.08456526037885,43.881572236951634,0.0,0.0,scenario-ext,windy,extendable
5177,186,DE0 158,DE0 378,18.594464317897298,29.053531047735554,0.0,0.0,scenario-ext,windy,extendable
5178,187,DE0 158,DE0 55,32.31898777969341,44.131227434142566,0.0,0.0,scenario-ext,windy,extendable
5179,188,DE0 158,DE0 86,31.74588650069929,48.06600524829794,0.0,0.0,scenario-ext,windy,extendable
5180,189,DE0 158,DE0 90,27.32486531367838,39.40073790707901,0.0,0.0,scenario-ext,windy,extendable
5181,19,DE0 104,DE0 125,14.849664824493983,34.769864224744644,0.0,0.0,scenario-ext,windy,extendable
5182,190,DE0 159,DE0 253,51.12367567051576,67.78683759884419,9.0,0.0,scenario-ext,windy,extendable
5183,191,DE0 159,DE0 29,30.15364098909923,43.491380148947165,0.0,0.0,scenario-ext,windy,extendable
5184,192,DE0 16,DE0 197,29.011341372496585,44.359461104157,0.0,0.0,scenario-ext,windy,extendable
5185,193,DE0 16,DE0 423,33.385040597018346,50.33868064168261,0.0,0.0,scenario-ext,windy,extendable
5186,194,DE0 160,DE0 202,37.65123609301004,63.368810666385,2.0,0.0,scenario-ext,windy,extendable
5187,195,DE0 160,DE0 280,31.886912840267094,53.67629196268345,0.0,0.0,scenario-ext,windy,extendable
5188,196,DE0 160,DE0 423,33.04050924655238,55.82250449880599,0.0,0.0,scenario-ext,windy,extendable
5189,197,DE0 161,DE0 320,13.725055104665659,15.612958348455441,0.0,0.0,scenario-ext,windy,extendable
5190,198,DE0 161,DE0 385,22.348483580998955,25.44976720060897,0.0,0.0,scenario-ext,windy,extendable
5191,199,DE0 162,DE0 341,3.91058924371162,10.8888841516348,0.0,0.0,scenario-ext,windy,extendable
5192,2,DE0 0,DE0 90,24.5457074810807,39.84255269605264,0.0,0.0,scenario-ext,windy,extendable
5193,20,DE0 104,DE0 297,24.36114126276122,35.287443751183304,0.0,0.0,scenario-ext,windy,extendable
5194,200,DE0 162,DE0 389,4.200607230601031,14.023131101777667,0.0,0.0,scenario-ext,windy,extendable
5195,201,DE0 163,DE0 361,11.95706256389724,28.29655888546812,0.0,0.0,scenario-ext,windy,extendable
5196,202,DE0 163,DE0 43,7.714706018724722,14.959172202708704,0.0,0.0,scenario-ext,windy,extendable
5197,203,DE0 164,DE0 250,19.8273860116802,23.748057221714433,0.0,0.0,scenario-ext,windy,extendable
5198,204,DE0 164,DE0 387,21.41680213546231,24.819832140629863,0.0,0.0,scenario-ext,windy,extendable
5199,205,DE0 165,DE0 50,23.305143252647444,41.208522210525615,0.0,0.0,scenario-ext,windy,extendable
5200,206,DE0 165,DE0 8,18.349833990701605,34.484225049646305,0.0,0.0,scenario-ext,windy,extendable
5201,207,DE0 166,DE0 206,10.801781965806939,26.959778038136655,0.0,0.0,scenario-ext,windy,extendable
5202,208,DE0 166,DE0 274,27.188189023573067,34.40759134025784,0.0,0.0,scenario-ext,windy,extendable
5203,209,DE0 166,DE0 36,11.07555814946356,29.779114384224226,0.0,0.0,scenario-ext,windy,extendable
5204,21,DE0 104,DE0 389,10.68147095986066,23.784057532379563,0.0,0.0,scenario-ext,windy,extendable
5205,210,DE0 166,DE0 97,16.58788342791042,23.999717403676797,0.0,0.0,scenario-ext,windy,extendable
5206,211,DE0 167,DE0 224,14.077825090049936,19.270283464391845,0.0,0.0,scenario-ext,windy,extendable
5207,212,DE0 167,DE0 226,17.183359779059874,32.81595167066344,0.0,0.0,scenario-ext,windy,extendable
5208,213,DE0 167,DE0 33,14.186607747688706,16.65373561854443,0.0,0.0,scenario-ext,windy,extendable
5209,214,DE0 167,DE0 388,8.90975770522104,15.943902240518423,0.0,0.0,scenario-ext,windy,extendable
5210,215,DE0 167,DE0 48,8.249873870327681,22.362842448640713,0.0,0.0,scenario-ext,windy,extendable
5211,216,DE0 168,DE0 310,1.0985277735241108,2.293378656468804,0.0,0.0,scenario-ext,windy,extendable
5212,217,DE0 168,DE0 312,44.43911860922103,68.84181852154452,2.0,0.0,scenario-ext,windy,extendable
5213,218,DE0 168,DE0 421,4.131259457873472,8.445409967558298,0.0,0.0,scenario-ext,windy,extendable
5214,219,DE0 168,DE0 84,19.063046587513387,30.000660910439542,0.0,0.0,scenario-ext,windy,extendable
5215,22,DE0 104,DE0 4,12.888693274998374,21.653633746579175,0.0,0.0,scenario-ext,windy,extendable
5216,220,DE0 169,DE0 263,13.456108869898245,22.37646358862039,0.0,0.0,scenario-ext,windy,extendable
5217,221,DE0 169,DE0 427,12.299102520994342,19.973429686591242,0.0,0.0,scenario-ext,windy,extendable
5218,222,DE0 17,DE0 205,29.624086096229924,37.23983006121508,0.0,0.0,scenario-ext,windy,extendable
5219,223,DE0 17,DE0 259,33.49537066125596,41.31962924645626,0.0,0.0,scenario-ext,windy,extendable
5220,224,DE0 170,DE0 42,31.65767812176947,35.882799013341376,0.0,0.0,scenario-ext,windy,extendable
5221,225,DE0 170,DE0 56,31.745635984663288,35.83032248228103,0.0,0.0,scenario-ext,windy,extendable
5222,226,DE0 171,DE0 9,42.422904484410175,69.66863764814154,9.0,0.0,scenario-ext,windy,extendable
5223,227,DE0 172,DE0 214,35.968378136878165,38.83833962401838,0.0,0.0,scenario-ext,windy,extendable
5224,228,DE0 172,DE0 270,22.646552957226408,26.30805287727383,0.0,0.0,scenario-ext,windy,extendable
5225,229,DE0 172,DE0 296,57.01210736050503,69.28220541790039,8.0,0.0,scenario-ext,windy,extendable
5226,23,DE0 105,DE0 181,12.771267529932153,22.970089825312975,0.0,0.0,scenario-ext,windy,extendable
5227,230,DE0 173,DE0 26,25.863402773103655,33.76538067507108,0.0,0.0,scenario-ext,windy,extendable
5228,231,DE0 173,DE0 286,4.202595182527311,14.144311525510805,0.0,0.0,scenario-ext,windy,extendable
5229,232,DE0 173,DE0 307,20.445194790993945,22.878833909027666,0.0,0.0,scenario-ext,windy,extendable
5230,233,DE0 173,DE0 337,12.580484224394892,25.051962173759744,0.0,0.0,scenario-ext,windy,extendable
5231,234,DE0 174,DE0 273,1.3601559115520945,1.5700360500171404,0.0,0.0,scenario-ext,windy,extendable
5232,235,DE0 174,DE0 397,0.8139742066343346,0.9379074989808247,0.0,0.0,scenario-ext,windy,extendable
5233,236,DE0 175,DE0 413,13.777956845654845,25.985373924823644,0.0,0.0,scenario-ext,windy,extendable
5234,237,DE0 175,DE0 54,7.262258585260463,21.37609205060091,0.0,0.0,scenario-ext,windy,extendable
5235,238,DE0 176,DE0 357,4.390674695980388,7.588928784328903,0.0,0.0,scenario-ext,windy,extendable
5236,239,DE0 176,DE0 382,14.714918758624771,18.582220456540067,0.0,0.0,scenario-ext,windy,extendable
5237,24,DE0 105,DE0 211,3.4688319955842117,7.457916643070625,0.0,0.0,scenario-ext,windy,extendable
5238,240,DE0 177,DE0 231,27.75922312387354,41.59965283917968,0.0,0.0,scenario-ext,windy,extendable
5239,241,DE0 177,DE0 355,45.67828239094223,69.91389977848024,4.0,0.0,scenario-ext,windy,extendable
5240,242,DE0 177,DE0 380,15.84533306165933,28.47883021727044,0.0,0.0,scenario-ext,windy,extendable
5241,243,DE0 178,DE0 215,32.14166335841067,64.11004462236667,3.0,0.0,scenario-ext,windy,extendable
5242,244,DE0 178,DE0 83,29.34061860375427,45.74309308755474,0.0,0.0,scenario-ext,windy,extendable
5243,245,DE0 179,DE0 324,21.320291407144943,25.76685002105563,0.0,0.0,scenario-ext,windy,extendable
5244,246,DE0 179,DE0 403,5.693123953608756,8.349568310082399,0.0,0.0,scenario-ext,windy,extendable
5245,247,DE0 18,DE0 99,52.79751239034943,67.72112220254738,8.0,0.0,scenario-ext,windy,extendable
5246,248,DE0 180,DE0 376,40.38537909692765,55.88300282554942,0.0,0.0,scenario-ext,windy,extendable
5247,249,DE0 180,DE0 63,27.937163594413732,41.51361578686796,0.0,0.0,scenario-ext,windy,extendable
5248,25,DE0 105,DE0 445,14.179171596688947,28.311777813244348,0.0,0.0,scenario-ext,windy,extendable
5249,250,DE0 181,DE0 236,15.336266491061387,26.148129865324922,0.0,0.0,scenario-ext,windy,extendable
5250,251,DE0 182,DE0 52,3.6735773381913313,4.879044112180583,0.0,0.0,scenario-ext,windy,extendable
5251,252,DE0 183,DE0 351,36.553472014337956,59.74534875676536,0.0,0.0,scenario-ext,windy,extendable
5252,253,DE0 184,DE0 229,40.48098019429581,44.16796249472477,0.0,0.0,scenario-ext,windy,extendable
5253,254,DE0 184,DE0 295,64.43581255676169,69.83641960845351,22.0,0.0,scenario-ext,windy,extendable
5254,255,DE0 185,DE0 283,20.53175333944895,61.62785075406646,2.0,0.0,scenario-ext,windy,extendable
5255,256,DE0 185,DE0 328,10.51229239128338,40.71506405503242,0.0,0.0,scenario-ext,windy,extendable
5256,257,DE0 185,DE0 400,9.196108660719455,15.200485847181442,0.0,0.0,scenario-ext,windy,extendable
5257,258,DE0 186,DE0 55,26.285623812666476,34.00359844778784,0.0,0.0,scenario-ext,windy,extendable
5258,259,DE0 186,DE0 99,30.566654217688377,39.968136531572924,0.0,0.0,scenario-ext,windy,extendable
5259,26,DE0 106,DE0 182,7.573302014378343,11.357632679382634,0.0,0.0,scenario-ext,windy,extendable
5260,260,DE0 187,DE0 56,22.273161408037268,30.042503090300066,0.0,0.0,scenario-ext,windy,extendable
5261,261,DE0 188,DE0 217,26.291555687754904,30.421065654085943,0.0,0.0,scenario-ext,windy,extendable
5262,262,DE0 188,DE0 68,60.744466859258125,69.87433522286292,16.0,0.0,scenario-ext,windy,extendable
5263,263,DE0 189,DE0 316,22.478640919412364,32.8201532725757,0.0,0.0,scenario-ext,windy,extendable
5264,264,DE0 189,DE0 334,7.251717655529867,15.34195382649514,0.0,0.0,scenario-ext,windy,extendable
5265,265,DE0 189,DE0 66,45.52352919201435,57.27091857407377,0.0,0.0,scenario-ext,windy,extendable
5266,266,DE0 19,DE0 248,33.19070885772696,45.50309907254063,0.0,0.0,scenario-ext,windy,extendable
5267,267,DE0 19,DE0 254,12.03890304580297,41.667527877095786,0.0,0.0,scenario-ext,windy,extendable
5268,268,DE0 19,DE0 62,22.756878622800734,36.295492149172674,0.0,0.0,scenario-ext,windy,extendable
5269,269,DE0 190,DE0 414,65.38156958205285,69.62391491157811,17.0,0.0,scenario-ext,windy,extendable
5270,27,DE0 106,DE0 222,13.68042354635432,22.577834336346907,0.0,0.0,scenario-ext,windy,extendable
5271,270,DE0 190,DE0 55,53.95199392334129,68.16925651804327,3.0,0.0,scenario-ext,windy,extendable
5272,271,DE0 191,DE0 269,54.31616503042706,64.23448185260375,3.0,0.0,scenario-ext,windy,extendable
5273,272,DE0 191,DE0 322,50.67202590387362,68.91170409314992,8.0,0.0,scenario-ext,windy,extendable
5274,273,DE0 192,DE0 449,10.250349651640184,21.004986373278776,0.0,0.0,scenario-ext,windy,extendable
5275,274,DE0 193,DE0 43,10.525454509232908,20.3236670861868,0.0,0.0,scenario-ext,windy,extendable
5276,275,DE0 193,DE0 57,47.84839226800099,54.34942348019975,0.0,0.0,scenario-ext,windy,extendable
5277,276,DE0 193,DE0 6,35.9819113442255,40.52905145264379,0.0,0.0,scenario-ext,windy,extendable
5278,277,DE0 194,DE0 390,38.36791102867473,46.04246891172448,0.0,0.0,scenario-ext,windy,extendable
5279,278,DE0 194,DE0 391,19.283322312227114,24.858590114365818,0.0,0.0,scenario-ext,windy,extendable
5280,279,DE0 195,DE0 283,21.93368577515817,62.23119115332233,2.0,0.0,scenario-ext,windy,extendable
5281,28,DE0 106,DE0 30,7.083868798623814,11.1893599703082,0.0,0.0,scenario-ext,windy,extendable
5282,280,DE0 195,DE0 54,26.516944934931153,39.74588857695824,0.0,0.0,scenario-ext,windy,extendable
5283,281,DE0 195,DE0 65,14.646040523370354,23.3569712628314,0.0,0.0,scenario-ext,windy,extendable
5284,282,DE0 196,DE0 249,12.21897580919718,45.488614354095766,0.0,0.0,scenario-ext,windy,extendable
5285,283,DE0 196,DE0 380,14.449597942529694,23.198798843659294,0.0,0.0,scenario-ext,windy,extendable
5286,284,DE0 197,DE0 57,65.66167087470359,69.40677000525254,21.0,0.0,scenario-ext,windy,extendable
5287,285,DE0 198,DE0 211,19.639403575620037,42.95345066310026,0.0,0.0,scenario-ext,windy,extendable
5288,286,DE0 198,DE0 236,7.54590301012993,17.173716328618248,0.0,0.0,scenario-ext,windy,extendable
5289,287,DE0 198,DE0 335,66.2137355838664,69.66018940136041,19.0,0.0,scenario-ext,windy,extendable
5290,288,DE0 198,DE0 368,14.02136192808266,29.573578683619274,0.0,0.0,scenario-ext,windy,extendable
5291,289,DE0 198,DE0 50,38.834887253868274,57.740503630762554,0.0,0.0,scenario-ext,windy,extendable
5292,29,DE0 106,DE0 52,2.1491871249117724,3.06205154786377,0.0,0.0,scenario-ext,windy,extendable
5293,290,DE0 198,DE0 67,17.40541614221852,32.730697346190865,0.0,0.0,scenario-ext,windy,extendable
5294,291,DE0 199,DE0 364,2.6855704851290843,7.113046793291354,0.0,0.0,scenario-ext,windy,extendable
5295,292,DE0 199,DE0 369,16.708567240824443,21.37024414296108,0.0,0.0,scenario-ext,windy,extendable
5296,293,DE0 2,DE0 314,43.320957037574345,69.7832859208164,3.0,0.0,scenario-ext,windy,extendable
5297,294,DE0 20,DE0 348,43.570977825077875,68.65095830738026,2.0,0.0,scenario-ext,windy,extendable
5298,295,DE0 20,DE0 421,9.30431515240185,17.716451917138613,0.0,0.0,scenario-ext,windy,extendable
5299,296,DE0 200,DE0 318,43.008866492501326,49.715171438401775,0.0,0.0,scenario-ext,windy,extendable
5300,297,DE0 200,DE0 326,16.452976177241403,21.48058304688262,0.0,0.0,scenario-ext,windy,extendable
5301,298,DE0 200,DE0 333,7.406676417325908,9.275662493740512,0.0,0.0,scenario-ext,windy,extendable
5302,299,DE0 200,DE0 417,18.25137058349068,20.500644387064277,0.0,0.0,scenario-ext,windy,extendable
5303,3,DE0 1,DE0 172,56.98586237016939,69.33276708764367,8.0,0.0,scenario-ext,windy,extendable
5304,30,DE0 107,DE0 143,8.324299503424378,20.649914010222542,0.0,0.0,scenario-ext,windy,extendable
5305,300,DE0 201,DE0 204,5.781257529663978,14.167833239164615,0.0,0.0,scenario-ext,windy,extendable
5306,301,DE0 201,DE0 366,28.887277918763587,69.48123245811418,5.0,0.0,scenario-ext,windy,extendable
5307,302,DE0 201,DE0 381,7.112816058573097,13.173666099350815,0.0,0.0,scenario-ext,windy,extendable
5308,303,DE0 203,DE0 21,9.785220782001268,13.73897760319149,0.0,0.0,scenario-ext,windy,extendable
5309,304,DE0 203,DE0 35,16.419876011826805,39.567537841971486,0.0,0.0,scenario-ext,windy,extendable
5310,305,DE0 203,DE0 351,5.14322606314681,14.320346157529695,0.0,0.0,scenario-ext,windy,extendable
5311,306,DE0 204,DE0 289,7.521498686858317,16.383230538895823,0.0,0.0,scenario-ext,windy,extendable
5312,307,DE0 204,DE0 5,11.105777243605445,22.913102161354953,0.0,0.0,scenario-ext,windy,extendable
5313,308,DE0 204,DE0 82,26.39775417667609,42.53982611718072,0.0,0.0,scenario-ext,windy,extendable
5314,309,DE0 204,DE0 83,22.9363528194903,39.33730334483762,0.0,0.0,scenario-ext,windy,extendable
5315,31,DE0 107,DE0 61,10.106690028868103,23.53496107375922,0.0,0.0,scenario-ext,windy,extendable
5316,310,DE0 205,DE0 213,11.973113461653188,20.43850489051568,0.0,0.0,scenario-ext,windy,extendable
5317,311,DE0 205,DE0 75,25.152853256219633,31.582258468769137,0.0,0.0,scenario-ext,windy,extendable
5318,312,DE0 206,DE0 327,8.316571255486759,22.416170470985406,0.0,0.0,scenario-ext,windy,extendable
5319,313,DE0 207,DE0 300,17.146239380806506,29.07588439083809,0.0,0.0,scenario-ext,windy,extendable
5320,314,DE0 207,DE0 70,5.619257263702885,13.616105984608682,0.0,0.0,scenario-ext,windy,extendable
5321,315,DE0 208,DE0 3,42.49566538024126,48.4564244656681,0.0,0.0,scenario-ext,windy,extendable
5322,316,DE0 208,DE0 414,50.25534591177813,61.307464745100425,2.0,0.0,scenario-ext,windy,extendable
5323,317,DE0 209,DE0 99,52.233186386999265,69.36095660173514,8.0,0.0,scenario-ext,windy,extendable
5324,318,DE0 21,DE0 284,47.45255210992895,53.5326946837666,0.0,0.0,scenario-ext,windy,extendable
5325,319,DE0 21,DE0 351,26.07703561923145,39.17344576393355,0.0,0.0,scenario-ext,windy,extendable
5326,32,DE0 108,DE0 196,17.62709840348972,22.237768701323322,0.0,0.0,scenario-ext,windy,extendable
5327,320,DE0 210,DE0 303,23.856281604890683,38.63679262589722,0.0,0.0,scenario-ext,windy,extendable
5328,321,DE0 210,DE0 68,32.33364221673882,37.83663253198456,0.0,0.0,scenario-ext,windy,extendable
5329,322,DE0 212,DE0 230,64.30364794457668,68.92637913353416,17.0,0.0,scenario-ext,windy,extendable
5330,323,DE0 212,DE0 343,2.174906035305115,5.572999720983536,0.0,0.0,scenario-ext,windy,extendable
5331,324,DE0 212,DE0 408,5.85779432804033,9.296602143797756,0.0,0.0,scenario-ext,windy,extendable
5332,325,DE0 212,DE0 436,21.863547596264002,25.822856871314197,0.0,0.0,scenario-ext,windy,extendable
5333,326,DE0 212,DE0 78,62.069854237747144,68.58653497685981,17.0,0.0,scenario-ext,windy,extendable
5334,327,DE0 213,DE0 75,36.59022962430926,44.496334817005454,0.0,0.0,scenario-ext,windy,extendable
5335,328,DE0 214,DE0 242,30.15976018466701,37.958322974514125,0.0,0.0,scenario-ext,windy,extendable
5336,329,DE0 214,DE0 367,51.109989579089664,58.12260496645947,0.0,0.0,scenario-ext,windy,extendable
5337,33,DE0 108,DE0 384,18.418997033577604,28.821920427052643,0.0,0.0,scenario-ext,windy,extendable
5338,330,DE0 215,DE0 359,24.981484348313657,36.849500620045596,0.0,0.0,scenario-ext,windy,extendable
5339,331,DE0 215,DE0 380,61.435735090558474,69.9050263479502,14.0,0.0,scenario-ext,windy,extendable
5340,332,DE0 215,DE0 384,19.40153360344805,31.23683084317222,0.0,0.0,scenario-ext,windy,extendable
5341,333,DE0 215,DE0 81,36.35790191179065,55.51203817941003,0.0,0.0,scenario-ext,windy,extendable
5342,334,DE0 216,DE0 251,24.83973698418177,29.95463740340998,0.0,0.0,scenario-ext,windy,extendable
5343,335,DE0 216,DE0 272,21.193041032325365,25.30367562004209,0.0,0.0,scenario-ext,windy,extendable
5344,336,DE0 216,DE0 294,50.79078429649042,60.43697377396917,2.0,0.0,scenario-ext,windy,extendable
5345,337,DE0 217,DE0 365,19.240032219149626,27.80600480483546,0.0,0.0,scenario-ext,windy,extendable
5346,338,DE0 217,DE0 379,33.72379357147079,37.82684204532252,0.0,0.0,scenario-ext,windy,extendable
5347,339,DE0 218,DE0 251,14.757339842333858,18.4937651410636,0.0,0.0,scenario-ext,windy,extendable
5348,34,DE0 109,DE0 221,6.602919329819873,16.382818394620415,0.0,0.0,scenario-ext,windy,extendable
5349,340,DE0 218,DE0 47,10.70237437224542,13.816737092501095,0.0,0.0,scenario-ext,windy,extendable
5350,341,DE0 219,DE0 447,19.30165432951955,26.155334940291663,0.0,0.0,scenario-ext,windy,extendable
5351,342,DE0 219,DE0 76,10.054864076211567,12.838371464513553,0.0,0.0,scenario-ext,windy,extendable
5352,343,DE0 22,DE0 269,5.631144351980605,17.103672179613007,0.0,0.0,scenario-ext,windy,extendable
5353,344,DE0 22,DE0 30,14.67669710130104,20.954039639572926,0.0,0.0,scenario-ext,windy,extendable
5354,345,DE0 22,DE0 322,52.225344094351165,66.5422920878277,7.0,0.0,scenario-ext,windy,extendable
5355,346,DE0 22,DE0 62,13.916380894474404,28.294222853397322,0.0,0.0,scenario-ext,windy,extendable
5356,347,DE0 220,DE0 270,17.91308714888448,25.86231135239822,0.0,0.0,scenario-ext,windy,extendable
5357,348,DE0 223,DE0 360,18.411653354752342,27.31586871446185,0.0,0.0,scenario-ext,windy,extendable
5358,349,DE0 223,DE0 377,10.41275250184152,15.035887238278658,0.0,0.0,scenario-ext,windy,extendable
5359,35,DE0 109,DE0 239,18.894236029540338,51.41945990323167,0.0,0.0,scenario-ext,windy,extendable
5360,350,DE0 224,DE0 33,13.966766885954826,16.661467988488834,0.0,0.0,scenario-ext,windy,extendable
5361,351,DE0 225,DE0 242,6.216652305544054,12.136335789159414,0.0,0.0,scenario-ext,windy,extendable
5362,352,DE0 225,DE0 429,2.8150673255589536,5.520182069553531,0.0,0.0,scenario-ext,windy,extendable
5363,353,DE0 225,DE0 432,1.5549097562466383,4.211874329170342,0.0,0.0,scenario-ext,windy,extendable
5364,354,DE0 226,DE0 48,29.21757360217418,39.58952952223125,0.0,0.0,scenario-ext,windy,extendable
5365,355,DE0 226,DE0 49,2.8047406040690266,6.406910099707844,0.0,0.0,scenario-ext,windy,extendable
5366,356,DE0 227,DE0 51,24.945171051531815,35.19067601922398,0.0,0.0,scenario-ext,windy,extendable
5367,357,DE0 227,DE0 59,3.307372599723408,4.395621350226329,0.0,0.0,scenario-ext,windy,extendable
5368,358,DE0 228,DE0 261,9.924709485176926,17.22710326135757,0.0,0.0,scenario-ext,windy,extendable
5369,359,DE0 229,DE0 324,37.67931824205599,42.22802092875343,0.0,0.0,scenario-ext,windy,extendable
5370,36,DE0 109,DE0 247,12.619467484175386,33.67519975156249,0.0,0.0,scenario-ext,windy,extendable
5371,360,DE0 23,DE0 244,13.754142929647593,26.410945251947066,0.0,0.0,scenario-ext,windy,extendable
5372,361,DE0 230,DE0 78,37.49706018025829,42.49427636189678,0.0,0.0,scenario-ext,windy,extendable
5373,362,DE0 231,DE0 359,25.836977500873193,39.41497253526261,0.0,0.0,scenario-ext,windy,extendable
5374,363,DE0 232,DE0 407,10.484027041917614,69.91729255228258,3.0,0.0,scenario-ext,windy,extendable
5375,364,DE0 233,DE0 437,0.3604718005629159,0.8839637397920714,0.0,0.0,scenario-ext,windy,extendable
5376,365,DE0 234,DE0 398,38.32053690714347,69.92820009145444,3.0,0.0,scenario-ext,windy,extendable
5377,366,DE0 235,DE0 329,60.1016348236845,69.87344082552379,11.0,0.0,scenario-ext,windy,extendable
5378,367,DE0 235,DE0 353,31.23463027218308,36.018073890832454,0.0,0.0,scenario-ext,windy,extendable
5379,368,DE0 235,DE0 413,13.620352746510136,25.77837956993621,0.0,0.0,scenario-ext,windy,extendable
5380,369,DE0 236,DE0 401,44.87798094418061,47.02814495440397,0.0,0.0,scenario-ext,windy,extendable
5381,37,DE0 11,DE0 114,8.484495790038883,13.436746463583724,0.0,0.0,scenario-ext,windy,extendable
5382,370,DE0 237,DE0 258,2.299585022682342,5.409141611713133,0.0,0.0,scenario-ext,windy,extendable
5383,371,DE0 237,DE0 275,9.651675149597898,13.495802944177193,0.0,0.0,scenario-ext,windy,extendable
5384,372,DE0 237,DE0 46,2.2203956315845836,7.4692918130447055,0.0,0.0,scenario-ext,windy,extendable
5385,373,DE0 238,DE0 250,9.571351941913193,21.772336411672256,0.0,0.0,scenario-ext,windy,extendable
5386,374,DE0 238,DE0 268,43.80650227518334,64.3689836508892,5.0,0.0,scenario-ext,windy,extendable
5387,375,DE0 238,DE0 53,53.08937511833584,69.45472460597497,7.0,0.0,scenario-ext,windy,extendable
5388,376,DE0 239,DE0 440,18.49246006759646,44.76682210107746,0.0,0.0,scenario-ext,windy,extendable
5389,377,DE0 24,DE0 266,38.18811068118508,54.25601447045163,0.0,0.0,scenario-ext,windy,extendable
5390,378,DE0 24,DE0 447,32.48888325853363,48.15631366542451,0.0,0.0,scenario-ext,windy,extendable
5391,379,DE0 240,DE0 356,14.745097184998249,39.17950144826152,0.0,0.0,scenario-ext,windy,extendable
5392,38,DE0 11,DE0 152,8.78874171529822,14.518089796184544,0.0,0.0,scenario-ext,windy,extendable
5393,380,DE0 240,DE0 63,9.257010891830655,15.090147970363182,0.0,0.0,scenario-ext,windy,extendable
5394,381,DE0 241,DE0 332,7.163885625808869,13.417326550796702,0.0,0.0,scenario-ext,windy,extendable
5395,382,DE0 241,DE0 341,5.266344988909682,10.164666945260059,0.0,0.0,scenario-ext,windy,extendable
5396,383,DE0 242,DE0 250,19.26622219045435,25.5541977518405,0.0,0.0,scenario-ext,windy,extendable
5397,384,DE0 243,DE0 46,29.938762010855264,38.796168376374304,0.0,0.0,scenario-ext,windy,extendable
5398,385,DE0 243,DE0 96,38.60049972993156,44.940265630065966,0.0,0.0,scenario-ext,windy,extendable
5399,386,DE0 245,DE0 439,39.12054992702572,69.05236536825704,5.0,0.0,scenario-ext,windy,extendable
5400,387,DE0 246,DE0 433,21.583653299239653,25.04263478424344,0.0,0.0,scenario-ext,windy,extendable
5401,388,DE0 246,DE0 6,46.050407056468174,54.04668572175485,0.0,0.0,scenario-ext,windy,extendable
5402,389,DE0 247,DE0 400,12.294991199025239,34.20382524310904,0.0,0.0,scenario-ext,windy,extendable
5403,39,DE0 11,DE0 351,11.950631490151114,19.1885705423209,0.0,0.0,scenario-ext,windy,extendable
5404,390,DE0 248,DE0 386,28.273547787014756,39.88570782023525,0.0,0.0,scenario-ext,windy,extendable
5405,391,DE0 248,DE0 90,9.352087433541378,19.22937413843363,0.0,0.0,scenario-ext,windy,extendable
5406,392,DE0 249,DE0 9,14.422742230581845,25.30921337363292,0.0,0.0,scenario-ext,windy,extendable
5407,393,DE0 25,DE0 255,19.959477672063784,28.217116192002923,0.0,0.0,scenario-ext,windy,extendable
5408,394,DE0 25,DE0 267,43.24606256604457,47.675123199601224,0.0,0.0,scenario-ext,windy,extendable
5409,395,DE0 25,DE0 324,23.625544081722534,32.220193219132845,0.0,0.0,scenario-ext,windy,extendable
5410,396,DE0 25,DE0 403,15.495600499968123,24.87711666534255,0.0,0.0,scenario-ext,windy,extendable
5411,397,DE0 25,DE0 64,22.673444098223243,31.68510708138538,0.0,0.0,scenario-ext,windy,extendable
5412,398,DE0 250,DE0 317,68.50150849112465,69.81631089709133,24.0,0.0,scenario-ext,windy,extendable
5413,399,DE0 250,DE0 370,39.16644810907378,49.15091564775994,0.0,0.0,scenario-ext,windy,extendable
5414,4,DE0 1,DE0 296,55.61856414229068,67.70031864692325,8.0,0.0,scenario-ext,windy,extendable
5415,40,DE0 110,DE0 253,42.59864846445215,55.62813172162407,0.0,0.0,scenario-ext,windy,extendable
5416,400,DE0 250,DE0 78,39.356581444545434,49.466536999464836,0.0,0.0,scenario-ext,windy,extendable
5417,401,DE0 251,DE0 306,5.52214518451127,8.519198350172452,0.0,0.0,scenario-ext,windy,extendable
5418,402,DE0 251,DE0 396,24.972152950390456,29.76443879258118,0.0,0.0,scenario-ext,windy,extendable
5419,403,DE0 251,DE0 416,8.348480479437951,10.951552910629754,0.0,0.0,scenario-ext,windy,extendable
5420,404,DE0 251,DE0 68,33.85978141789778,43.19187942058079,0.0,0.0,scenario-ext,windy,extendable
5421,405,DE0 251,DE0 92,42.85069878160401,52.33876473161785,0.0,0.0,scenario-ext,windy,extendable
5422,406,DE0 252,DE0 285,13.292208392144145,16.50400655138894,0.0,0.0,scenario-ext,windy,extendable
5423,407,DE0 252,DE0 383,4.93138657033831,9.785164456674874,0.0,0.0,scenario-ext,windy,extendable
5424,408,DE0 252,DE0 448,23.507483254839432,26.87177052956235,0.0,0.0,scenario-ext,windy,extendable
5425,409,DE0 253,DE0 415,7.467728252104515,11.261632570804423,0.0,0.0,scenario-ext,windy,extendable
5426,41,DE0 110,DE0 69,13.861750956755206,18.24591896582472,0.0,0.0,scenario-ext,windy,extendable
5427,410,DE0 254,DE0 443,6.814664258188298,27.289459733405653,0.0,0.0,scenario-ext,windy,extendable
5428,411,DE0 255,DE0 84,25.82894522174784,35.85206703863994,0.0,0.0,scenario-ext,windy,extendable
5429,412,DE0 256,DE0 290,31.711798270235974,40.6149664373551,0.0,0.0,scenario-ext,windy,extendable
5430,413,DE0 256,DE0 365,24.453234407880544,31.51753753175234,0.0,0.0,scenario-ext,windy,extendable
5431,414,DE0 257,DE0 312,24.61989081390085,44.83893556756253,0.0,0.0,scenario-ext,windy,extendable
5432,415,DE0 257,DE0 372,28.730798264182393,52.82208995546009,0.0,0.0,scenario-ext,windy,extendable
5433,416,DE0 257,DE0 435,14.343799964591575,26.21037997797456,0.0,0.0,scenario-ext,windy,extendable
5434,417,DE0 258,DE0 345,48.07595079296662,59.528952179131565,0.0,0.0,scenario-ext,windy,extendable
5435,418,DE0 259,DE0 75,8.937752964309837,11.338535766601025,0.0,0.0,scenario-ext,windy,extendable
5436,419,DE0 260,DE0 290,8.015011382346222,8.61013030886718,0.0,0.0,scenario-ext,windy,extendable
5437,42,DE0 111,DE0 305,6.150059454558513,27.129386764578268,0.0,0.0,scenario-ext,windy,extendable
5438,420,DE0 260,DE0 408,32.93377495092952,43.160409420688254,0.0,0.0,scenario-ext,windy,extendable
5439,421,DE0 260,DE0 441,44.778289902774816,55.284730033261084,0.0,0.0,scenario-ext,windy,extendable
5440,422,DE0 261,DE0 92,26.094851455789197,33.01704187499699,0.0,0.0,scenario-ext,windy,extendable
5441,423,DE0 262,DE0 36,26.676723310934356,41.50663006338917,0.0,0.0,scenario-ext,windy,extendable
5442,424,DE0 263,DE0 273,6.011367421371827,10.957978716291612,0.0,0.0,scenario-ext,windy,extendable
5443,425,DE0 264,DE0 305,15.611948056169025,57.11618340407154,0.0,0.0,scenario-ext,windy,extendable
5444,426,DE0 264,DE0 328,6.710484224419772,18.855594531548537,0.0,0.0,scenario-ext,windy,extendable
5445,427,DE0 264,DE0 418,9.52625261337452,27.949120702912662,0.0,0.0,scenario-ext,windy,extendable
5446,428,DE0 265,DE0 4,18.837318985157626,29.88628510595344,0.0,0.0,scenario-ext,windy,extendable
5447,429,DE0 266,DE0 439,38.46008445395954,53.63580718038722,0.0,0.0,scenario-ext,windy,extendable
5448,43,DE0 111,DE0 328,8.866382845219608,36.977039588744155,0.0,0.0,scenario-ext,windy,extendable
5449,430,DE0 267,DE0 311,37.154443930524,49.1061024747672,0.0,0.0,scenario-ext,windy,extendable
5450,431,DE0 268,DE0 330,37.18775794894174,50.071905316717135,0.0,0.0,scenario-ext,windy,extendable
5451,432,DE0 268,DE0 362,12.685905904097607,25.03003004888102,0.0,0.0,scenario-ext,windy,extendable
5452,433,DE0 269,DE0 30,16.037411403976108,21.98144625981882,0.0,0.0,scenario-ext,windy,extendable
5453,434,DE0 27,DE0 304,41.995012300876105,69.80045077976509,3.0,0.0,scenario-ext,windy,extendable
5454,435,DE0 27,DE0 336,20.88566981861951,35.8581253731031,0.0,0.0,scenario-ext,windy,extendable
5455,436,DE0 270,DE0 367,25.414280304890656,28.870006784214326,0.0,0.0,scenario-ext,windy,extendable
5456,437,DE0 270,DE0 79,10.976805911097305,14.580585725764648,0.0,0.0,scenario-ext,windy,extendable
5457,438,DE0 271,DE0 297,29.43964970304928,40.99694439659134,0.0,0.0,scenario-ext,windy,extendable
5458,439,DE0 271,DE0 374,14.235241493146953,30.782723583818676,0.0,0.0,scenario-ext,windy,extendable
5459,44,DE0 112,DE0 214,28.563851819283737,30.692344319612435,0.0,0.0,scenario-ext,windy,extendable
5460,440,DE0 272,DE0 346,5.009004393528841,8.193387148819891,0.0,0.0,scenario-ext,windy,extendable
5461,441,DE0 273,DE0 304,19.996099259673784,34.41800714080617,0.0,0.0,scenario-ext,windy,extendable
5462,442,DE0 273,DE0 47,7.371802697432249,12.85320822315188,0.0,0.0,scenario-ext,windy,extendable
5463,443,DE0 275,DE0 431,15.963685270092059,22.58486095610721,0.0,0.0,scenario-ext,windy,extendable
5464,444,DE0 275,DE0 46,13.848917631273054,20.835356096272204,0.0,0.0,scenario-ext,windy,extendable
5465,445,DE0 276,DE0 318,46.30134249241549,52.30205347290837,0.0,0.0,scenario-ext,windy,extendable
5466,446,DE0 276,DE0 385,47.105425264019715,53.75421753067471,0.0,0.0,scenario-ext,windy,extendable
5467,447,DE0 276,DE0 39,57.47863907927923,66.44062970329728,14.0,0.0,scenario-ext,windy,extendable
5468,448,DE0 276,DE0 390,26.075982555123417,30.860556813799704,0.0,0.0,scenario-ext,windy,extendable
5469,449,DE0 277,DE0 37,21.494151742674063,29.390801129161908,0.0,0.0,scenario-ext,windy,extendable
5470,45,DE0 112,DE0 387,27.581422001860624,29.904919274956505,0.0,0.0,scenario-ext,windy,extendable
5471,450,DE0 278,DE0 349,43.50277223535872,53.03140474233119,0.0,0.0,scenario-ext,windy,extendable
5472,451,DE0 278,DE0 406,4.92243093553128,12.569811753361279,0.0,0.0,scenario-ext,windy,extendable
5473,452,DE0 278,DE0 43,52.23621802268301,63.13115671079464,2.0,0.0,scenario-ext,windy,extendable
5474,453,DE0 279,DE0 286,16.450759229278272,18.2815723986335,0.0,0.0,scenario-ext,windy,extendable
5475,454,DE0 279,DE0 3,30.78134441277091,35.637165005833296,0.0,0.0,scenario-ext,windy,extendable
5476,455,DE0 279,DE0 377,22.823429938828088,26.665177387665327,0.0,0.0,scenario-ext,windy,extendable
5477,456,DE0 28,DE0 317,62.814729891771606,69.69125935409434,18.0,0.0,scenario-ext,windy,extendable
5478,457,DE0 28,DE0 329,62.03292213698075,69.59289380942415,12.0,0.0,scenario-ext,windy,extendable
5479,458,DE0 28,DE0 342,59.333855344938726,68.17801745310202,11.0,0.0,scenario-ext,windy,extendable
5480,459,DE0 280,DE0 423,25.216252924174647,45.829003991961414,0.0,0.0,scenario-ext,windy,extendable
5481,46,DE0 113,DE0 258,22.69186374367885,27.875817025698368,0.0,0.0,scenario-ext,windy,extendable
5482,460,DE0 281,DE0 73,13.558591004584542,19.534721093468523,0.0,0.0,scenario-ext,windy,extendable
5483,461,DE0 282,DE0 407,2.7150740992735702,6.339180397561865,0.0,0.0,scenario-ext,windy,extendable
5484,462,DE0 282,DE0 434,4.989602480506437,12.573934949618026,0.0,0.0,scenario-ext,windy,extendable
5485,463,DE0 284,DE0 45,48.626899824536316,54.789227387921294,0.0,0.0,scenario-ext,windy,extendable
5486,464,DE0 285,DE0 333,42.85343032972044,55.06422269273501,0.0,0.0,scenario-ext,windy,extendable
5487,465,DE0 286,DE0 344,18.58781545280072,27.062078343833555,0.0,0.0,scenario-ext,windy,extendable
5488,466,DE0 286,DE0 377,18.781813044132324,28.267442744883898,0.0,0.0,scenario-ext,windy,extendable
5489,467,DE0 286,DE0 66,32.25824455269836,40.86345484278458,0.0,0.0,scenario-ext,windy,extendable
5490,468,DE0 287,DE0 357,19.58377571582755,27.29018042678136,0.0,0.0,scenario-ext,windy,extendable
5491,469,DE0 287,DE0 431,14.967347383779424,21.712087613859747,0.0,0.0,scenario-ext,windy,extendable
5492,47,DE0 113,DE0 263,24.34864244741807,30.011004350181214,0.0,0.0,scenario-ext,windy,extendable
5493,470,DE0 288,DE0 36,14.451218553106738,34.243137846447596,0.0,0.0,scenario-ext,windy,extendable
5494,471,DE0 288,DE0 422,7.8243579000407415,19.995235382972993,0.0,0.0,scenario-ext,windy,extendable
5495,472,DE0 289,DE0 91,7.815148813876936,15.612213737977477,0.0,0.0,scenario-ext,windy,extendable
5496,473,DE0 29,DE0 386,49.35659296154977,69.94651297776402,7.0,0.0,scenario-ext,windy,extendable
5497,474,DE0 290,DE0 298,25.409211901349178,29.390762239803266,0.0,0.0,scenario-ext,windy,extendable
5498,475,DE0 290,DE0 379,15.289930860192829,23.687158475828625,0.0,0.0,scenario-ext,windy,extendable
5499,476,DE0 291,DE0 406,11.419314443863342,12.405362635883826,0.0,0.0,scenario-ext,windy,extendable
5500,477,DE0 291,DE0 433,3.7856070030140074,4.0554956761887295,0.0,0.0,scenario-ext,windy,extendable
5501,478,DE0 292,DE0 426,15.725789083910321,17.369969416276117,0.0,0.0,scenario-ext,windy,extendable
5502,479,DE0 292,DE0 436,15.18022815528854,16.756147470936902,0.0,0.0,scenario-ext,windy,extendable
5503,48,DE0 114,DE0 52,6.321660842022257,9.975146330104703,0.0,0.0,scenario-ext,windy,extendable
5504,480,DE0 292,DE0 448,23.32228391386805,25.636244425123444,0.0,0.0,scenario-ext,windy,extendable
5505,481,DE0 293,DE0 446,25.9834030634347,35.37482333874624,0.0,0.0,scenario-ext,windy,extendable
5506,482,DE0 294,DE0 365,55.15740027066206,69.60991070712174,8.0,0.0,scenario-ext,windy,extendable
5507,483,DE0 294,DE0 383,40.4733531427182,47.4775199969029,0.0,0.0,scenario-ext,windy,extendable
5508,484,DE0 295,DE0 93,27.131696682634924,30.181595237807084,0.0,0.0,scenario-ext,windy,extendable
5509,485,DE0 298,DE0 343,33.57283070255659,43.75732624498053,0.0,0.0,scenario-ext,windy,extendable
5510,486,DE0 298,DE0 379,19.569473909960646,21.426790246261014,0.0,0.0,scenario-ext,windy,extendable
5511,487,DE0 298,DE0 402,28.620689973093207,34.73520855613278,0.0,0.0,scenario-ext,windy,extendable
5512,488,DE0 299,DE0 302,23.68577140368989,36.70046621445719,0.0,0.0,scenario-ext,windy,extendable
5513,489,DE0 299,DE0 361,53.72841384823963,69.63706838663536,9.0,0.0,scenario-ext,windy,extendable
5514,49,DE0 115,DE0 338,6.5356508360091645,10.356547048548395,0.0,0.0,scenario-ext,windy,extendable
5515,490,DE0 299,DE0 58,12.050772164739499,20.942476500174916,0.0,0.0,scenario-ext,windy,extendable
5516,491,DE0 3,DE0 307,22.45266878302133,24.78134819980063,0.0,0.0,scenario-ext,windy,extendable
5517,492,DE0 3,DE0 316,29.23123429037881,39.02512695298892,0.0,0.0,scenario-ext,windy,extendable
5518,493,DE0 3,DE0 414,54.372508439345815,62.53432757542683,3.0,0.0,scenario-ext,windy,extendable
5519,494,DE0 30,DE0 89,17.363699780040495,23.234856937812417,0.0,0.0,scenario-ext,windy,extendable
5520,495,DE0 301,DE0 360,16.04797479213099,23.98764655185306,0.0,0.0,scenario-ext,windy,extendable
5521,496,DE0 301,DE0 38,6.581443155538995,9.8401610470079,0.0,0.0,scenario-ext,windy,extendable
5522,497,DE0 302,DE0 7,41.507983220391225,68.51801345670324,4.0,0.0,scenario-ext,windy,extendable
5523,498,DE0 303,DE0 336,22.68342572045695,37.93741364482555,0.0,0.0,scenario-ext,windy,extendable
5524,499,DE0 306,DE0 340,10.053119613705169,25.058865757848654,0.0,0.0,scenario-ext,windy,extendable
5525,5,DE0 1,DE0 331,57.369261849818024,69.943411359558,10.0,0.0,scenario-ext,windy,extendable
5526,50,DE0 115,DE0 364,6.549634730255079,9.772064239929716,0.0,0.0,scenario-ext,windy,extendable
5527,500,DE0 306,DE0 352,4.0958507569896305,6.771677723924853,0.0,0.0,scenario-ext,windy,extendable
5528,501,DE0 306,DE0 357,17.81199164564475,23.124702264076205,0.0,0.0,scenario-ext,windy,extendable
5529,502,DE0 306,DE0 364,9.784677506698452,13.501453653256569,0.0,0.0,scenario-ext,windy,extendable
5530,503,DE0 306,DE0 419,5.809881229799895,7.285207141342628,0.0,0.0,scenario-ext,windy,extendable
5531,504,DE0 306,DE0 430,26.81058008021216,33.97234475798341,0.0,0.0,scenario-ext,windy,extendable
5532,505,DE0 308,DE0 38,13.195462696511806,18.499123019117494,0.0,0.0,scenario-ext,windy,extendable
5533,506,DE0 309,DE0 392,10.969307570123183,15.68774872878261,0.0,0.0,scenario-ext,windy,extendable
5534,507,DE0 31,DE0 55,23.91094413751307,40.18061829547049,0.0,0.0,scenario-ext,windy,extendable
5535,508,DE0 31,DE0 94,30.619897972915805,38.75678675358418,0.0,0.0,scenario-ext,windy,extendable
5536,509,DE0 310,DE0 421,9.337803310968855,16.6441682913423,0.0,0.0,scenario-ext,windy,extendable
5537,51,DE0 115,DE0 375,6.039053852036788,8.064300600956493,0.0,0.0,scenario-ext,windy,extendable
5538,510,DE0 311,DE0 66,51.635437437972676,69.92414132966695,8.0,0.0,scenario-ext,windy,extendable
5539,511,DE0 312,DE0 372,14.64835724189519,26.36925193646113,0.0,0.0,scenario-ext,windy,extendable
5540,512,DE0 314,DE0 327,22.54761309643981,35.482292569608184,0.0,0.0,scenario-ext,windy,extendable
5541,513,DE0 315,DE0 70,6.728759048605652,15.433951294170361,0.0,0.0,scenario-ext,windy,extendable
5542,514,DE0 315,DE0 79,15.564431355982055,29.57492969876934,0.0,0.0,scenario-ext,windy,extendable
5543,515,DE0 316,DE0 414,7.236936916073862,12.536365436947165,0.0,0.0,scenario-ext,windy,extendable
5544,516,DE0 317,DE0 342,61.45812838401119,67.47473321805747,17.0,0.0,scenario-ext,windy,extendable
5545,517,DE0 319,DE0 396,41.51948900848052,49.70476069634257,0.0,0.0,scenario-ext,windy,extendable
5546,518,DE0 32,DE0 60,21.6000559542737,27.201499103934857,0.0,0.0,scenario-ext,windy,extendable
5547,519,DE0 320,DE0 338,26.434692989288827,31.85365572156732,0.0,0.0,scenario-ext,windy,extendable
5548,52,DE0 115,DE0 391,12.001703890372113,18.31511594421599,0.0,0.0,scenario-ext,windy,extendable
5549,520,DE0 320,DE0 375,12.722418357838942,16.701572113099814,0.0,0.0,scenario-ext,windy,extendable
5550,521,DE0 321,DE0 60,17.573832059942575,35.1573891873884,0.0,0.0,scenario-ext,windy,extendable
5551,522,DE0 323,DE0 401,64.34373644262429,67.46680061032471,19.0,0.0,scenario-ext,windy,extendable
5552,523,DE0 323,DE0 66,67.4811766139714,69.49113552083858,21.0,0.0,scenario-ext,windy,extendable
5553,524,DE0 324,DE0 403,29.72088879404519,36.99613356672767,0.0,0.0,scenario-ext,windy,extendable
5554,525,DE0 324,DE0 66,62.97324635834746,69.79034940493773,19.0,0.0,scenario-ext,windy,extendable
5555,526,DE0 324,DE0 96,42.07948163354789,47.43740958102998,0.0,0.0,scenario-ext,windy,extendable
5556,527,DE0 325,DE0 379,33.22325546574802,39.40563749687858,0.0,0.0,scenario-ext,windy,extendable
5557,528,DE0 325,DE0 405,58.76361933743585,69.60556864123059,9.0,0.0,scenario-ext,windy,extendable
5558,529,DE0 326,DE0 436,32.92785642847028,42.766309774830226,0.0,0.0,scenario-ext,windy,extendable
5559,53,DE0 116,DE0 197,36.308028372116,69.84699705030012,2.0,0.0,scenario-ext,windy,extendable
5560,530,DE0 328,DE0 412,7.348846286546931,31.215753963783506,0.0,0.0,scenario-ext,windy,extendable
5561,531,DE0 331,DE0 402,57.37307610972541,69.95136372851009,10.0,0.0,scenario-ext,windy,extendable
5562,532,DE0 332,DE0 37,24.48582654711111,38.17135962027925,0.0,0.0,scenario-ext,windy,extendable
5563,533,DE0 333,DE0 39,41.84462374858322,52.73608977820956,0.0,0.0,scenario-ext,windy,extendable
5564,534,DE0 334,DE0 399,5.5738865289550965,8.691385489009381,0.0,0.0,scenario-ext,windy,extendable
5565,535,DE0 337,DE0 445,13.765654422230941,27.455006675698012,0.0,0.0,scenario-ext,windy,extendable
5566,536,DE0 339,DE0 434,4.743527518402158,12.325853175737263,0.0,0.0,scenario-ext,windy,extendable
5567,537,DE0 339,DE0 54,3.1893203425902197,12.076428708964993,0.0,0.0,scenario-ext,windy,extendable
5568,538,DE0 34,DE0 81,47.584279647111934,66.42792639259615,3.0,0.0,scenario-ext,windy,extendable
5569,539,DE0 340,DE0 61,5.1893717696933495,12.710121280537848,0.0,0.0,scenario-ext,windy,extendable
5570,54,DE0 116,DE0 300,38.073486307030755,63.495188898596396,2.0,0.0,scenario-ext,windy,extendable
5571,540,DE0 343,DE0 404,45.86148750203393,53.85071914736847,0.0,0.0,scenario-ext,windy,extendable
5572,541,DE0 343,DE0 95,57.716362596575046,67.79150117439393,11.0,0.0,scenario-ext,windy,extendable
5573,542,DE0 344,DE0 424,12.808111999549956,18.65567126198534,0.0,0.0,scenario-ext,windy,extendable
5574,543,DE0 344,DE0 438,8.410161935006009,12.710098369595368,0.0,0.0,scenario-ext,windy,extendable
5575,544,DE0 345,DE0 406,2.870730171407874,5.631552081140246,0.0,0.0,scenario-ext,windy,extendable
5576,545,DE0 345,DE0 433,14.969587373542787,18.430727268681203,0.0,0.0,scenario-ext,windy,extendable
5577,546,DE0 345,DE0 93,39.834764810554184,42.98496332535559,0.0,0.0,scenario-ext,windy,extendable
5578,547,DE0 346,DE0 409,2.886790880984515,7.943154147422328,0.0,0.0,scenario-ext,windy,extendable
5579,548,DE0 347,DE0 365,4.77859840965986,7.867494137965829,0.0,0.0,scenario-ext,windy,extendable
5580,549,DE0 347,DE0 394,2.5912179722879194,5.508813057908337,0.0,0.0,scenario-ext,windy,extendable
5581,55,DE0 117,DE0 123,3.946514523744102,12.521261718651317,0.0,0.0,scenario-ext,windy,extendable
5582,550,DE0 347,DE0 95,0.8558633276791213,2.054361201430714,0.0,0.0,scenario-ext,windy,extendable
5583,551,DE0 348,DE0 80,22.590531218950805,39.15226081239412,0.0,0.0,scenario-ext,windy,extendable
5584,552,DE0 349,DE0 43,43.81168240454973,51.66045344903699,0.0,0.0,scenario-ext,windy,extendable
5585,553,DE0 350,DE0 357,11.675578173122837,17.414642529944537,0.0,0.0,scenario-ext,windy,extendable
5586,554,DE0 352,DE0 358,5.178533213289073,7.987055839629617,0.0,0.0,scenario-ext,windy,extendable
5587,555,DE0 353,DE0 74,54.58840343716004,69.68843625915272,13.0,0.0,scenario-ext,windy,extendable
5588,556,DE0 354,DE0 399,7.52322059859753,13.189075564712832,0.0,0.0,scenario-ext,windy,extendable
5589,557,DE0 354,DE0 414,8.424539445017071,14.181808049810908,0.0,0.0,scenario-ext,windy,extendable
5590,558,DE0 355,DE0 85,45.03602811961791,69.77288177752423,4.0,0.0,scenario-ext,windy,extendable
5591,559,DE0 356,DE0 36,28.863782931381387,58.48222001432658,0.0,0.0,scenario-ext,windy,extendable
5592,56,DE0 117,DE0 154,7.6306394006824485,15.090389523970266,0.0,0.0,scenario-ext,windy,extendable
5593,560,DE0 357,DE0 382,10.61045195313463,14.30580535013129,0.0,0.0,scenario-ext,windy,extendable
5594,561,DE0 357,DE0 392,16.599577362641448,24.86779570299091,0.0,0.0,scenario-ext,windy,extendable
5595,562,DE0 357,DE0 431,19.827047652122246,27.86571573556736,0.0,0.0,scenario-ext,windy,extendable
5596,563,DE0 358,DE0 416,7.417452045531192,10.446573375311537,0.0,0.0,scenario-ext,windy,extendable
5597,564,DE0 36,DE0 82,27.640587803605456,41.79125508612861,0.0,0.0,scenario-ext,windy,extendable
5598,565,DE0 361,DE0 43,10.943671796725992,28.005799684406075,0.0,0.0,scenario-ext,windy,extendable
5599,566,DE0 361,DE0 55,21.77310090089895,30.107756296657755,0.0,0.0,scenario-ext,windy,extendable
5600,567,DE0 362,DE0 439,8.341593088296744,21.148772640160658,0.0,0.0,scenario-ext,windy,extendable
5601,568,DE0 363,DE0 383,13.202665560170276,17.590626480533857,0.0,0.0,scenario-ext,windy,extendable
5602,569,DE0 363,DE0 448,10.38166668167314,11.979890235185971,0.0,0.0,scenario-ext,windy,extendable
5603,57,DE0 117,DE0 313,18.05690196243326,40.534249560698875,0.0,0.0,scenario-ext,windy,extendable
5604,570,DE0 364,DE0 369,4.996471168098199,8.208680003527343,0.0,0.0,scenario-ext,windy,extendable
5605,571,DE0 364,DE0 409,8.689701215967897,12.706117353873783,0.0,0.0,scenario-ext,windy,extendable
5606,572,DE0 365,DE0 383,30.34826067328522,39.891823123928845,0.0,0.0,scenario-ext,windy,extendable
5607,573,DE0 365,DE0 394,7.594548231239277,11.099014038215623,0.0,0.0,scenario-ext,windy,extendable
5608,574,DE0 366,DE0 49,7.067052963798082,16.943888667268748,0.0,0.0,scenario-ext,windy,extendable
5609,575,DE0 368,DE0 401,11.625765356066168,21.886087072962088,0.0,0.0,scenario-ext,windy,extendable
5610,576,DE0 369,DE0 419,8.694314778828026,10.77617092863604,0.0,0.0,scenario-ext,windy,extendable
5611,577,DE0 370,DE0 78,40.203794484841666,51.73666748426362,0.0,0.0,scenario-ext,windy,extendable
5612,578,DE0 371,DE0 417,17.884496804358808,20.027738367433845,0.0,0.0,scenario-ext,windy,extendable
5613,579,DE0 371,DE0 420,17.91533547863895,20.103117952188757,0.0,0.0,scenario-ext,windy,extendable
5614,58,DE0 117,DE0 72,29.324661960814762,46.78625646196634,0.0,0.0,scenario-ext,windy,extendable
5615,580,DE0 374,DE0 376,4.680995625590675,12.420165856702276,0.0,0.0,scenario-ext,windy,extendable
5616,581,DE0 374,DE0 444,15.345163491511848,24.27141917754469,0.0,0.0,scenario-ext,windy,extendable
5617,582,DE0 376,DE0 444,53.3064157233955,69.96172988916153,14.0,0.0,scenario-ext,windy,extendable
5618,583,DE0 377,DE0 425,25.05301640468327,30.651953090217148,0.0,0.0,scenario-ext,windy,extendable
5619,584,DE0 378,DE0 43,6.607700089511424,22.510417695684502,0.0,0.0,scenario-ext,windy,extendable
5620,585,DE0 378,DE0 87,3.1095122878172945,8.883497442157221,0.0,0.0,scenario-ext,windy,extendable
5621,586,DE0 38,DE0 410,15.129400480705232,28.282625667973733,0.0,0.0,scenario-ext,windy,extendable
5622,587,DE0 381,DE0 412,9.611713624567725,31.322162562108524,0.0,0.0,scenario-ext,windy,extendable
5623,588,DE0 383,DE0 95,31.556625722217685,38.259941501444196,0.0,0.0,scenario-ext,windy,extendable
5624,589,DE0 385,DE0 390,46.71641765004713,52.98046049132764,0.0,0.0,scenario-ext,windy,extendable
5625,59,DE0 117,DE0 97,11.359988940469908,22.290031989561747,0.0,0.0,scenario-ext,windy,extendable
5626,590,DE0 388,DE0 418,8.934090476273605,32.783695565402205,0.0,0.0,scenario-ext,windy,extendable
5627,591,DE0 388,DE0 440,9.090602020363969,20.104538003412646,0.0,0.0,scenario-ext,windy,extendable
5628,592,DE0 39,DE0 442,35.81482757189129,40.096349165893855,0.0,0.0,scenario-ext,windy,extendable
5629,593,DE0 392,DE0 61,15.544380126684821,25.67097007538599,0.0,0.0,scenario-ext,windy,extendable
5630,594,DE0 393,DE0 446,26.115400796689215,35.48394171351527,0.0,0.0,scenario-ext,windy,extendable
5631,595,DE0 395,DE0 443,3.4639879936970854,13.775328294459477,0.0,0.0,scenario-ext,windy,extendable
5632,596,DE0 395,DE0 73,2.9573050654299413,10.823584592099438,0.0,0.0,scenario-ext,windy,extendable
5633,597,DE0 396,DE0 409,15.116934778737459,19.78663659480283,0.0,0.0,scenario-ext,windy,extendable
5634,598,DE0 398,DE0 435,24.480697325192892,44.45860572242845,0.0,0.0,scenario-ext,windy,extendable
5635,599,DE0 399,DE0 401,54.472101831768526,69.7732821754596,7.0,0.0,scenario-ext,windy,extendable
5636,6,DE0 1,DE0 402,57.285986279933034,69.84325169877131,10.0,0.0,scenario-ext,windy,extendable
5637,60,DE0 118,DE0 233,0.3172632669498503,0.7489566299793385,0.0,0.0,scenario-ext,windy,extendable
5638,600,DE0 399,DE0 66,55.749515239189996,67.43479124554273,11.0,0.0,scenario-ext,windy,extendable
5639,601,DE0 40,DE0 72,23.74352631913399,32.39121415796896,0.0,0.0,scenario-ext,windy,extendable
5640,602,DE0 400,DE0 449,14.795750515344455,36.23324370740526,0.0,0.0,scenario-ext,windy,extendable
5641,603,DE0 400,DE0 91,4.257355321906154,10.25949837403877,0.0,0.0,scenario-ext,windy,extendable
5642,604,DE0 402,DE0 441,46.47103084390338,57.289415734966084,0.0,0.0,scenario-ext,windy,extendable
5643,605,DE0 404,DE0 95,43.63962873198301,51.28423869761766,0.0,0.0,scenario-ext,windy,extendable
5644,606,DE0 407,DE0 54,2.484591655268871,10.976366655720328,0.0,0.0,scenario-ext,windy,extendable
5645,607,DE0 407,DE0 54,2.48113668445466,10.961173072421655,0.0,0.0,scenario-ext,windy,extendable
5646,608,DE0 408,DE0 95,36.22892435565456,42.49123906831975,0.0,0.0,scenario-ext,windy,extendable
5647,609,DE0 41,DE0 412,6.80665343225621,14.509481235841577,0.0,0.0,scenario-ext,windy,extendable
5648,61,DE0 118,DE0 437,0.288745128000978,0.6303901341620624,0.0,0.0,scenario-ext,windy,extendable
5649,610,DE0 41,DE0 440,2.3450002663915637,4.384369260549935,0.0,0.0,scenario-ext,windy,extendable
5650,611,DE0 410,DE0 424,12.524484703345355,18.26859730192264,0.0,0.0,scenario-ext,windy,extendable
5651,612,DE0 411,DE0 42,23.94899080851541,28.626781579122756,0.0,0.0,scenario-ext,windy,extendable
5652,613,DE0 411,DE0 60,55.646499734007314,68.49632753804846,11.0,0.0,scenario-ext,windy,extendable
5653,614,DE0 42,DE0 7,20.67550747242378,28.610836133991146,0.0,0.0,scenario-ext,windy,extendable
5654,615,DE0 42,DE0 99,54.75175030615631,69.50246295334911,9.0,0.0,scenario-ext,windy,extendable
5655,616,DE0 420,DE0 442,17.801003406691432,19.97212033963307,0.0,0.0,scenario-ext,windy,extendable
5656,617,DE0 423,DE0 85,30.785621135042334,51.55044103245162,0.0,0.0,scenario-ext,windy,extendable
5657,618,DE0 425,DE0 77,11.5809316967323,14.218169863131486,0.0,0.0,scenario-ext,windy,extendable
5658,619,DE0 426,DE0 436,1.0698404816195892,1.171240737106283,0.0,0.0,scenario-ext,windy,extendable
5659,62,DE0 118,DE0 67,10.294336834953233,26.141956658410344,0.0,0.0,scenario-ext,windy,extendable
5660,620,DE0 427,DE0 57,26.175392980870367,43.14902713435376,0.0,0.0,scenario-ext,windy,extendable
5661,621,DE0 43,DE0 58,48.82919095945297,56.511562175021965,0.0,0.0,scenario-ext,windy,extendable
5662,622,DE0 432,DE0 53,19.9930193514633,30.56567900061104,0.0,0.0,scenario-ext,windy,extendable
5663,623,DE0 435,DE0 80,20.432019373786684,36.32959344056068,0.0,0.0,scenario-ext,windy,extendable
5664,624,DE0 438,DE0 77,15.269533923340928,23.83592615974843,0.0,0.0,scenario-ext,windy,extendable
5665,625,DE0 439,DE0 9,7.432658196529274,11.244651428435517,0.0,0.0,scenario-ext,windy,extendable
5666,626,DE0 44,DE0 56,12.402707953799775,24.478503368280016,0.0,0.0,scenario-ext,windy,extendable
5667,627,DE0 447,DE0 76,10.842937145912778,13.512224716397695,0.0,0.0,scenario-ext,windy,extendable
5668,628,DE0 5,DE0 91,4.515016430422195,10.412272936029277,0.0,0.0,scenario-ext,windy,extendable
5669,629,DE0 51,DE0 59,20.932696632941948,29.476668369375332,0.0,0.0,scenario-ext,windy,extendable
5670,63,DE0 119,DE0 293,31.644204854663112,43.54331522955873,0.0,0.0,scenario-ext,windy,extendable
5671,630,DE0 51,DE0 67,15.465230814725137,38.46489477859264,0.0,0.0,scenario-ext,windy,extendable
5672,631,DE0 54,DE0 74,16.120484969354052,26.8607551320249,0.0,0.0,scenario-ext,windy,extendable
5673,632,DE0 55,DE0 98,31.02728148836394,43.521437132826065,0.0,0.0,scenario-ext,windy,extendable
5674,633,DE0 56,DE0 7,65.11119987142703,69.55383087367017,18.0,0.0,scenario-ext,windy,extendable
5675,634,DE0 56,DE0 71,34.679775194941946,48.566237019202,0.0,0.0,scenario-ext,windy,extendable
5676,635,DE0 56,DE0 72,65.64654093067962,68.12455007189293,21.0,0.0,scenario-ext,windy,extendable
5677,636,DE0 60,DE0 75,39.78884094897235,49.005794158733046,0.0,0.0,scenario-ext,windy,extendable
5678,637,DE0 64,DE0 84,21.284538462505243,30.233715164559342,0.0,0.0,scenario-ext,windy,extendable
5679,638,DE0 67,DE0 8,11.699668050948363,31.01061545014489,0.0,0.0,scenario-ext,windy,extendable
5680,639,DE0 7,DE0 99,41.71740262829449,59.875706171355304,0.0,0.0,scenario-ext,windy,extendable
5681,64,DE0 119,DE0 330,37.626079147551565,49.52327926125026,0.0,0.0,scenario-ext,windy,extendable
5682,640,DE0 72,DE0 97,52.2428383272516,68.74714405366153,14.0,0.0,scenario-ext,windy,extendable
5683,641,DE0 98,DE0 99,29.850782260867526,40.34899752912595,0.0,0.0,scenario-ext,windy,extendable
5684,65,DE0 12,DE0 187,17.511009823394552,23.797237649158827,0.0,0.0,scenario-ext,windy,extendable
5685,66,DE0 12,DE0 321,58.38457460252445,69.8201342302558,10.0,0.0,scenario-ext,windy,extendable
5686,67,DE0 12,DE0 71,2.876915987798237,6.7487307493684225,0.0,0.0,scenario-ext,windy,extendable
5687,68,DE0 12,DE0 75,37.40424262236011,47.482578132184436,0.0,0.0,scenario-ext,windy,extendable
5688,69,DE0 120,DE0 2,15.951812828231448,29.29756372290076,0.0,0.0,scenario-ext,windy,extendable
5689,7,DE0 10,DE0 275,15.717810728832182,22.61756503889993,0.0,0.0,scenario-ext,windy,extendable
5690,70,DE0 120,DE0 288,8.365523877059678,22.15225216190725,0.0,0.0,scenario-ext,windy,extendable
5691,71,DE0 120,DE0 327,8.417180023318748,20.01812616455358,0.0,0.0,scenario-ext,windy,extendable
5692,72,DE0 120,DE0 422,23.002959996852944,51.273987581546585,0.0,0.0,scenario-ext,windy,extendable
5693,73,DE0 121,DE0 220,13.77216701317488,22.05000143675112,0.0,0.0,scenario-ext,windy,extendable
5694,74,DE0 121,DE0 447,42.46386151300143,61.64869090809998,4.0,0.0,scenario-ext,windy,extendable
5695,75,DE0 122,DE0 32,18.34530673002628,23.01575937036639,0.0,0.0,scenario-ext,windy,extendable
5696,76,DE0 122,DE0 60,25.59512544644182,32.346528627070896,0.0,0.0,scenario-ext,windy,extendable
5697,77,DE0 123,DE0 154,5.5562296153846535,14.21467975130093,0.0,0.0,scenario-ext,windy,extendable
5698,78,DE0 123,DE0 205,5.780055907759435,14.34223841483484,0.0,0.0,scenario-ext,windy,extendable
5699,79,DE0 123,DE0 313,6.8882952361719045,14.716005829459863,0.0,0.0,scenario-ext,windy,extendable
5700,8,DE0 10,DE0 357,20.194336064868406,27.82629113294583,0.0,0.0,scenario-ext,windy,extendable
5701,80,DE0 123,DE0 4,17.39337228432184,24.596557964670826,0.0,0.0,scenario-ext,windy,extendable
5702,81,DE0 123,DE0 75,37.22734783925947,45.74935619426696,0.0,0.0,scenario-ext,windy,extendable
5703,82,DE0 124,DE0 207,22.662774434517065,39.85251322415241,0.0,0.0,scenario-ext,windy,extendable
5704,83,DE0 124,DE0 447,5.071657963079981,12.037737346141823,0.0,0.0,scenario-ext,windy,extendable
5705,84,DE0 125,DE0 154,11.537340696943259,21.55163058002,0.0,0.0,scenario-ext,windy,extendable
5706,85,DE0 125,DE0 2,47.41538418932165,66.97575313567505,4.0,0.0,scenario-ext,windy,extendable
5707,86,DE0 125,DE0 314,29.130894372292953,44.13610902896137,0.0,0.0,scenario-ext,windy,extendable
5708,87,DE0 125,DE0 34,37.365138489069636,52.56347694176638,0.0,0.0,scenario-ext,windy,extendable
5709,88,DE0 125,DE0 389,14.51142316789505,34.01432028965041,0.0,0.0,scenario-ext,windy,extendable
5710,89,DE0 125,DE0 40,25.821442939298628,35.14980961132795,0.0,0.0,scenario-ext,windy,extendable
5711,9,DE0 100,DE0 205,34.85926762382537,47.63384346728184,0.0,0.0,scenario-ext,windy,extendable
5712,90,DE0 126,DE0 196,9.893513750012017,17.02431779154293,0.0,0.0,scenario-ext,windy,extendable
5713,91,DE0 126,DE0 428,8.5866614777449,17.256292563703752,0.0,0.0,scenario-ext,windy,extendable
5714,92,DE0 127,DE0 167,14.380324735298325,22.962145342567418,0.0,0.0,scenario-ext,windy,extendable
5715,93,DE0 127,DE0 221,9.566882177411012,19.089952792642542,0.0,0.0,scenario-ext,windy,extendable
5716,94,DE0 127,DE0 264,10.073114929151279,31.158011700779447,0.0,0.0,scenario-ext,windy,extendable
5717,95,DE0 127,DE0 381,11.616849102300728,43.387588882841996,0.0,0.0,scenario-ext,windy,extendable
5718,96,DE0 127,DE0 5,13.648212025075782,41.62520397605025,0.0,0.0,scenario-ext,windy,extendable
5719,97,DE0 128,DE0 155,43.91020014619751,56.97963002437372,0.0,0.0,scenario-ext,windy,extendable
5720,98,DE0 128,DE0 444,26.667209325477188,34.58725631830807,0.0,0.0,scenario-ext,windy,extendable
5721,99,DE0 128,DE0 88,14.522560718931906,27.55103712285117,0.0,0.0,scenario-ext,windy,extendable
5722,0,DE0 0,DE0 243,1.952590604933976,7.613532448920305,0.0,0.0,scenario1,notwindy,fixed
5723,1,DE0 0,DE0 329,10.97229374196264,17.046876870628953,0.0,0.0,scenario1,notwindy,fixed
5724,10,DE0 1,DE0 150,9.846068298791673,17.49955091213517,0.0,0.0,scenario1,notwindy,fixed
5725,100,DE0 130,DE0 153,12.522938881498593,34.921855401632314,0.0,0.0,scenario1,notwindy,fixed
5726,101,DE0 130,DE0 347,7.582529692874261,15.084129027793722,0.0,0.0,scenario1,notwindy,fixed
5727,102,DE0 130,DE0 402,5.160975185739275,18.193850356994787,0.0,0.0,scenario1,notwindy,fixed
5728,103,DE0 131,DE0 33,9.402704814523037,17.493907619534,0.0,0.0,scenario1,notwindy,fixed
5729,104,DE0 131,DE0 415,5.293318080313312,12.857582014614069,0.0,0.0,scenario1,notwindy,fixed
5730,105,DE0 131,DE0 71,13.80244980840172,47.12896116352551,0.0,0.0,scenario1,notwindy,fixed
5731,106,DE0 131,DE0 96,14.3830592952538,44.77628530817784,0.0,0.0,scenario1,notwindy,fixed
5732,107,DE0 132,DE0 24,7.93546772967384,17.498662379289897,0.0,0.0,scenario1,notwindy,fixed
5733,108,DE0 132,DE0 259,5.985961393406878,16.64200614277777,0.0,0.0,scenario1,notwindy,fixed
5734,109,DE0 132,DE0 42,3.1075330137170765,9.363177456179566,0.0,0.0,scenario1,notwindy,fixed
5735,11,DE0 1,DE0 209,7.910271943119758,17.50272132419409,0.0,0.0,scenario1,notwindy,fixed
5736,110,DE0 133,DE0 312,3.153634091979259,7.710563274573628,0.0,0.0,scenario1,notwindy,fixed
5737,111,DE0 133,DE0 316,5.481547127151564,11.868947440497548,0.0,0.0,scenario1,notwindy,fixed
5738,112,DE0 133,DE0 371,7.715984839683551,17.436221455767505,0.0,0.0,scenario1,notwindy,fixed
5739,113,DE0 133,DE0 412,7.561221263748235,17.341840250657565,0.0,0.0,scenario1,notwindy,fixed
5740,114,DE0 134,DE0 145,6.290900889370703,17.498875541757272,0.0,0.0,scenario1,notwindy,fixed
5741,115,DE0 134,DE0 274,19.30741492998228,32.11984414778188,0.0,0.0,scenario1,notwindy,fixed
5742,116,DE0 134,DE0 423,7.184793175133882,10.352056816254596,0.0,0.0,scenario1,notwindy,fixed
5743,117,DE0 135,DE0 300,17.71739338896071,31.666923448891186,0.0,0.0,scenario1,notwindy,fixed
5744,118,DE0 135,DE0 313,17.06167449262485,30.160509168485163,0.0,0.0,scenario1,notwindy,fixed
5745,119,DE0 136,DE0 317,15.338386918935706,26.74130298783895,0.0,0.0,scenario1,notwindy,fixed
5746,12,DE0 10,DE0 219,18.69182694817243,29.831124735202735,0.0,0.0,scenario1,notwindy,fixed
5747,120,DE0 136,DE0 32,2.5618356828504396,9.032888987460955,0.0,0.0,scenario1,notwindy,fixed
5748,121,DE0 136,DE0 43,4.58309308264627,12.451318675083325,0.0,0.0,scenario1,notwindy,fixed
5749,122,DE0 136,DE0 72,9.074402620306781,16.98879696511224,0.0,0.0,scenario1,notwindy,fixed
5750,123,DE0 137,DE0 22,3.7800626653636926,10.094211342143826,0.0,0.0,scenario1,notwindy,fixed
5751,124,DE0 137,DE0 61,4.3355521675781095,8.215919010863052,0.0,0.0,scenario1,notwindy,fixed
5752,125,DE0 138,DE0 174,7.852562907947645,17.5004715475203,0.0,0.0,scenario1,notwindy,fixed
5753,126,DE0 138,DE0 194,7.434810280304753,17.355962245951257,0.0,0.0,scenario1,notwindy,fixed
5754,127,DE0 138,DE0 420,1.7014179889420031,5.933572344009344,0.0,0.0,scenario1,notwindy,fixed
5755,128,DE0 139,DE0 209,7.900075018249315,17.305082516196993,0.0,0.0,scenario1,notwindy,fixed
5756,129,DE0 139,DE0 281,4.384470509724613,9.200659408955477,0.0,0.0,scenario1,notwindy,fixed
5757,13,DE0 10,DE0 382,3.6225953358663805,8.66230414740695,0.0,0.0,scenario1,notwindy,fixed
5758,130,DE0 14,DE0 38,4.18557275960704,8.752469114702615,0.0,0.0,scenario1,notwindy,fixed
5759,131,DE0 14,DE0 58,3.9248467355666055,11.12337900392626,0.0,0.0,scenario1,notwindy,fixed
5760,132,DE0 140,DE0 219,12.288641959795433,15.565350251363746,0.0,0.0,scenario1,notwindy,fixed
5761,133,DE0 140,DE0 369,10.008994460819705,14.058563106308325,0.0,0.0,scenario1,notwindy,fixed
5762,134,DE0 140,DE0 429,3.359431050495141,7.501286743609334,0.0,0.0,scenario1,notwindy,fixed
5763,135,DE0 141,DE0 265,3.8866540839503103,6.133724436911532,0.0,0.0,scenario1,notwindy,fixed
5764,136,DE0 141,DE0 337,8.644932463486764,10.466353808151851,0.0,0.0,scenario1,notwindy,fixed
5765,137,DE0 141,DE0 363,9.478902381144572,16.001790669422558,0.0,0.0,scenario1,notwindy,fixed
5766,138,DE0 141,DE0 427,10.80127761570081,14.054172850458608,0.0,0.0,scenario1,notwindy,fixed
5767,139,DE0 142,DE0 267,5.242213855319991,12.193162766436561,0.0,0.0,scenario1,notwindy,fixed
5768,14,DE0 10,DE0 49,10.059919043177013,17.438416198178444,0.0,0.0,scenario1,notwindy,fixed
5769,140,DE0 142,DE0 434,4.939798596803191,11.721230920531724,0.0,0.0,scenario1,notwindy,fixed
5770,141,DE0 143,DE0 373,0.4417789864281335,0.8153947786832252,0.0,0.0,scenario1,notwindy,fixed
5771,142,DE0 143,DE0 449,0.5728703797902325,0.9408693841556552,0.0,0.0,scenario1,notwindy,fixed
5772,143,DE0 144,DE0 213,12.170787632074004,17.475479569621495,0.0,0.0,scenario1,notwindy,fixed
5773,144,DE0 144,DE0 382,9.941918870853716,16.084188340831698,0.0,0.0,scenario1,notwindy,fixed
5774,145,DE0 146,DE0 187,7.472311882199616,14.599123979960263,0.0,0.0,scenario1,notwindy,fixed
5775,146,DE0 146,DE0 24,9.213564398293299,19.772668181240114,0.0,0.0,scenario1,notwindy,fixed
5776,147,DE0 146,DE0 262,4.388201518359033,11.563221206828725,0.0,0.0,scenario1,notwindy,fixed
5777,148,DE0 147,DE0 196,5.374527277744948,12.285016978976,0.0,0.0,scenario1,notwindy,fixed
5778,149,DE0 147,DE0 36,6.1197422315215055,14.453705741313428,0.0,0.0,scenario1,notwindy,fixed
5779,15,DE0 100,DE0 245,3.5679177057162383,6.613262300167206,0.0,0.0,scenario1,notwindy,fixed
5780,150,DE0 148,DE0 214,6.252017969637004,15.090855515695903,0.0,0.0,scenario1,notwindy,fixed
5781,151,DE0 148,DE0 45,5.049586045097156,12.302079724328204,0.0,0.0,scenario1,notwindy,fixed
5782,152,DE0 148,DE0 60,5.098825859435015,11.578794421174504,0.0,0.0,scenario1,notwindy,fixed
5783,153,DE0 149,DE0 198,5.491300560768304,11.700801879966175,0.0,0.0,scenario1,notwindy,fixed
5784,154,DE0 15,DE0 250,7.601268604763152,17.06837868060956,0.0,0.0,scenario1,notwindy,fixed
5785,155,DE0 15,DE0 419,8.435620782302681,15.10414497626652,0.0,0.0,scenario1,notwindy,fixed
5786,156,DE0 150,DE0 189,3.80114990914781,10.531391412238243,0.0,0.0,scenario1,notwindy,fixed
5787,157,DE0 150,DE0 408,11.957001416219722,37.81233199061834,0.0,0.0,scenario1,notwindy,fixed
5788,158,DE0 151,DE0 20,4.412527410956485,8.697193158901065,0.0,0.0,scenario1,notwindy,fixed
5789,159,DE0 151,DE0 410,6.429702658439199,15.341546577986986,0.0,0.0,scenario1,notwindy,fixed
5790,16,DE0 100,DE0 303,1.237132251887204,2.977392747097094,0.0,0.0,scenario1,notwindy,fixed
5791,160,DE0 151,DE0 78,6.596590464148096,11.944618503520523,0.0,0.0,scenario1,notwindy,fixed
5792,161,DE0 152,DE0 258,5.098145315982786,11.795194164441797,0.0,0.0,scenario1,notwindy,fixed
5793,162,DE0 152,DE0 356,6.806555332572178,15.399920931687344,0.0,0.0,scenario1,notwindy,fixed
5794,163,DE0 153,DE0 40,12.242934336498616,32.77284164917465,0.0,0.0,scenario1,notwindy,fixed
5795,164,DE0 154,DE0 256,11.714667521833633,16.93632819622538,0.0,0.0,scenario1,notwindy,fixed
5796,165,DE0 154,DE0 72,2.563245992212919,5.78638290644607,0.0,0.0,scenario1,notwindy,fixed
5797,166,DE0 155,DE0 247,9.57758402166206,16.891355424661082,0.0,0.0,scenario1,notwindy,fixed
5798,167,DE0 155,DE0 292,19.52907902164273,34.191631432102234,0.0,0.0,scenario1,notwindy,fixed
5799,168,DE0 156,DE0 22,20.30949934531995,50.68376208334373,0.0,0.0,scenario1,notwindy,fixed
5800,169,DE0 156,DE0 48,22.379173613418928,54.9197796104129,0.0,0.0,scenario1,notwindy,fixed
5801,17,DE0 100,DE0 352,8.455444719737686,12.907504604532669,0.0,0.0,scenario1,notwindy,fixed
5802,170,DE0 157,DE0 251,6.602856196392583,18.38522109402713,0.0,0.0,scenario1,notwindy,fixed
5803,171,DE0 157,DE0 304,6.786430810486976,15.280687143427176,0.0,0.0,scenario1,notwindy,fixed
5804,172,DE0 158,DE0 361,5.59204072188614,17.34501950485549,0.0,0.0,scenario1,notwindy,fixed
5805,173,DE0 158,DE0 389,16.20431815984137,20.10644594980461,0.0,0.0,scenario1,notwindy,fixed
5806,174,DE0 159,DE0 234,4.349411506827689,7.30519181596812,0.0,0.0,scenario1,notwindy,fixed
5807,175,DE0 159,DE0 252,6.604709792451664,12.478006107198514,0.0,0.0,scenario1,notwindy,fixed
5808,176,DE0 159,DE0 279,0.5579751651829441,1.004912791970614,0.0,0.0,scenario1,notwindy,fixed
5809,177,DE0 159,DE0 405,0.6155751871027658,2.6305107687487084,0.0,0.0,scenario1,notwindy,fixed
5810,178,DE0 16,DE0 304,7.131513822465559,17.11494028181477,0.0,0.0,scenario1,notwindy,fixed
5811,179,DE0 16,DE0 311,4.81240463110991,8.50592913354816,0.0,0.0,scenario1,notwindy,fixed
5812,18,DE0 100,DE0 422,4.60613336787453,8.521331352452261,0.0,0.0,scenario1,notwindy,fixed
5813,180,DE0 160,DE0 182,3.2079930544978437,5.07146143656881,0.0,0.0,scenario1,notwindy,fixed
5814,181,DE0 160,DE0 237,4.489712471743453,13.672450436940858,0.0,0.0,scenario1,notwindy,fixed
5815,182,DE0 160,DE0 349,8.376114129832898,12.665771383762712,0.0,0.0,scenario1,notwindy,fixed
5816,183,DE0 160,DE0 37,4.624827999404948,12.846576037651117,0.0,0.0,scenario1,notwindy,fixed
5817,184,DE0 160,DE0 393,2.442797038059966,7.486777014009361,0.0,0.0,scenario1,notwindy,fixed
5818,185,DE0 160,DE0 62,4.745480978894593,7.329951228664308,0.0,0.0,scenario1,notwindy,fixed
5819,186,DE0 161,DE0 186,9.899414599458423,16.055365972749787,0.0,0.0,scenario1,notwindy,fixed
5820,187,DE0 161,DE0 230,15.292667233464782,38.2458079664761,0.0,0.0,scenario1,notwindy,fixed
5821,188,DE0 161,DE0 4,13.46140045319145,29.38488902675643,0.0,0.0,scenario1,notwindy,fixed
5822,189,DE0 161,DE0 68,16.360471405315426,40.2020987739338,0.0,0.0,scenario1,notwindy,fixed
5823,19,DE0 101,DE0 229,4.008241768250956,9.704676169320301,0.0,0.0,scenario1,notwindy,fixed
5824,190,DE0 162,DE0 324,6.781778241184975,14.466302491572492,0.0,0.0,scenario1,notwindy,fixed
5825,191,DE0 163,DE0 205,3.0382195334045385,7.793185860432088,0.0,0.0,scenario1,notwindy,fixed
5826,192,DE0 163,DE0 330,1.0745955397567808,5.8330293497813654,0.0,0.0,scenario1,notwindy,fixed
5827,193,DE0 163,DE0 390,9.186174457699716,15.368098233119406,0.0,0.0,scenario1,notwindy,fixed
5828,194,DE0 164,DE0 180,2.9709123920774463,8.401646288991763,0.0,0.0,scenario1,notwindy,fixed
5829,195,DE0 164,DE0 47,1.975878997249789,6.852374432777242,0.0,0.0,scenario1,notwindy,fixed
5830,196,DE0 164,DE0 78,0.9716495492190539,3.4934668450037045,0.0,0.0,scenario1,notwindy,fixed
5831,197,DE0 165,DE0 249,5.026307235467744,10.228413509541468,0.0,0.0,scenario1,notwindy,fixed
5832,198,DE0 165,DE0 412,9.060441655609237,17.476627502387835,0.0,0.0,scenario1,notwindy,fixed
5833,199,DE0 166,DE0 253,3.8352728212117846,6.794717338678338,0.0,0.0,scenario1,notwindy,fixed
5834,2,DE0 0,DE0 367,6.6217737913127985,16.751411745727353,0.0,0.0,scenario1,notwindy,fixed
5835,20,DE0 101,DE0 232,7.9759664504211365,11.319150217608147,0.0,0.0,scenario1,notwindy,fixed
5836,200,DE0 166,DE0 335,5.804763248736005,17.49977697208521,0.0,0.0,scenario1,notwindy,fixed
5837,201,DE0 167,DE0 174,8.766838175139103,17.53351563084686,0.0,0.0,scenario1,notwindy,fixed
5838,202,DE0 167,DE0 397,13.029286037109214,22.618822505200498,0.0,0.0,scenario1,notwindy,fixed
5839,203,DE0 167,DE0 67,6.56584679197514,17.35906913053315,0.0,0.0,scenario1,notwindy,fixed
5840,204,DE0 168,DE0 221,6.290124344345957,17.49841924423276,0.0,0.0,scenario1,notwindy,fixed
5841,205,DE0 168,DE0 233,4.383138489456234,9.657841749600719,0.0,0.0,scenario1,notwindy,fixed
5842,206,DE0 168,DE0 296,3.004630494517749,7.769820155143719,0.0,0.0,scenario1,notwindy,fixed
5843,207,DE0 169,DE0 200,13.474637634908099,45.96206912413226,0.0,0.0,scenario1,notwindy,fixed
5844,208,DE0 169,DE0 367,8.991369134191013,33.38177289657799,0.0,0.0,scenario1,notwindy,fixed
5845,209,DE0 17,DE0 177,4.795837649824427,16.182145682006464,0.0,0.0,scenario1,notwindy,fixed
5846,21,DE0 102,DE0 115,2.2185132968700834,5.643730293170384,0.0,0.0,scenario1,notwindy,fixed
5847,210,DE0 17,DE0 330,14.409201678105784,22.417859167498708,0.0,0.0,scenario1,notwindy,fixed
5848,211,DE0 170,DE0 231,3.3190174567127286,9.157860495013026,0.0,0.0,scenario1,notwindy,fixed
5849,212,DE0 170,DE0 258,4.56084503669599,9.898079354442148,0.0,0.0,scenario1,notwindy,fixed
5850,213,DE0 170,DE0 34,3.2105645286147046,5.231184200891157,0.0,0.0,scenario1,notwindy,fixed
5851,214,DE0 171,DE0 288,3.926908984054731,6.935807876394707,0.0,0.0,scenario1,notwindy,fixed
5852,215,DE0 171,DE0 306,2.7468382862241874,5.391662802055584,0.0,0.0,scenario1,notwindy,fixed
5853,216,DE0 171,DE0 348,2.5617682742597014,4.699772190422441,0.0,0.0,scenario1,notwindy,fixed
5854,217,DE0 171,DE0 355,8.646138757761264,12.840661276886422,0.0,0.0,scenario1,notwindy,fixed
5855,218,DE0 172,DE0 59,11.230897487792946,18.363910376190255,0.0,0.0,scenario1,notwindy,fixed
5856,219,DE0 172,DE0 80,10.582955685240544,15.636935317422267,0.0,0.0,scenario1,notwindy,fixed
5857,22,DE0 102,DE0 46,4.938853517006914,10.404366102951263,0.0,0.0,scenario1,notwindy,fixed
5858,220,DE0 172,DE0 83,9.974537513232052,17.500102699469984,0.0,0.0,scenario1,notwindy,fixed
5859,221,DE0 173,DE0 222,4.3241182923255375,9.326600434628952,0.0,0.0,scenario1,notwindy,fixed
5860,222,DE0 173,DE0 381,3.9134541214974172,5.6937005097335565,0.0,0.0,scenario1,notwindy,fixed
5861,223,DE0 174,DE0 425,5.542681996637199,12.96355225341514,0.0,0.0,scenario1,notwindy,fixed
5862,224,DE0 175,DE0 199,6.349225267304802,11.103897866210918,0.0,0.0,scenario1,notwindy,fixed
5863,225,DE0 175,DE0 434,4.86983301908897,10.18491849858449,0.0,0.0,scenario1,notwindy,fixed
5864,226,DE0 175,DE0 438,12.523631921220904,17.500319794921566,0.0,0.0,scenario1,notwindy,fixed
5865,227,DE0 176,DE0 22,11.00514590079536,15.468165767614032,0.0,0.0,scenario1,notwindy,fixed
5866,228,DE0 176,DE0 303,10.054543602710124,14.802507797073575,0.0,0.0,scenario1,notwindy,fixed
5867,229,DE0 176,DE0 352,6.686432985151898,14.491154310897475,0.0,0.0,scenario1,notwindy,fixed
5868,23,DE0 102,DE0 96,5.283334382192234,9.888125902748152,0.0,0.0,scenario1,notwindy,fixed
5869,230,DE0 177,DE0 85,3.776091786583239,10.649302123181439,0.0,0.0,scenario1,notwindy,fixed
5870,231,DE0 178,DE0 276,5.804266957559957,11.2025916918022,0.0,0.0,scenario1,notwindy,fixed
5871,232,DE0 178,DE0 395,7.232963360154156,12.71360216176459,0.0,0.0,scenario1,notwindy,fixed
5872,233,DE0 179,DE0 224,4.875663879722844,8.57253707853047,0.0,0.0,scenario1,notwindy,fixed
5873,234,DE0 179,DE0 50,4.650521621305085,7.124395656675429,0.0,0.0,scenario1,notwindy,fixed
5874,235,DE0 18,DE0 282,16.601374371923015,20.865473744657063,0.0,0.0,scenario1,notwindy,fixed
5875,236,DE0 18,DE0 306,2.4048878927675776,6.24305092592649,0.0,0.0,scenario1,notwindy,fixed
5876,237,DE0 18,DE0 418,5.207434023198554,7.802932444621898,0.0,0.0,scenario1,notwindy,fixed
5877,238,DE0 180,DE0 26,6.3269578209662,11.555371646825726,0.0,0.0,scenario1,notwindy,fixed
5878,239,DE0 180,DE0 47,4.641397926166083,9.100979570044203,0.0,0.0,scenario1,notwindy,fixed
5879,24,DE0 103,DE0 148,2.4944218351619427,7.128099984449117,0.0,0.0,scenario1,notwindy,fixed
5880,240,DE0 181,DE0 250,29.282313296139463,69.3442797283703,6.0,0.0,scenario1,notwindy,fixed
5881,241,DE0 181,DE0 269,7.393088061527235,20.778556513333392,0.0,0.0,scenario1,notwindy,fixed
5882,242,DE0 181,DE0 44,10.294660529648155,19.065448539815314,0.0,0.0,scenario1,notwindy,fixed
5883,243,DE0 182,DE0 62,1.0715440620322583,1.9233288985449601,0.0,0.0,scenario1,notwindy,fixed
5884,244,DE0 183,DE0 241,5.827079258053707,11.684015882658807,0.0,0.0,scenario1,notwindy,fixed
5885,245,DE0 183,DE0 327,5.770114238195411,11.147975220301092,0.0,0.0,scenario1,notwindy,fixed
5886,246,DE0 184,DE0 26,11.060015131325713,15.930826955145278,0.0,0.0,scenario1,notwindy,fixed
5887,247,DE0 184,DE0 261,7.634682467050341,19.444393134994634,0.0,0.0,scenario1,notwindy,fixed
5888,248,DE0 184,DE0 329,9.674046878593362,30.878793094965857,0.0,0.0,scenario1,notwindy,fixed
5889,249,DE0 184,DE0 69,15.069404679118744,22.885199307120438,0.0,0.0,scenario1,notwindy,fixed
5890,25,DE0 103,DE0 54,2.2469865679261165,5.612652466106144,0.0,0.0,scenario1,notwindy,fixed
5891,250,DE0 185,DE0 205,2.2752477859258975,7.817856594379147,0.0,0.0,scenario1,notwindy,fixed
5892,251,DE0 185,DE0 441,3.1009586442106882,10.284023294531263,0.0,0.0,scenario1,notwindy,fixed
5893,252,DE0 186,DE0 82,9.310790580762589,14.644540474239395,0.0,0.0,scenario1,notwindy,fixed
5894,253,DE0 187,DE0 436,6.275967021394107,10.008822667008909,0.0,0.0,scenario1,notwindy,fixed
5895,254,DE0 188,DE0 309,18.970880518995852,36.172352448073994,0.0,0.0,scenario1,notwindy,fixed
5896,255,DE0 188,DE0 40,15.437528370586614,28.9564877423406,0.0,0.0,scenario1,notwindy,fixed
5897,256,DE0 188,DE0 410,3.01048957604997,7.074042843024138,0.0,0.0,scenario1,notwindy,fixed
5898,257,DE0 189,DE0 73,4.594806958225018,12.335336700857345,0.0,0.0,scenario1,notwindy,fixed
5899,258,DE0 19,DE0 299,1.2353151440953094,2.0906019483934912,0.0,0.0,scenario1,notwindy,fixed
5900,259,DE0 19,DE0 411,0.9551547549520547,1.5507319696005322,0.0,0.0,scenario1,notwindy,fixed
5901,26,DE0 103,DE0 9,2.732770280204853,9.82948758622299,0.0,0.0,scenario1,notwindy,fixed
5902,260,DE0 190,DE0 330,12.166052498659274,21.111518001165493,0.0,0.0,scenario1,notwindy,fixed
5903,261,DE0 191,DE0 435,15.666653136924749,22.825366715026203,0.0,0.0,scenario1,notwindy,fixed
5904,262,DE0 191,DE0 89,11.11074980214506,15.674163574864753,0.0,0.0,scenario1,notwindy,fixed
5905,263,DE0 192,DE0 319,3.6172940904475586,6.227568520655578,0.0,0.0,scenario1,notwindy,fixed
5906,264,DE0 192,DE0 349,9.45700830150651,20.29384275658432,0.0,0.0,scenario1,notwindy,fixed
5907,265,DE0 192,DE0 403,6.707115292605638,20.054794035562885,0.0,0.0,scenario1,notwindy,fixed
5908,266,DE0 193,DE0 229,3.8375570781822548,8.634719515680986,0.0,0.0,scenario1,notwindy,fixed
5909,267,DE0 193,DE0 3,4.7056556954111715,8.012072837024208,0.0,0.0,scenario1,notwindy,fixed
5910,268,DE0 193,DE0 342,7.113488997723468,14.868902481598326,0.0,0.0,scenario1,notwindy,fixed
5911,269,DE0 193,DE0 356,6.990623984773768,11.896249307730034,0.0,0.0,scenario1,notwindy,fixed
5912,27,DE0 104,DE0 201,0.9406131258103121,2.404485032204958,0.0,0.0,scenario1,notwindy,fixed
5913,270,DE0 194,DE0 76,7.580721819485338,17.377125354394778,0.0,0.0,scenario1,notwindy,fixed
5914,271,DE0 195,DE0 264,12.002327011578895,17.15420481792211,0.0,0.0,scenario1,notwindy,fixed
5915,272,DE0 195,DE0 301,7.749590424135828,15.313586540282456,0.0,0.0,scenario1,notwindy,fixed
5916,273,DE0 196,DE0 377,5.058811766286394,12.591646612902037,0.0,0.0,scenario1,notwindy,fixed
5917,274,DE0 197,DE0 356,4.901257574280021,9.720702482409129,0.0,0.0,scenario1,notwindy,fixed
5918,275,DE0 197,DE0 371,3.106623792169219,7.741068100332357,0.0,0.0,scenario1,notwindy,fixed
5919,276,DE0 198,DE0 239,6.473877526938511,11.76788958010274,0.0,0.0,scenario1,notwindy,fixed
5920,277,DE0 198,DE0 248,3.798827584988774,9.721462337713254,0.0,0.0,scenario1,notwindy,fixed
5921,278,DE0 199,DE0 432,2.499267157366562,5.327735289886489,0.0,0.0,scenario1,notwindy,fixed
5922,279,DE0 2,DE0 233,4.258775794321567,11.834870701154214,0.0,0.0,scenario1,notwindy,fixed
5923,28,DE0 104,DE0 206,6.702985471739704,11.384306281537949,0.0,0.0,scenario1,notwindy,fixed
5924,280,DE0 2,DE0 256,7.786744347402019,12.822472248634586,0.0,0.0,scenario1,notwindy,fixed
5925,281,DE0 2,DE0 72,7.253393679129366,10.518548315697391,0.0,0.0,scenario1,notwindy,fixed
5926,282,DE0 20,DE0 410,7.711344898593097,19.617985161541565,0.0,0.0,scenario1,notwindy,fixed
5927,283,DE0 200,DE0 242,8.931563732324511,19.58096090860123,0.0,0.0,scenario1,notwindy,fixed
5928,284,DE0 200,DE0 386,4.831155680956389,13.978737666176485,0.0,0.0,scenario1,notwindy,fixed
5929,285,DE0 200,DE0 440,7.672684985408075,16.938504954203754,0.0,0.0,scenario1,notwindy,fixed
5930,286,DE0 200,DE0 99,10.81479480723319,23.00154863913502,0.0,0.0,scenario1,notwindy,fixed
5931,287,DE0 201,DE0 206,3.43625810922498,6.15765290232861,0.0,0.0,scenario1,notwindy,fixed
5932,288,DE0 201,DE0 212,3.2560579647574426,8.5731014427601,0.0,0.0,scenario1,notwindy,fixed
5933,289,DE0 201,DE0 399,1.0864963590759733,2.0991675849291385,0.0,0.0,scenario1,notwindy,fixed
5934,29,DE0 104,DE0 428,0.6910653671700215,1.7841314355127753,0.0,0.0,scenario1,notwindy,fixed
5935,290,DE0 201,DE0 428,3.943533120420098,5.696861388812337,0.0,0.0,scenario1,notwindy,fixed
5936,291,DE0 202,DE0 298,17.504826248558945,35.19903336092132,0.0,0.0,scenario1,notwindy,fixed
5937,292,DE0 202,DE0 322,5.9598690283057225,12.976272191773058,0.0,0.0,scenario1,notwindy,fixed
5938,293,DE0 202,DE0 360,14.512917328205925,35.284923841608936,0.0,0.0,scenario1,notwindy,fixed
5939,294,DE0 202,DE0 397,5.444399132166785,14.55713100507805,0.0,0.0,scenario1,notwindy,fixed
5940,295,DE0 202,DE0 48,15.884674602238125,36.634972906856135,0.0,0.0,scenario1,notwindy,fixed
5941,296,DE0 202,DE0 82,9.462584788434658,15.177762656008106,0.0,0.0,scenario1,notwindy,fixed
5942,297,DE0 203,DE0 212,12.569915796734746,17.52087073281374,0.0,0.0,scenario1,notwindy,fixed
5943,298,DE0 203,DE0 227,19.098242500785233,29.671525814291105,0.0,0.0,scenario1,notwindy,fixed
5944,299,DE0 203,DE0 358,12.28912685622362,17.750978320199962,0.0,0.0,scenario1,notwindy,fixed
5945,3,DE0 0,DE0 55,6.644249653085151,16.85875325283919,0.0,0.0,scenario1,notwindy,fixed
5946,30,DE0 105,DE0 260,2.74989316284997,5.719470880891161,0.0,0.0,scenario1,notwindy,fixed
5947,300,DE0 204,DE0 367,11.291797421080497,38.61623748439996,0.0,0.0,scenario1,notwindy,fixed
5948,301,DE0 204,DE0 46,4.766327957088948,17.499025954040604,0.0,0.0,scenario1,notwindy,fixed
5949,302,DE0 206,DE0 212,1.9189180295863455,5.145879771867046,0.0,0.0,scenario1,notwindy,fixed
5950,303,DE0 206,DE0 290,4.409037771037538,8.767424397647893,0.0,0.0,scenario1,notwindy,fixed
5951,304,DE0 207,DE0 40,7.480244872568502,14.333961524758104,0.0,0.0,scenario1,notwindy,fixed
5952,305,DE0 207,DE0 54,7.507658714963996,14.084262019318267,0.0,0.0,scenario1,notwindy,fixed
5953,306,DE0 208,DE0 28,14.281861258438713,21.84374157331917,0.0,0.0,scenario1,notwindy,fixed
5954,307,DE0 208,DE0 307,11.770684632264421,22.90259020399518,0.0,0.0,scenario1,notwindy,fixed
5955,308,DE0 21,DE0 234,8.857858723672452,12.365133565340107,0.0,0.0,scenario1,notwindy,fixed
5956,309,DE0 21,DE0 74,3.534348523375012,9.737549567378478,0.0,0.0,scenario1,notwindy,fixed
5957,31,DE0 105,DE0 34,2.6288675187927,8.634257883563686,0.0,0.0,scenario1,notwindy,fixed
5958,310,DE0 210,DE0 305,16.800661082871823,28.45992888838501,0.0,0.0,scenario1,notwindy,fixed
5959,311,DE0 210,DE0 400,11.802495975873624,22.56685436419966,0.0,0.0,scenario1,notwindy,fixed
5960,312,DE0 211,DE0 247,5.9171064647005895,12.47804076706026,0.0,0.0,scenario1,notwindy,fixed
5961,313,DE0 211,DE0 362,2.589368265304058,6.021208721905328,0.0,0.0,scenario1,notwindy,fixed
5962,314,DE0 212,DE0 280,14.918771415571062,22.986363916360617,0.0,0.0,scenario1,notwindy,fixed
5963,315,DE0 212,DE0 300,18.90263469371596,33.68757744242005,0.0,0.0,scenario1,notwindy,fixed
5964,316,DE0 212,DE0 358,12.594641624657358,17.508774400583444,0.0,0.0,scenario1,notwindy,fixed
5965,317,DE0 212,DE0 77,11.874865663970729,17.845153578119696,0.0,0.0,scenario1,notwindy,fixed
5966,318,DE0 213,DE0 342,6.049474216775449,16.619371450094,0.0,0.0,scenario1,notwindy,fixed
5967,319,DE0 214,DE0 45,0.2029251171274287,1.1585584616221183,0.0,0.0,scenario1,notwindy,fixed
5968,32,DE0 105,DE0 354,7.840147020789856,17.49977658639668,0.0,0.0,scenario1,notwindy,fixed
5969,320,DE0 215,DE0 42,8.543855465904066,17.44111881896955,0.0,0.0,scenario1,notwindy,fixed
5970,321,DE0 216,DE0 277,2.369788294809387,5.292259229730224,0.0,0.0,scenario1,notwindy,fixed
5971,322,DE0 216,DE0 339,1.755390821602136,4.167214997573997,0.0,0.0,scenario1,notwindy,fixed
5972,323,DE0 216,DE0 429,1.4489312049503433,2.957140706403942,0.0,0.0,scenario1,notwindy,fixed
5973,324,DE0 217,DE0 388,1.4244325015669668,5.429905207747548,0.0,0.0,scenario1,notwindy,fixed
5974,325,DE0 217,DE0 46,6.270469629024471,17.246814389159212,0.0,0.0,scenario1,notwindy,fixed
5975,326,DE0 217,DE0 57,1.54041896062916,5.091076949747745,0.0,0.0,scenario1,notwindy,fixed
5976,327,DE0 218,DE0 406,4.436615063687402,7.81309491886012,0.0,0.0,scenario1,notwindy,fixed
5977,328,DE0 218,DE0 73,8.881148168714363,15.905818365990932,0.0,0.0,scenario1,notwindy,fixed
5978,329,DE0 22,DE0 296,5.815346388903182,17.985272840533934,0.0,0.0,scenario1,notwindy,fixed
5979,33,DE0 106,DE0 180,4.888114509092391,9.18718880883952,0.0,0.0,scenario1,notwindy,fixed
5980,330,DE0 22,DE0 352,15.239155969046156,22.902584624270883,0.0,0.0,scenario1,notwindy,fixed
5981,331,DE0 22,DE0 8,5.571871036403387,17.349431706567,0.0,0.0,scenario1,notwindy,fixed
5982,332,DE0 220,DE0 336,3.9028850748255866,6.121878527338613,0.0,0.0,scenario1,notwindy,fixed
5983,333,DE0 220,DE0 379,3.7337898254444384,4.784352417782856,0.0,0.0,scenario1,notwindy,fixed
5984,334,DE0 221,DE0 274,10.347313440765399,17.764363073147035,0.0,0.0,scenario1,notwindy,fixed
5985,335,DE0 222,DE0 292,4.513379871084153,8.868076881544802,0.0,0.0,scenario1,notwindy,fixed
5986,336,DE0 222,DE0 311,3.9445039445466255,9.64845219776507,0.0,0.0,scenario1,notwindy,fixed
5987,337,DE0 222,DE0 381,4.361682416154045,11.340242512756097,0.0,0.0,scenario1,notwindy,fixed
5988,338,DE0 222,DE0 74,1.8510704195814152,4.751778325768454,0.0,0.0,scenario1,notwindy,fixed
5989,339,DE0 222,DE0 87,3.3275433409052155,8.686279252033758,0.0,0.0,scenario1,notwindy,fixed
5990,34,DE0 106,DE0 275,7.0863887826489,13.89950765175389,0.0,0.0,scenario1,notwindy,fixed
5991,340,DE0 223,DE0 286,9.330217467730954,23.46477957170037,0.0,0.0,scenario1,notwindy,fixed
5992,341,DE0 223,DE0 295,8.768655632116824,19.671938574886852,0.0,0.0,scenario1,notwindy,fixed
5993,342,DE0 224,DE0 40,4.170527514528845,9.001758701228521,0.0,0.0,scenario1,notwindy,fixed
5994,343,DE0 225,DE0 425,15.541902302224264,18.9324079909892,0.0,0.0,scenario1,notwindy,fixed
5995,344,DE0 225,DE0 6,15.104161598420147,18.754209215219152,0.0,0.0,scenario1,notwindy,fixed
5996,345,DE0 226,DE0 424,10.83005119300298,33.79670491576471,0.0,0.0,scenario1,notwindy,fixed
5997,346,DE0 227,DE0 289,4.233131469629766,7.126737987347672,0.0,0.0,scenario1,notwindy,fixed
5998,347,DE0 227,DE0 334,7.631614177299259,11.471539841643114,0.0,0.0,scenario1,notwindy,fixed
5999,348,DE0 227,DE0 396,12.06184327109336,16.490755691904667,0.0,0.0,scenario1,notwindy,fixed
6000,349,DE0 228,DE0 325,2.883751292757793,9.960901816725935,0.0,0.0,scenario1,notwindy,fixed
6001,35,DE0 107,DE0 154,10.048493835430412,14.148633042114877,0.0,0.0,scenario1,notwindy,fixed
6002,350,DE0 228,DE0 8,4.274131784592055,12.955009333066034,0.0,0.0,scenario1,notwindy,fixed
6003,351,DE0 229,DE0 236,4.973731466651782,8.805649570449123,0.0,0.0,scenario1,notwindy,fixed
6004,352,DE0 229,DE0 332,8.415115689240304,14.385534409799128,0.0,0.0,scenario1,notwindy,fixed
6005,353,DE0 229,DE0 449,1.61819910905119,3.599990689488973,0.0,0.0,scenario1,notwindy,fixed
6006,354,DE0 23,DE0 380,1.5717300471193674,3.864407313296039,0.0,0.0,scenario1,notwindy,fixed
6007,355,DE0 23,DE0 57,3.210991844285551,9.17219181796109,0.0,0.0,scenario1,notwindy,fixed
6008,356,DE0 230,DE0 24,11.576010148877323,26.55494754407135,0.0,0.0,scenario1,notwindy,fixed
6009,357,DE0 231,DE0 87,2.93831188644212,7.9661674841740595,0.0,0.0,scenario1,notwindy,fixed
6010,358,DE0 232,DE0 382,9.506878827316541,13.42383374104948,0.0,0.0,scenario1,notwindy,fixed
6011,359,DE0 233,DE0 271,2.298912914703575,6.82278574278044,0.0,0.0,scenario1,notwindy,fixed
6012,36,DE0 107,DE0 38,10.77177451268516,15.358822632611593,0.0,0.0,scenario1,notwindy,fixed
6013,360,DE0 233,DE0 72,7.967466272888443,11.761846007542003,0.0,0.0,scenario1,notwindy,fixed
6014,361,DE0 234,DE0 88,4.946747691195266,9.908358248170442,0.0,0.0,scenario1,notwindy,fixed
6015,362,DE0 235,DE0 382,1.1447774672807396,2.5140178064561347,0.0,0.0,scenario1,notwindy,fixed
6016,363,DE0 235,DE0 384,1.2300379875377943,2.743710324805861,0.0,0.0,scenario1,notwindy,fixed
6017,364,DE0 236,DE0 260,3.3665064108954623,7.644385811098039,0.0,0.0,scenario1,notwindy,fixed
6018,365,DE0 236,DE0 31,7.0080413121316205,17.16246010193766,0.0,0.0,scenario1,notwindy,fixed
6019,366,DE0 237,DE0 37,2.796478433233376,4.720249697653678,0.0,0.0,scenario1,notwindy,fixed
6020,367,DE0 238,DE0 250,6.018053409271309,15.147285455487536,0.0,0.0,scenario1,notwindy,fixed
6021,368,DE0 238,DE0 445,5.553492273982186,17.111509283549314,0.0,0.0,scenario1,notwindy,fixed
6022,369,DE0 239,DE0 392,5.307316415497093,10.630438049995682,0.0,0.0,scenario1,notwindy,fixed
6023,37,DE0 108,DE0 246,11.096595838990925,20.122610376742184,0.0,0.0,scenario1,notwindy,fixed
6024,370,DE0 24,DE0 245,5.543729757642239,16.551776413496416,0.0,0.0,scenario1,notwindy,fixed
6025,371,DE0 24,DE0 259,8.163971114111854,17.503022067747086,0.0,0.0,scenario1,notwindy,fixed
6026,372,DE0 24,DE0 335,8.915298902767583,17.981797025309067,0.0,0.0,scenario1,notwindy,fixed
6027,373,DE0 24,DE0 68,12.337449586641215,30.152620275649877,0.0,0.0,scenario1,notwindy,fixed
6028,374,DE0 240,DE0 357,15.42858957936499,25.40838609702713,0.0,0.0,scenario1,notwindy,fixed
6029,375,DE0 241,DE0 322,6.247561876055815,12.683881400960374,0.0,0.0,scenario1,notwindy,fixed
6030,376,DE0 242,DE0 340,5.153420166113834,17.37458924219426,0.0,0.0,scenario1,notwindy,fixed
6031,377,DE0 242,DE0 99,4.88897087242104,15.13214882460284,0.0,0.0,scenario1,notwindy,fixed
6032,378,DE0 243,DE0 46,1.6088482287306762,4.51030809913423,0.0,0.0,scenario1,notwindy,fixed
6033,379,DE0 244,DE0 366,6.168453885255757,15.362311692934622,0.0,0.0,scenario1,notwindy,fixed
6034,38,DE0 108,DE0 393,4.975237012006423,10.110618753259722,0.0,0.0,scenario1,notwindy,fixed
6035,380,DE0 244,DE0 448,6.749981748964432,11.151560933376475,0.0,0.0,scenario1,notwindy,fixed
6036,381,DE0 244,DE0 95,10.596277128658631,17.2608826719167,0.0,0.0,scenario1,notwindy,fixed
6037,382,DE0 245,DE0 422,3.35122840607927,6.215800718583153,0.0,0.0,scenario1,notwindy,fixed
6038,383,DE0 246,DE0 267,10.798439224173206,20.116239467260357,0.0,0.0,scenario1,notwindy,fixed
6039,384,DE0 247,DE0 74,2.9781876529397153,6.668263761932885,0.0,0.0,scenario1,notwindy,fixed
6040,385,DE0 248,DE0 374,16.38619998116523,23.761660638172497,0.0,0.0,scenario1,notwindy,fixed
6041,386,DE0 248,DE0 66,7.76307477284926,17.276399473945254,0.0,0.0,scenario1,notwindy,fixed
6042,387,DE0 248,DE0 90,5.030973526845845,12.314707839516664,0.0,0.0,scenario1,notwindy,fixed
6043,388,DE0 249,DE0 36,5.534692391544235,10.955948125071204,0.0,0.0,scenario1,notwindy,fixed
6044,389,DE0 249,DE0 364,1.3257942127896818,3.6825805100954825,0.0,0.0,scenario1,notwindy,fixed
6045,39,DE0 108,DE0 417,0.9574289338865629,1.9963103149515924,0.0,0.0,scenario1,notwindy,fixed
6046,390,DE0 25,DE0 50,8.425627419406984,23.527480906053057,0.0,0.0,scenario1,notwindy,fixed
6047,391,DE0 25,DE0 92,6.37939941487186,20.454319821986285,0.0,0.0,scenario1,notwindy,fixed
6048,392,DE0 250,DE0 56,10.206652612004465,21.55971197408655,0.0,0.0,scenario1,notwindy,fixed
6049,393,DE0 251,DE0 343,7.647191398000007,22.074822798782815,0.0,0.0,scenario1,notwindy,fixed
6050,394,DE0 251,DE0 385,7.006683532975447,13.257195303311264,0.0,0.0,scenario1,notwindy,fixed
6051,395,DE0 252,DE0 293,2.2023467688558975,6.47363803833865,0.0,0.0,scenario1,notwindy,fixed
6052,396,DE0 252,DE0 344,1.7824737214166904,4.400154446385964,0.0,0.0,scenario1,notwindy,fixed
6053,397,DE0 253,DE0 75,6.31780681987672,11.151280072830659,0.0,0.0,scenario1,notwindy,fixed
6054,398,DE0 254,DE0 283,4.823941483162325,17.463502371148955,0.0,0.0,scenario1,notwindy,fixed
6055,399,DE0 254,DE0 378,4.159045801441472,17.48176496851671,0.0,0.0,scenario1,notwindy,fixed
6056,4,DE0 0,DE0 59,7.205660472051976,18.329170794969826,0.0,0.0,scenario1,notwindy,fixed
6057,40,DE0 109,DE0 162,6.143373204242809,14.576451080275433,0.0,0.0,scenario1,notwindy,fixed
6058,400,DE0 254,DE0 99,6.089099803248777,17.486804286758755,0.0,0.0,scenario1,notwindy,fixed
6059,401,DE0 255,DE0 415,3.9743704856723205,11.511955296705976,0.0,0.0,scenario1,notwindy,fixed
6060,402,DE0 255,DE0 76,5.340498939220169,14.51480941785445,0.0,0.0,scenario1,notwindy,fixed
6061,403,DE0 257,DE0 328,1.3400397933817885,2.229423104105944,0.0,0.0,scenario1,notwindy,fixed
6062,404,DE0 257,DE0 336,2.2045987951421764,6.354696500087484,0.0,0.0,scenario1,notwindy,fixed
6063,405,DE0 257,DE0 387,3.1461134616668116,6.483322563103119,0.0,0.0,scenario1,notwindy,fixed
6064,406,DE0 258,DE0 34,4.178780323304395,8.966393420855816,0.0,0.0,scenario1,notwindy,fixed
6065,407,DE0 258,DE0 433,5.5861732311306085,11.771003040084512,0.0,0.0,scenario1,notwindy,fixed
6066,408,DE0 26,DE0 69,14.454479941279356,20.103765376973815,0.0,0.0,scenario1,notwindy,fixed
6067,409,DE0 262,DE0 42,2.8435319628333575,7.639048779841414,0.0,0.0,scenario1,notwindy,fixed
6068,41,DE0 109,DE0 215,4.767212706856653,11.647507374101702,0.0,0.0,scenario1,notwindy,fixed
6069,410,DE0 263,DE0 347,5.176420074912937,11.612343201941682,0.0,0.0,scenario1,notwindy,fixed
6070,411,DE0 263,DE0 9,4.297683081803985,9.485054670650728,0.0,0.0,scenario1,notwindy,fixed
6071,412,DE0 264,DE0 339,9.215020959041498,17.429345235930292,0.0,0.0,scenario1,notwindy,fixed
6072,413,DE0 264,DE0 363,11.249543866507478,16.02965378616985,0.0,0.0,scenario1,notwindy,fixed
6073,414,DE0 264,DE0 375,10.547301658271753,17.20214879615451,0.0,0.0,scenario1,notwindy,fixed
6074,415,DE0 265,DE0 306,3.6284504077363353,10.595440791218698,0.0,0.0,scenario1,notwindy,fixed
6075,416,DE0 266,DE0 420,2.8155075388615383,9.255271385666614,0.0,0.0,scenario1,notwindy,fixed
6076,417,DE0 266,DE0 67,3.689330420138127,11.110016764559061,0.0,0.0,scenario1,notwindy,fixed
6077,418,DE0 267,DE0 70,5.059373955254151,8.390843997254942,0.0,0.0,scenario1,notwindy,fixed
6078,419,DE0 268,DE0 336,3.3544065852933236,10.195435146341364,0.0,0.0,scenario1,notwindy,fixed
6079,42,DE0 11,DE0 360,15.496675768785407,32.803644123973285,0.0,0.0,scenario1,notwindy,fixed
6080,420,DE0 268,DE0 361,7.064179646795197,17.339524121142695,0.0,0.0,scenario1,notwindy,fixed
6081,421,DE0 268,DE0 366,2.9679770830462244,7.528227571638574,0.0,0.0,scenario1,notwindy,fixed
6082,422,DE0 268,DE0 95,5.2595173032194715,16.964239267621476,0.0,0.0,scenario1,notwindy,fixed
6083,423,DE0 269,DE0 29,8.789680039076163,20.26182453849457,0.0,0.0,scenario1,notwindy,fixed
6084,424,DE0 27,DE0 283,10.463160181067144,13.700916459348637,0.0,0.0,scenario1,notwindy,fixed
6085,425,DE0 27,DE0 333,5.0613008219599385,11.954166511668046,0.0,0.0,scenario1,notwindy,fixed
6086,426,DE0 27,DE0 447,10.197635677109568,17.41517145298877,0.0,0.0,scenario1,notwindy,fixed
6087,427,DE0 270,DE0 350,2.5525243334143717,7.875753132694068,0.0,0.0,scenario1,notwindy,fixed
6088,428,DE0 270,DE0 423,4.304704906068838,10.371777942235166,0.0,0.0,scenario1,notwindy,fixed
6089,429,DE0 270,DE0 426,3.9403120543887704,15.246692201261633,0.0,0.0,scenario1,notwindy,fixed
6090,43,DE0 11,DE0 67,4.577523634683458,13.04212056888476,0.0,0.0,scenario1,notwindy,fixed
6091,430,DE0 271,DE0 61,4.930448174365331,13.579949576730021,0.0,0.0,scenario1,notwindy,fixed
6092,431,DE0 271,DE0 91,2.3051819246003133,8.23319077060405,0.0,0.0,scenario1,notwindy,fixed
6093,432,DE0 272,DE0 385,4.217323506426161,5.860700456127995,0.0,0.0,scenario1,notwindy,fixed
6094,433,DE0 272,DE0 406,2.704613036441716,3.361102605537992,0.0,0.0,scenario1,notwindy,fixed
6095,434,DE0 273,DE0 370,12.24312632271118,19.254819863686485,0.0,0.0,scenario1,notwindy,fixed
6096,435,DE0 273,DE0 407,11.231968737274837,17.822330324437466,0.0,0.0,scenario1,notwindy,fixed
6097,436,DE0 274,DE0 28,9.405809565861023,15.606775722463478,0.0,0.0,scenario1,notwindy,fixed
6098,437,DE0 275,DE0 309,11.384334455827288,19.74884652169682,0.0,0.0,scenario1,notwindy,fixed
6099,438,DE0 276,DE0 277,5.54803690438764,6.413694319395064,0.0,0.0,scenario1,notwindy,fixed
6100,439,DE0 276,DE0 396,2.904522636236853,7.359003633121166,0.0,0.0,scenario1,notwindy,fixed
6101,44,DE0 110,DE0 415,8.93971830750832,17.45005415880845,0.0,0.0,scenario1,notwindy,fixed
6102,440,DE0 277,DE0 369,5.1793612671799405,9.383394505266377,0.0,0.0,scenario1,notwindy,fixed
6103,441,DE0 277,DE0 376,7.6540842817477435,9.67018339132176,0.0,0.0,scenario1,notwindy,fixed
6104,442,DE0 278,DE0 296,9.879694808630338,14.579984901335862,0.0,0.0,scenario1,notwindy,fixed
6105,443,DE0 278,DE0 324,11.168172812791198,17.510394219874502,0.0,0.0,scenario1,notwindy,fixed
6106,444,DE0 279,DE0 405,2.380557008730372,5.242308648594481,0.0,0.0,scenario1,notwindy,fixed
6107,445,DE0 280,DE0 439,15.235797068313756,23.62251931831236,0.0,0.0,scenario1,notwindy,fixed
6108,446,DE0 281,DE0 346,6.023891752237528,13.882999578452242,0.0,0.0,scenario1,notwindy,fixed
6109,447,DE0 281,DE0 52,3.091340562821942,11.786064549498388,0.0,0.0,scenario1,notwindy,fixed
6110,448,DE0 282,DE0 355,12.030697036527638,15.581836257594988,0.0,0.0,scenario1,notwindy,fixed
6111,449,DE0 282,DE0 365,13.734122996836076,17.471125269395426,0.0,0.0,scenario1,notwindy,fixed
6112,45,DE0 111,DE0 435,7.795325066095033,18.59862134881595,0.0,0.0,scenario1,notwindy,fixed
6113,450,DE0 282,DE0 389,9.410072610497915,11.750026126875596,0.0,0.0,scenario1,notwindy,fixed
6114,451,DE0 283,DE0 292,3.3021201593160696,11.707254635535525,0.0,0.0,scenario1,notwindy,fixed
6115,452,DE0 283,DE0 331,5.440396860913185,8.653288182195748,0.0,0.0,scenario1,notwindy,fixed
6116,453,DE0 283,DE0 378,7.035203310251677,11.718449864129859,0.0,0.0,scenario1,notwindy,fixed
6117,454,DE0 284,DE0 308,5.036646979965829,11.425328725717227,0.0,0.0,scenario1,notwindy,fixed
6118,455,DE0 284,DE0 353,4.778972755492999,14.951543982233384,0.0,0.0,scenario1,notwindy,fixed
6119,456,DE0 285,DE0 301,6.2795500100579345,14.619140312319914,0.0,0.0,scenario1,notwindy,fixed
6120,457,DE0 285,DE0 379,2.4050359181008836,4.445065649039175,0.0,0.0,scenario1,notwindy,fixed
6121,458,DE0 285,DE0 382,8.01657708376101,13.917678750010735,0.0,0.0,scenario1,notwindy,fixed
6122,459,DE0 286,DE0 347,4.26892044470657,6.814667800609723,0.0,0.0,scenario1,notwindy,fixed
6123,46,DE0 111,DE0 66,6.431041180955936,15.026197113129625,0.0,0.0,scenario1,notwindy,fixed
6124,460,DE0 287,DE0 339,4.230778023691346,6.977398584588326,0.0,0.0,scenario1,notwindy,fixed
6125,461,DE0 287,DE0 413,5.665985018613281,9.013895732602757,0.0,0.0,scenario1,notwindy,fixed
6126,462,DE0 287,DE0 416,3.4819150450198353,5.185006340840582,0.0,0.0,scenario1,notwindy,fixed
6127,463,DE0 288,DE0 289,7.754219564930155,14.419622332911771,0.0,0.0,scenario1,notwindy,fixed
6128,464,DE0 289,DE0 337,9.204223109982342,11.282519717569905,0.0,0.0,scenario1,notwindy,fixed
6129,465,DE0 289,DE0 401,10.221133653962344,13.135521617853913,0.0,0.0,scenario1,notwindy,fixed
6130,466,DE0 29,DE0 383,9.808490248103324,21.51604325002283,0.0,0.0,scenario1,notwindy,fixed
6131,467,DE0 290,DE0 351,16.281963982607675,33.54432214442534,0.0,0.0,scenario1,notwindy,fixed
6132,468,DE0 291,DE0 356,5.932796089453183,15.257973176021386,0.0,0.0,scenario1,notwindy,fixed
6133,469,DE0 291,DE0 433,4.795182091221134,11.640747986348654,0.0,0.0,scenario1,notwindy,fixed
6134,47,DE0 112,DE0 349,6.689117488072692,17.021002067736983,0.0,0.0,scenario1,notwindy,fixed
6135,470,DE0 292,DE0 326,7.441156280889421,16.18914072824845,0.0,0.0,scenario1,notwindy,fixed
6136,471,DE0 292,DE0 340,5.0105852112663305,15.948506582379379,0.0,0.0,scenario1,notwindy,fixed
6137,472,DE0 292,DE0 430,6.722656682001782,17.454237228860876,0.0,0.0,scenario1,notwindy,fixed
6138,473,DE0 293,DE0 344,2.392414658030404,6.718433415265521,0.0,0.0,scenario1,notwindy,fixed
6139,474,DE0 293,DE0 414,1.2421608851782493,3.40584022780746,0.0,0.0,scenario1,notwindy,fixed
6140,475,DE0 294,DE0 394,8.507564149729046,17.962971267431005,0.0,0.0,scenario1,notwindy,fixed
6141,476,DE0 294,DE0 395,7.468839137545001,16.87990678479718,0.0,0.0,scenario1,notwindy,fixed
6142,477,DE0 295,DE0 378,4.909441375808816,10.600678997698624,0.0,0.0,scenario1,notwindy,fixed
6143,478,DE0 296,DE0 8,7.608127856366707,18.687250757936457,0.0,0.0,scenario1,notwindy,fixed
6144,479,DE0 297,DE0 394,5.630810472549821,11.323786298875786,0.0,0.0,scenario1,notwindy,fixed
6145,48,DE0 112,DE0 391,12.072912932534441,22.332593342208572,0.0,0.0,scenario1,notwindy,fixed
6146,480,DE0 297,DE0 90,3.827753734253806,9.33677634059646,0.0,0.0,scenario1,notwindy,fixed
6147,481,DE0 298,DE0 67,9.893859031741412,17.339232044092686,0.0,0.0,scenario1,notwindy,fixed
6148,482,DE0 299,DE0 411,1.2634564112423807,2.353926582398697,0.0,0.0,scenario1,notwindy,fixed
6149,483,DE0 299,DE0 60,2.3726481900997394,3.993353215692192,0.0,0.0,scenario1,notwindy,fixed
6150,484,DE0 3,DE0 356,10.106807431352783,17.192808569777142,0.0,0.0,scenario1,notwindy,fixed
6151,485,DE0 30,DE0 399,2.840297690088052,4.007410441088556,0.0,0.0,scenario1,notwindy,fixed
6152,486,DE0 30,DE0 428,1.001758740887869,1.8279986832488913,0.0,0.0,scenario1,notwindy,fixed
6153,487,DE0 30,DE0 77,10.078647751308264,17.492634707491383,0.0,0.0,scenario1,notwindy,fixed
6154,488,DE0 300,DE0 313,17.976460807780025,31.972669575565217,0.0,0.0,scenario1,notwindy,fixed
6155,489,DE0 302,DE0 447,5.689268031556105,11.632037746688024,0.0,0.0,scenario1,notwindy,fixed
6156,49,DE0 113,DE0 189,7.201850048179025,20.612056030884958,0.0,0.0,scenario1,notwindy,fixed
6157,490,DE0 302,DE0 99,8.084947626380947,17.48656712706721,0.0,0.0,scenario1,notwindy,fixed
6158,491,DE0 303,DE0 436,6.899233693639515,10.023762993553438,0.0,0.0,scenario1,notwindy,fixed
6159,492,DE0 304,DE0 98,3.268833251695801,7.161004128618142,0.0,0.0,scenario1,notwindy,fixed
6160,493,DE0 305,DE0 313,17.102247290029183,29.67385079119754,0.0,0.0,scenario1,notwindy,fixed
6161,494,DE0 308,DE0 431,10.552885094749753,24.737417970814352,0.0,0.0,scenario1,notwindy,fixed
6162,495,DE0 31,DE0 408,6.1800936562129,17.338282973401352,0.0,0.0,scenario1,notwindy,fixed
6163,496,DE0 310,DE0 340,3.4129423119198234,17.269559823651985,0.0,0.0,scenario1,notwindy,fixed
6164,497,DE0 310,DE0 430,1.99147986339346,4.070059982968239,0.0,0.0,scenario1,notwindy,fixed
6165,498,DE0 312,DE0 364,13.721555914756115,17.494122691050073,0.0,0.0,scenario1,notwindy,fixed
6166,499,DE0 314,DE0 380,2.675157925660451,13.685786150594764,0.0,0.0,scenario1,notwindy,fixed
6167,5,DE0 0,DE0 65,13.991115823854908,37.326229117986784,0.0,0.0,scenario1,notwindy,fixed
6168,50,DE0 113,DE0 251,9.041942530756371,27.161935985715623,0.0,0.0,scenario1,notwindy,fixed
6169,500,DE0 314,DE0 86,1.8190540981295336,7.48660757433008,0.0,0.0,scenario1,notwindy,fixed
6170,501,DE0 315,DE0 365,5.67006492304224,9.862116994819663,0.0,0.0,scenario1,notwindy,fixed
6171,502,DE0 315,DE0 448,13.218665516507421,17.402581356793583,0.0,0.0,scenario1,notwindy,fixed
6172,503,DE0 316,DE0 412,6.430698689165566,16.12507616959896,0.0,0.0,scenario1,notwindy,fixed
6173,504,DE0 317,DE0 58,3.839679898752668,6.883238399302306,0.0,0.0,scenario1,notwindy,fixed
6174,505,DE0 317,DE0 81,7.818479069713404,14.695834974300112,0.0,0.0,scenario1,notwindy,fixed
6175,506,DE0 318,DE0 369,3.55370264083116,8.769613426780861,0.0,0.0,scenario1,notwindy,fixed
6176,507,DE0 318,DE0 392,9.804081566372783,20.407002419194868,0.0,0.0,scenario1,notwindy,fixed
6177,508,DE0 319,DE0 391,9.903758799701064,16.601352612518774,0.0,0.0,scenario1,notwindy,fixed
6178,509,DE0 32,DE0 96,5.898146554201766,15.028591081276458,0.0,0.0,scenario1,notwindy,fixed
6179,51,DE0 113,DE0 33,5.621056034602695,14.356595386947749,0.0,0.0,scenario1,notwindy,fixed
6180,510,DE0 320,DE0 409,2.4077240812015983,4.174765107491088,0.0,0.0,scenario1,notwindy,fixed
6181,511,DE0 320,DE0 418,2.531252480515212,4.073119781689779,0.0,0.0,scenario1,notwindy,fixed
6182,512,DE0 321,DE0 384,2.0582905109051466,3.761277493240558,0.0,0.0,scenario1,notwindy,fixed
6183,513,DE0 321,DE0 412,1.2173037667712792,3.3258650800988305,0.0,0.0,scenario1,notwindy,fixed
6184,514,DE0 323,DE0 419,6.612917085802083,15.034353847716254,0.0,0.0,scenario1,notwindy,fixed
6185,515,DE0 323,DE0 445,6.431549137259611,15.297058928621931,0.0,0.0,scenario1,notwindy,fixed
6186,516,DE0 324,DE0 426,4.074894285044071,16.15941244268077,0.0,0.0,scenario1,notwindy,fixed
6187,517,DE0 326,DE0 390,7.54101761463188,15.186821872941886,0.0,0.0,scenario1,notwindy,fixed
6188,518,DE0 327,DE0 53,5.83158311486675,10.72270245600763,0.0,0.0,scenario1,notwindy,fixed
6189,519,DE0 328,DE0 336,1.7079715525377535,4.3357116012724335,0.0,0.0,scenario1,notwindy,fixed
6190,52,DE0 113,DE0 343,7.968985914615039,25.58079235919309,0.0,0.0,scenario1,notwindy,fixed
6191,520,DE0 330,DE0 362,13.296105239015624,34.94517500172558,0.0,0.0,scenario1,notwindy,fixed
6192,521,DE0 330,DE0 60,2.656438876629701,7.063910516784519,0.0,0.0,scenario1,notwindy,fixed
6193,522,DE0 331,DE0 421,3.948376664282157,9.839786015520941,0.0,0.0,scenario1,notwindy,fixed
6194,523,DE0 331,DE0 446,7.317144051943812,17.676803275592277,0.0,0.0,scenario1,notwindy,fixed
6195,524,DE0 332,DE0 431,6.541399697236624,13.651907105166469,0.0,0.0,scenario1,notwindy,fixed
6196,525,DE0 333,DE0 441,4.092501995790918,11.340942737292853,0.0,0.0,scenario1,notwindy,fixed
6197,526,DE0 334,DE0 376,3.694502423622767,8.62939120624748,0.0,0.0,scenario1,notwindy,fixed
6198,527,DE0 334,DE0 416,19.314942304123285,24.89553011426467,0.0,0.0,scenario1,notwindy,fixed
6199,528,DE0 334,DE0 63,15.696196662184004,20.122529906241034,0.0,0.0,scenario1,notwindy,fixed
6200,529,DE0 336,DE0 379,2.38091186371735,4.80135383591743,0.0,0.0,scenario1,notwindy,fixed
6201,53,DE0 113,DE0 35,11.750383020547728,27.968472177657716,0.0,0.0,scenario1,notwindy,fixed
6202,530,DE0 336,DE0 412,3.7914536943307127,9.457251146637724,0.0,0.0,scenario1,notwindy,fixed
6203,531,DE0 338,DE0 379,1.5498314323603934,2.885786695054822,0.0,0.0,scenario1,notwindy,fixed
6204,532,DE0 338,DE0 51,2.1808410898623327,4.437741296484109,0.0,0.0,scenario1,notwindy,fixed
6205,533,DE0 339,DE0 363,1.8736632254193162,5.807279917968114,0.0,0.0,scenario1,notwindy,fixed
6206,534,DE0 339,DE0 413,2.0972084641880566,6.0053847295309435,0.0,0.0,scenario1,notwindy,fixed
6207,535,DE0 339,DE0 429,1.7675220970131595,5.018233675007141,0.0,0.0,scenario1,notwindy,fixed
6208,536,DE0 341,DE0 363,12.300882716874902,17.97991656170167,0.0,0.0,scenario1,notwindy,fixed
6209,537,DE0 341,DE0 427,8.66422654997536,12.221451056544243,0.0,0.0,scenario1,notwindy,fixed
6210,538,DE0 345,DE0 41,3.5772913879655888,8.735825863714904,0.0,0.0,scenario1,notwindy,fixed
6211,539,DE0 345,DE0 414,2.3728806972876053,7.799234973138892,0.0,0.0,scenario1,notwindy,fixed
6212,54,DE0 113,DE0 55,12.615109191586887,39.98277495998987,0.0,0.0,scenario1,notwindy,fixed
6213,540,DE0 346,DE0 442,10.302493674123731,23.904816672879036,0.0,0.0,scenario1,notwindy,fixed
6214,541,DE0 348,DE0 444,2.18132974888456,4.116039197082126,0.0,0.0,scenario1,notwindy,fixed
6215,542,DE0 349,DE0 4,13.43773556584765,30.827151244772743,0.0,0.0,scenario1,notwindy,fixed
6216,543,DE0 349,DE0 70,4.763300666040751,8.77887744848032,0.0,0.0,scenario1,notwindy,fixed
6217,544,DE0 35,DE0 55,13.00468352378813,39.42479236641006,0.0,0.0,scenario1,notwindy,fixed
6218,545,DE0 350,DE0 423,14.777120444698141,21.224997453006836,0.0,0.0,scenario1,notwindy,fixed
6219,546,DE0 350,DE0 75,10.914248577125003,14.938360445894618,0.0,0.0,scenario1,notwindy,fixed
6220,547,DE0 351,DE0 425,19.285852391205445,38.15793156508568,0.0,0.0,scenario1,notwindy,fixed
6221,548,DE0 353,DE0 49,4.730660225920405,16.60006327817432,0.0,0.0,scenario1,notwindy,fixed
6222,549,DE0 354,DE0 385,1.6505108385348983,4.21329121028801,0.0,0.0,scenario1,notwindy,fixed
6223,55,DE0 113,DE0 65,9.077484707157847,19.100515478602045,0.0,0.0,scenario1,notwindy,fixed
6224,550,DE0 354,DE0 406,2.599398971182358,8.109011695183325,0.0,0.0,scenario1,notwindy,fixed
6225,551,DE0 354,DE0 98,1.81075315848448,6.176141400821343,0.0,0.0,scenario1,notwindy,fixed
6226,552,DE0 356,DE0 364,7.61024605231176,15.412599887906165,0.0,0.0,scenario1,notwindy,fixed
6227,553,DE0 356,DE0 371,3.695621411232425,8.422470880312478,0.0,0.0,scenario1,notwindy,fixed
6228,554,DE0 356,DE0 412,5.309231747410658,12.18087667447235,0.0,0.0,scenario1,notwindy,fixed
6229,555,DE0 356,DE0 433,5.966514785366717,15.33304159939583,0.0,0.0,scenario1,notwindy,fixed
6230,556,DE0 357,DE0 439,10.361583426349847,16.436131029234417,0.0,0.0,scenario1,notwindy,fixed
6231,557,DE0 359,DE0 440,1.7181592203286535,3.653442737198858,0.0,0.0,scenario1,notwindy,fixed
6232,558,DE0 359,DE0 5,2.9197037093712708,7.896157093746692,0.0,0.0,scenario1,notwindy,fixed
6233,559,DE0 363,DE0 416,7.398849972829814,13.039860925247545,0.0,0.0,scenario1,notwindy,fixed
6234,56,DE0 114,DE0 175,14.094184875218033,29.030366011183055,0.0,0.0,scenario1,notwindy,fixed
6235,560,DE0 365,DE0 389,12.642209189628527,16.726978901135375,0.0,0.0,scenario1,notwindy,fixed
6236,561,DE0 365,DE0 448,8.023183054087642,12.384568249275507,0.0,0.0,scenario1,notwindy,fixed
6237,562,DE0 367,DE0 55,6.165077327989101,16.688434696817506,0.0,0.0,scenario1,notwindy,fixed
6238,563,DE0 367,DE0 92,2.2266996969592303,11.176223466994434,0.0,0.0,scenario1,notwindy,fixed
6239,564,DE0 367,DE0 94,6.672003733572586,25.128884790354345,0.0,0.0,scenario1,notwindy,fixed
6240,565,DE0 368,DE0 424,6.004683499722171,16.99827281675573,0.0,0.0,scenario1,notwindy,fixed
6241,566,DE0 368,DE0 7,7.5620198081509535,17.459404100118714,0.0,0.0,scenario1,notwindy,fixed
6242,567,DE0 369,DE0 376,10.827785858367616,12.224344731590984,0.0,0.0,scenario1,notwindy,fixed
6243,568,DE0 372,DE0 407,11.102180428378643,17.77081633197884,0.0,0.0,scenario1,notwindy,fixed
6244,569,DE0 372,DE0 44,19.393356182988427,35.73631526014046,0.0,0.0,scenario1,notwindy,fixed
6245,57,DE0 114,DE0 181,21.28983523579645,42.27693475694233,0.0,0.0,scenario1,notwindy,fixed
6246,570,DE0 373,DE0 449,0.5819860183419266,1.502354966918683,0.0,0.0,scenario1,notwindy,fixed
6247,571,DE0 375,DE0 382,8.759278013450249,16.344747902863926,0.0,0.0,scenario1,notwindy,fixed
6248,572,DE0 375,DE0 51,1.8140310006448574,3.2366460818939764,0.0,0.0,scenario1,notwindy,fixed
6249,573,DE0 376,DE0 437,6.442389524200136,12.484365389346557,0.0,0.0,scenario1,notwindy,fixed
6250,574,DE0 377,DE0 414,2.267562862905943,6.587050901392706,0.0,0.0,scenario1,notwindy,fixed
6251,575,DE0 378,DE0 404,6.212114677196997,17.378084430200985,0.0,0.0,scenario1,notwindy,fixed
6252,576,DE0 38,DE0 58,4.044961818303491,9.580204821947323,0.0,0.0,scenario1,notwindy,fixed
6253,577,DE0 381,DE0 74,4.176489086190255,7.519854731298273,0.0,0.0,scenario1,notwindy,fixed
6254,578,DE0 382,DE0 412,1.4443402370341885,3.1411641385909403,0.0,0.0,scenario1,notwindy,fixed
6255,579,DE0 383,DE0 432,3.906637798861629,10.05745225513265,0.0,0.0,scenario1,notwindy,fixed
6256,58,DE0 115,DE0 12,3.7267461168198603,6.297009845903349,0.0,0.0,scenario1,notwindy,fixed
6257,580,DE0 383,DE0 434,2.8148369926031136,7.52219383245812,0.0,0.0,scenario1,notwindy,fixed
6258,581,DE0 383,DE0 97,11.926481232597595,22.82983776520818,0.0,0.0,scenario1,notwindy,fixed
6259,582,DE0 386,DE0 99,9.020292038280674,18.748532330650796,0.0,0.0,scenario1,notwindy,fixed
6260,583,DE0 387,DE0 412,2.297472397998286,4.245476421713372,0.0,0.0,scenario1,notwindy,fixed
6261,584,DE0 388,DE0 57,1.2698237135739296,2.7569083199125775,0.0,0.0,scenario1,notwindy,fixed
6262,585,DE0 39,DE0 425,13.135495051672505,17.658244953038267,0.0,0.0,scenario1,notwindy,fixed
6263,586,DE0 39,DE0 438,12.946915935655511,17.66043818167419,0.0,0.0,scenario1,notwindy,fixed
6264,587,DE0 390,DE0 5,11.710827586712105,23.41163430629472,0.0,0.0,scenario1,notwindy,fixed
6265,588,DE0 391,DE0 417,2.819084532407541,5.805882698048843,0.0,0.0,scenario1,notwindy,fixed
6266,589,DE0 393,DE0 403,7.6151985458400615,20.936948027231722,0.0,0.0,scenario1,notwindy,fixed
6267,59,DE0 115,DE0 398,3.1482397329274825,8.573151732815584,0.0,0.0,scenario1,notwindy,fixed
6268,590,DE0 394,DE0 395,8.085315259573763,17.563732795570324,0.0,0.0,scenario1,notwindy,fixed
6269,591,DE0 394,DE0 443,4.845671995503947,10.379878313080818,0.0,0.0,scenario1,notwindy,fixed
6270,592,DE0 395,DE0 437,3.4009131955890255,6.438466346677243,0.0,0.0,scenario1,notwindy,fixed
6271,593,DE0 396,DE0 416,8.372865478505291,12.340552211264622,0.0,0.0,scenario1,notwindy,fixed
6272,594,DE0 398,DE0 58,5.760495231900808,15.59526207460909,0.0,0.0,scenario1,notwindy,fixed
6273,595,DE0 398,DE0 81,2.0060856622596,5.714989230250167,0.0,0.0,scenario1,notwindy,fixed
6274,596,DE0 4,DE0 97,6.7853143621207135,17.424436518235815,0.0,0.0,scenario1,notwindy,fixed
6275,597,DE0 40,DE0 410,14.284693402844306,26.90663811345601,0.0,0.0,scenario1,notwindy,fixed
6276,598,DE0 400,DE0 56,11.63863060841149,22.38052935053519,0.0,0.0,scenario1,notwindy,fixed
6277,599,DE0 401,DE0 427,13.005117769316557,16.10298795450887,0.0,0.0,scenario1,notwindy,fixed
6278,6,DE0 0,DE0 83,10.623143941580212,20.936273349393243,0.0,0.0,scenario1,notwindy,fixed
6279,60,DE0 115,DE0 46,6.158987386139316,12.287078783282155,0.0,0.0,scenario1,notwindy,fixed
6280,600,DE0 402,DE0 446,11.68776215505976,35.61448366725628,0.0,0.0,scenario1,notwindy,fixed
6281,601,DE0 404,DE0 84,4.715424465069327,10.1617205944809,0.0,0.0,scenario1,notwindy,fixed
6282,602,DE0 405,DE0 79,1.8565405200355922,4.6528602370380625,0.0,0.0,scenario1,notwindy,fixed
6283,603,DE0 409,DE0 444,4.449531971739424,8.362493347806497,0.0,0.0,scenario1,notwindy,fixed
6284,604,DE0 41,DE0 79,6.623693520839239,13.516546766227977,0.0,0.0,scenario1,notwindy,fixed
6285,605,DE0 415,DE0 53,7.515851453650544,17.49859838783355,0.0,0.0,scenario1,notwindy,fixed
6286,606,DE0 415,DE0 76,5.525059071554924,15.057242621116462,0.0,0.0,scenario1,notwindy,fixed
6287,607,DE0 416,DE0 63,14.0815824210338,18.321274081060892,0.0,0.0,scenario1,notwindy,fixed
6288,608,DE0 421,DE0 84,10.154361517596616,18.427396697403847,0.0,0.0,scenario1,notwindy,fixed
6289,609,DE0 43,DE0 96,3.9892638259284787,10.884127892799816,0.0,0.0,scenario1,notwindy,fixed
6290,61,DE0 115,DE0 81,3.157309062958035,8.62263022023153,0.0,0.0,scenario1,notwindy,fixed
6291,610,DE0 430,DE0 5,1.8754206606361654,4.531685530540627,0.0,0.0,scenario1,notwindy,fixed
6292,611,DE0 435,DE0 52,4.641928037738297,14.041426849794517,0.0,0.0,scenario1,notwindy,fixed
6293,612,DE0 435,DE0 6,11.865513554810349,17.483659860585053,0.0,0.0,scenario1,notwindy,fixed
6294,613,DE0 435,DE0 89,11.660831406364723,16.20196215003666,0.0,0.0,scenario1,notwindy,fixed
6295,614,DE0 440,DE0 5,4.818365753146335,13.310198912891552,0.0,0.0,scenario1,notwindy,fixed
6296,615,DE0 443,DE0 90,3.328838401080277,7.214141997195657,0.0,0.0,scenario1,notwindy,fixed
6297,616,DE0 46,DE0 93,4.640323914029196,11.495668175083779,0.0,0.0,scenario1,notwindy,fixed
6298,617,DE0 46,DE0 94,7.968509275020512,22.52881628607991,0.0,0.0,scenario1,notwindy,fixed
6299,618,DE0 50,DE0 99,9.952897929953469,35.93214419365995,0.0,0.0,scenario1,notwindy,fixed
6300,619,DE0 58,DE0 72,11.81595509267621,16.64886211424812,0.0,0.0,scenario1,notwindy,fixed
6301,62,DE0 116,DE0 185,0.8308674201094559,3.2922011521696923,0.0,0.0,scenario1,notwindy,fixed
6302,620,DE0 60,DE0 85,3.6643965632677125,5.765170332252781,0.0,0.0,scenario1,notwindy,fixed
6303,621,DE0 61,DE0 91,7.488890455433641,17.49809078061486,0.0,0.0,scenario1,notwindy,fixed
6304,622,DE0 61,DE0 96,16.49328232982935,24.139655722254602,0.0,0.0,scenario1,notwindy,fixed
6305,623,DE0 64,DE0 86,9.0623195764473,13.17975824833991,0.0,0.0,scenario1,notwindy,fixed
6306,624,DE0 7,DE0 80,11.9775388727079,16.588971875488177,0.0,0.0,scenario1,notwindy,fixed
6307,625,DE0 71,DE0 96,15.259213386967183,42.55468010130669,0.0,0.0,scenario1,notwindy,fixed
6308,626,DE0 74,DE0 88,3.8881993512120405,11.39115276739874,0.0,0.0,scenario1,notwindy,fixed
6309,627,DE0 83,DE0 86,3.8415998234091893,13.149299579808138,0.0,0.0,scenario1,notwindy,fixed
6310,63,DE0 116,DE0 190,4.811239108666083,14.302079406076441,0.0,0.0,scenario1,notwindy,fixed
6311,64,DE0 116,DE0 330,3.916123281313365,11.139450496791673,0.0,0.0,scenario1,notwindy,fixed
6312,65,DE0 117,DE0 203,11.3652723691446,16.515064823065202,0.0,0.0,scenario1,notwindy,fixed
6313,66,DE0 117,DE0 227,22.89931820026694,36.16859316716816,0.0,0.0,scenario1,notwindy,fixed
6314,67,DE0 118,DE0 145,8.189302149232356,13.429975734010618,0.0,0.0,scenario1,notwindy,fixed
6315,68,DE0 118,DE0 2,10.114891930996446,15.870066811030432,0.0,0.0,scenario1,notwindy,fixed
6316,69,DE0 119,DE0 149,3.506363257683599,8.711413317631669,0.0,0.0,scenario1,notwindy,fixed
6317,7,DE0 0,DE0 93,14.191509790228285,17.13928814753603,0.0,0.0,scenario1,notwindy,fixed
6318,70,DE0 119,DE0 198,8.534024485017733,17.492946631311693,0.0,0.0,scenario1,notwindy,fixed
6319,71,DE0 119,DE0 442,4.91933255918213,11.91198988891915,0.0,0.0,scenario1,notwindy,fixed
6320,72,DE0 12,DE0 96,3.364407138143377,5.536162972557008,0.0,0.0,scenario1,notwindy,fixed
6321,73,DE0 120,DE0 2,3.476859841436511,11.82859349578301,0.0,0.0,scenario1,notwindy,fixed
6322,74,DE0 120,DE0 72,14.205597530750442,23.473900271934127,0.0,0.0,scenario1,notwindy,fixed
6323,75,DE0 121,DE0 290,12.660483843417838,19.015701318783528,0.0,0.0,scenario1,notwindy,fixed
6324,76,DE0 121,DE0 370,13.352530922283098,20.22775328511812,0.0,0.0,scenario1,notwindy,fixed
6325,77,DE0 122,DE0 226,18.02900721796921,40.84356367681151,0.0,0.0,scenario1,notwindy,fixed
6326,78,DE0 122,DE0 261,9.267634794070347,24.26447785308131,0.0,0.0,scenario1,notwindy,fixed
6327,79,DE0 122,DE0 64,13.642384537366183,24.686931953463233,0.0,0.0,scenario1,notwindy,fixed
6328,8,DE0 1,DE0 110,5.321138557054831,13.855204584659075,0.0,0.0,scenario1,notwindy,fixed
6329,80,DE0 122,DE0 86,9.982789836200205,13.183103048020254,0.0,0.0,scenario1,notwindy,fixed
6330,81,DE0 123,DE0 307,2.8952650290626494,5.552302907240149,0.0,0.0,scenario1,notwindy,fixed
6331,82,DE0 123,DE0 325,2.5309145189197784,8.540213275029188,0.0,0.0,scenario1,notwindy,fixed
6332,83,DE0 124,DE0 240,14.333917408805954,24.73157712798284,0.0,0.0,scenario1,notwindy,fixed
6333,84,DE0 124,DE0 374,26.13631406826039,50.067795561556615,0.0,0.0,scenario1,notwindy,fixed
6334,85,DE0 124,DE0 77,18.816416207916422,33.78807493839421,0.0,0.0,scenario1,notwindy,fixed
6335,86,DE0 124,DE0 90,17.614091140092196,25.100343090394507,0.0,0.0,scenario1,notwindy,fixed
6336,87,DE0 125,DE0 233,2.262956175432552,6.136624401045335,0.0,0.0,scenario1,notwindy,fixed
6337,88,DE0 125,DE0 271,3.70033807801299,11.182598895361428,0.0,0.0,scenario1,notwindy,fixed
6338,89,DE0 126,DE0 181,10.464137739981522,26.008126141429795,0.0,0.0,scenario1,notwindy,fixed
6339,9,DE0 1,DE0 131,7.805367678959568,24.883882960475457,0.0,0.0,scenario1,notwindy,fixed
6340,90,DE0 126,DE0 250,17.430172666406563,40.909539116850205,0.0,0.0,scenario1,notwindy,fixed
6341,91,DE0 127,DE0 22,4.132863559078605,15.69070719263661,0.0,0.0,scenario1,notwindy,fixed
6342,92,DE0 127,DE0 233,3.440348176837677,8.593432542760207,0.0,0.0,scenario1,notwindy,fixed
6343,93,DE0 127,DE0 271,4.19627105750902,11.617952495816914,0.0,0.0,scenario1,notwindy,fixed
6344,94,DE0 128,DE0 174,13.602138909159898,20.211698782291077,0.0,0.0,scenario1,notwindy,fixed
6345,95,DE0 128,DE0 175,13.638344019558124,21.64588863642897,0.0,0.0,scenario1,notwindy,fixed
6346,96,DE0 129,DE0 330,11.67022501777925,17.257513702358455,0.0,0.0,scenario1,notwindy,fixed
6347,97,DE0 129,DE0 390,1.3406191566321846,5.76183984105332,0.0,0.0,scenario1,notwindy,fixed
6348,98,DE0 13,DE0 329,13.45503381251581,17.446371860493436,0.0,0.0,scenario1,notwindy,fixed
6349,99,DE0 13,DE0 69,28.844582769162603,67.77956738249175,4.0,0.0,scenario1,notwindy,fixed
6350,0,DE0 0,DE0 243,50.062139619623444,53.48601239721016,0.0,0.0,scenario1,windvariability,fixed
6351,1,DE0 0,DE0 329,34.28713327292153,42.9688952493301,0.0,0.0,scenario1,windvariability,fixed
6352,10,DE0 1,DE0 150,69.44721434437385,69.4472143595379,24.0,0.0,scenario1,windvariability,fixed
6353,100,DE0 130,DE0 153,9.417254187007424,15.744339994011568,0.0,0.0,scenario1,windvariability,fixed
6354,101,DE0 130,DE0 347,6.523269888135159,9.60788659436681,0.0,0.0,scenario1,windvariability,fixed
6355,102,DE0 130,DE0 402,17.805357565118687,22.16711883834718,0.0,0.0,scenario1,windvariability,fixed
6356,103,DE0 131,DE0 33,60.22520785015563,63.41635365817485,13.0,0.0,scenario1,windvariability,fixed
6357,104,DE0 131,DE0 415,36.316196807205124,40.79457636885089,0.0,0.0,scenario1,windvariability,fixed
6358,105,DE0 131,DE0 71,27.424286443775888,38.258077116520276,0.0,0.0,scenario1,windvariability,fixed
6359,106,DE0 131,DE0 96,26.14431143207244,31.96722920372149,0.0,0.0,scenario1,windvariability,fixed
6360,107,DE0 132,DE0 24,53.584404153985524,69.34251647098594,11.0,0.0,scenario1,windvariability,fixed
6361,108,DE0 132,DE0 259,38.81944275580389,58.022037635021896,0.0,0.0,scenario1,windvariability,fixed
6362,109,DE0 132,DE0 42,26.10148030956741,68.88730558482847,4.0,0.0,scenario1,windvariability,fixed
6363,11,DE0 1,DE0 209,21.928053399247084,36.128494221815274,0.0,0.0,scenario1,windvariability,fixed
6364,110,DE0 133,DE0 312,9.19761460980899,13.561045942957056,0.0,0.0,scenario1,windvariability,fixed
6365,111,DE0 133,DE0 316,20.028658730428827,22.9259764317519,0.0,0.0,scenario1,windvariability,fixed
6366,112,DE0 133,DE0 371,25.801204596149013,28.679893919815154,0.0,0.0,scenario1,windvariability,fixed
6367,113,DE0 133,DE0 412,29.204351169803743,33.39072878946301,0.0,0.0,scenario1,windvariability,fixed
6368,114,DE0 134,DE0 145,26.59801969439568,40.21254435830647,0.0,0.0,scenario1,windvariability,fixed
6369,115,DE0 134,DE0 274,52.108529525898376,58.464941113364574,0.0,0.0,scenario1,windvariability,fixed
6370,116,DE0 134,DE0 423,36.75561754703625,43.67222358021516,0.0,0.0,scenario1,windvariability,fixed
6371,117,DE0 135,DE0 300,65.79754203701673,67.8845490927865,24.0,0.0,scenario1,windvariability,fixed
6372,118,DE0 135,DE0 313,63.59784360528957,67.54162388313758,20.0,0.0,scenario1,windvariability,fixed
6373,119,DE0 136,DE0 317,69.92001111973111,69.92001137712478,24.0,0.0,scenario1,windvariability,fixed
6374,12,DE0 10,DE0 219,69.76648666716407,69.7664866978044,24.0,0.0,scenario1,windvariability,fixed
6375,120,DE0 136,DE0 32,22.00652270542766,29.10175670753099,0.0,0.0,scenario1,windvariability,fixed
6376,121,DE0 136,DE0 43,8.06836501576802,17.084741639944433,0.0,0.0,scenario1,windvariability,fixed
6377,122,DE0 136,DE0 72,58.39073248499368,68.38063074817791,15.0,0.0,scenario1,windvariability,fixed
6378,123,DE0 137,DE0 22,61.94232853899398,68.0839451773677,16.0,0.0,scenario1,windvariability,fixed
6379,124,DE0 137,DE0 61,62.512904310690395,69.71015602570199,15.0,0.0,scenario1,windvariability,fixed
6380,125,DE0 138,DE0 174,12.224265337913227,21.517622213248856,0.0,0.0,scenario1,windvariability,fixed
6381,126,DE0 138,DE0 194,50.22240656853939,53.360500561798354,0.0,0.0,scenario1,windvariability,fixed
6382,127,DE0 138,DE0 420,25.217307674143658,30.222023322869106,0.0,0.0,scenario1,windvariability,fixed
6383,128,DE0 139,DE0 209,22.310440829057203,35.7842282903144,0.0,0.0,scenario1,windvariability,fixed
6384,129,DE0 139,DE0 281,9.928331586148742,16.315974625148495,0.0,0.0,scenario1,windvariability,fixed
6385,13,DE0 10,DE0 382,25.52517294541356,28.452368638798525,0.0,0.0,scenario1,windvariability,fixed
6386,130,DE0 14,DE0 38,25.38091027040938,31.55074182709818,0.0,0.0,scenario1,windvariability,fixed
6387,131,DE0 14,DE0 58,33.757343507073024,42.616083304404405,0.0,0.0,scenario1,windvariability,fixed
6388,132,DE0 140,DE0 219,33.25581396322395,38.74756037610324,0.0,0.0,scenario1,windvariability,fixed
6389,133,DE0 140,DE0 369,36.01954127870739,40.52106301649719,0.0,0.0,scenario1,windvariability,fixed
6390,134,DE0 140,DE0 429,12.602614187048431,16.312372829623367,0.0,0.0,scenario1,windvariability,fixed
6391,135,DE0 141,DE0 265,12.109578279017533,12.942338239688192,0.0,0.0,scenario1,windvariability,fixed
6392,136,DE0 141,DE0 337,17.358426022597126,17.760655836420018,0.0,0.0,scenario1,windvariability,fixed
6393,137,DE0 141,DE0 363,11.117089041580941,12.957507496647104,0.0,0.0,scenario1,windvariability,fixed
6394,138,DE0 141,DE0 427,22.812244396736872,24.012995323171044,0.0,0.0,scenario1,windvariability,fixed
6395,139,DE0 142,DE0 267,53.03466376609347,64.86055233099246,5.0,0.0,scenario1,windvariability,fixed
6396,14,DE0 10,DE0 49,30.955623856858345,33.41906717752139,0.0,0.0,scenario1,windvariability,fixed
6397,140,DE0 142,DE0 434,52.432740979820515,64.5520465678879,5.0,0.0,scenario1,windvariability,fixed
6398,141,DE0 143,DE0 373,0.798259153664053,0.9296759149020052,0.0,0.0,scenario1,windvariability,fixed
6399,142,DE0 143,DE0 449,0.9396683357430738,1.092134404329472,0.0,0.0,scenario1,windvariability,fixed
6400,143,DE0 144,DE0 213,30.250506776924606,32.91922201291907,0.0,0.0,scenario1,windvariability,fixed
6401,144,DE0 144,DE0 382,31.083752220570375,34.2088983524579,0.0,0.0,scenario1,windvariability,fixed
6402,145,DE0 146,DE0 187,48.94870306599644,69.47191065514617,6.0,0.0,scenario1,windvariability,fixed
6403,146,DE0 146,DE0 24,36.09063197735858,63.211185635594944,3.0,0.0,scenario1,windvariability,fixed
6404,147,DE0 146,DE0 262,38.47935299463279,64.757557975661,4.0,0.0,scenario1,windvariability,fixed
6405,148,DE0 147,DE0 196,16.69132838221379,18.539624840880766,0.0,0.0,scenario1,windvariability,fixed
6406,149,DE0 147,DE0 36,12.398941638136401,18.279379103793758,0.0,0.0,scenario1,windvariability,fixed
6407,15,DE0 100,DE0 245,25.13971030008343,34.322101878392964,0.0,0.0,scenario1,windvariability,fixed
6408,150,DE0 148,DE0 214,28.652030638344044,31.863188738545034,0.0,0.0,scenario1,windvariability,fixed
6409,151,DE0 148,DE0 45,23.454054495966915,26.042215345341518,0.0,0.0,scenario1,windvariability,fixed
6410,152,DE0 148,DE0 60,27.778829818847367,34.99429337130918,0.0,0.0,scenario1,windvariability,fixed
6411,153,DE0 149,DE0 198,12.192494587425836,15.878567725462847,0.0,0.0,scenario1,windvariability,fixed
6412,154,DE0 15,DE0 250,13.352771657801387,17.05641204319603,0.0,0.0,scenario1,windvariability,fixed
6413,155,DE0 15,DE0 419,19.418697415424365,25.330291462319853,0.0,0.0,scenario1,windvariability,fixed
6414,156,DE0 150,DE0 189,39.65648192259461,45.353940773169775,0.0,0.0,scenario1,windvariability,fixed
6415,157,DE0 150,DE0 408,46.29489658430533,51.870474137703994,0.0,0.0,scenario1,windvariability,fixed
6416,158,DE0 151,DE0 20,7.050466782959698,9.802090567185552,0.0,0.0,scenario1,windvariability,fixed
6417,159,DE0 151,DE0 410,9.927957314445061,12.957338073989696,0.0,0.0,scenario1,windvariability,fixed
6418,16,DE0 100,DE0 303,6.255924536820522,11.783506899666227,0.0,0.0,scenario1,windvariability,fixed
6419,160,DE0 151,DE0 78,5.232165874174253,8.696087148086784,0.0,0.0,scenario1,windvariability,fixed
6420,161,DE0 152,DE0 258,17.196320201004504,20.50546453297919,0.0,0.0,scenario1,windvariability,fixed
6421,162,DE0 152,DE0 356,22.102847167901178,24.48088788159369,0.0,0.0,scenario1,windvariability,fixed
6422,163,DE0 153,DE0 40,7.879047408776042,14.469217378118735,0.0,0.0,scenario1,windvariability,fixed
6423,164,DE0 154,DE0 256,44.88767326534881,53.74073511650871,0.0,0.0,scenario1,windvariability,fixed
6424,165,DE0 154,DE0 72,13.541247325418922,17.297295673759574,0.0,0.0,scenario1,windvariability,fixed
6425,166,DE0 155,DE0 247,32.77271779178375,44.190632264289874,0.0,0.0,scenario1,windvariability,fixed
6426,167,DE0 155,DE0 292,69.97163500184564,69.9716350201397,24.0,0.0,scenario1,windvariability,fixed
6427,168,DE0 156,DE0 22,47.25464087803762,64.28339891120146,2.0,0.0,scenario1,windvariability,fixed
6428,169,DE0 156,DE0 48,63.371082179541126,69.78599032694494,18.0,0.0,scenario1,windvariability,fixed
6429,17,DE0 100,DE0 352,58.25152867431566,68.80109683898128,15.0,0.0,scenario1,windvariability,fixed
6430,170,DE0 157,DE0 251,41.80604190503816,49.86357788839482,0.0,0.0,scenario1,windvariability,fixed
6431,171,DE0 157,DE0 304,38.529928634909496,47.864416222802674,0.0,0.0,scenario1,windvariability,fixed
6432,172,DE0 158,DE0 361,7.818673980923722,14.301263002295112,0.0,0.0,scenario1,windvariability,fixed
6433,173,DE0 158,DE0 389,45.833974598932045,50.78210532378537,0.0,0.0,scenario1,windvariability,fixed
6434,174,DE0 159,DE0 234,11.820439362901176,15.405943304762607,0.0,0.0,scenario1,windvariability,fixed
6435,175,DE0 159,DE0 252,28.040760359582368,34.20815069745219,0.0,0.0,scenario1,windvariability,fixed
6436,176,DE0 159,DE0 279,0.7405909028974176,1.8618790193514523,0.0,0.0,scenario1,windvariability,fixed
6437,177,DE0 159,DE0 405,1.43025919660611,3.636482041700079,0.0,0.0,scenario1,windvariability,fixed
6438,178,DE0 16,DE0 304,69.84860241581605,69.84860548038591,24.0,0.0,scenario1,windvariability,fixed
6439,179,DE0 16,DE0 311,43.610618672036864,44.398033171047864,0.0,0.0,scenario1,windvariability,fixed
6440,18,DE0 100,DE0 422,37.86328801963257,54.49212277036622,0.0,0.0,scenario1,windvariability,fixed
6441,180,DE0 160,DE0 182,10.918743773862765,25.029397031653694,0.0,0.0,scenario1,windvariability,fixed
6442,181,DE0 160,DE0 237,11.851757475400209,23.749037605745627,0.0,0.0,scenario1,windvariability,fixed
6443,182,DE0 160,DE0 349,25.527804445944014,43.73004052882963,0.0,0.0,scenario1,windvariability,fixed
6444,183,DE0 160,DE0 37,10.902548312942342,18.39219293008332,0.0,0.0,scenario1,windvariability,fixed
6445,184,DE0 160,DE0 393,13.855468168264022,34.73385463282631,0.0,0.0,scenario1,windvariability,fixed
6446,185,DE0 160,DE0 62,14.616852227758578,32.826774627811645,0.0,0.0,scenario1,windvariability,fixed
6447,186,DE0 161,DE0 186,36.39295605704566,41.341014717632305,0.0,0.0,scenario1,windvariability,fixed
6448,187,DE0 161,DE0 230,57.42479869408235,67.8322369006183,10.0,0.0,scenario1,windvariability,fixed
6449,188,DE0 161,DE0 4,23.593980147062606,36.50045785489794,0.0,0.0,scenario1,windvariability,fixed
6450,189,DE0 161,DE0 68,61.68425801789622,68.32137999196786,14.0,0.0,scenario1,windvariability,fixed
6451,19,DE0 101,DE0 229,5.890652826838978,8.708874033173805,0.0,0.0,scenario1,windvariability,fixed
6452,190,DE0 162,DE0 324,45.29623672138154,63.582011718481304,4.0,0.0,scenario1,windvariability,fixed
6453,191,DE0 163,DE0 205,25.067897221445516,30.871134323621114,0.0,0.0,scenario1,windvariability,fixed
6454,192,DE0 163,DE0 330,16.178905708052262,22.508622598269085,0.0,0.0,scenario1,windvariability,fixed
6455,193,DE0 163,DE0 390,29.5255661739159,47.615373624769994,0.0,0.0,scenario1,windvariability,fixed
6456,194,DE0 164,DE0 180,4.772195536853014,7.753227314970503,0.0,0.0,scenario1,windvariability,fixed
6457,195,DE0 164,DE0 47,0.7471461575156342,1.8508870177364238,0.0,0.0,scenario1,windvariability,fixed
6458,196,DE0 164,DE0 78,2.8605589710994694,6.3032681500640715,0.0,0.0,scenario1,windvariability,fixed
6459,197,DE0 165,DE0 249,13.985857053462466,20.99710695779281,0.0,0.0,scenario1,windvariability,fixed
6460,198,DE0 165,DE0 412,28.684223626959632,43.963262083805624,0.0,0.0,scenario1,windvariability,fixed
6461,199,DE0 166,DE0 253,18.372212019344637,26.773814696306843,0.0,0.0,scenario1,windvariability,fixed
6462,2,DE0 0,DE0 367,7.03459111377645,12.932694866504571,0.0,0.0,scenario1,windvariability,fixed
6463,20,DE0 101,DE0 232,11.441622788649862,12.784177743424596,0.0,0.0,scenario1,windvariability,fixed
6464,200,DE0 166,DE0 335,21.378068814546825,36.770865929714205,0.0,0.0,scenario1,windvariability,fixed
6465,201,DE0 167,DE0 174,24.964449793919865,37.88084437935109,0.0,0.0,scenario1,windvariability,fixed
6466,202,DE0 167,DE0 397,42.376217376676756,50.97725743585217,0.0,0.0,scenario1,windvariability,fixed
6467,203,DE0 167,DE0 67,4.346293262029697,7.989666260106809,0.0,0.0,scenario1,windvariability,fixed
6468,204,DE0 168,DE0 221,43.12118361697676,56.72515008162789,0.0,0.0,scenario1,windvariability,fixed
6469,205,DE0 168,DE0 233,36.85634853618236,43.212447045285316,0.0,0.0,scenario1,windvariability,fixed
6470,206,DE0 168,DE0 296,29.177216346476786,31.361864458395715,0.0,0.0,scenario1,windvariability,fixed
6471,207,DE0 169,DE0 200,50.66699594786696,55.28807774508561,0.0,0.0,scenario1,windvariability,fixed
6472,208,DE0 169,DE0 367,46.23098037797169,50.26546609011848,0.0,0.0,scenario1,windvariability,fixed
6473,209,DE0 17,DE0 177,19.583293141619116,27.917994126263867,0.0,0.0,scenario1,windvariability,fixed
6474,21,DE0 102,DE0 115,10.851846536659671,13.62316833571243,0.0,0.0,scenario1,windvariability,fixed
6475,210,DE0 17,DE0 330,25.145995694573564,47.79217775818502,0.0,0.0,scenario1,windvariability,fixed
6476,211,DE0 170,DE0 231,25.535212745836038,30.74562606268236,0.0,0.0,scenario1,windvariability,fixed
6477,212,DE0 170,DE0 258,16.7805517886596,21.4340743420855,0.0,0.0,scenario1,windvariability,fixed
6478,213,DE0 170,DE0 34,6.581905011977991,10.586843981958815,0.0,0.0,scenario1,windvariability,fixed
6479,214,DE0 171,DE0 288,16.588567087940216,17.491795691232692,0.0,0.0,scenario1,windvariability,fixed
6480,215,DE0 171,DE0 306,3.8479388106162165,5.079653496645365,0.0,0.0,scenario1,windvariability,fixed
6481,216,DE0 171,DE0 348,12.327879026737286,14.38352504034371,0.0,0.0,scenario1,windvariability,fixed
6482,217,DE0 171,DE0 355,37.47211493272879,39.34119128374618,0.0,0.0,scenario1,windvariability,fixed
6483,218,DE0 172,DE0 59,21.94295801079493,36.643945323102,0.0,0.0,scenario1,windvariability,fixed
6484,219,DE0 172,DE0 80,27.088427227093153,32.00098392718055,0.0,0.0,scenario1,windvariability,fixed
6485,22,DE0 102,DE0 46,65.31848023562391,68.91214678229959,24.0,0.0,scenario1,windvariability,fixed
6486,220,DE0 172,DE0 83,18.830465949811494,22.416966468323814,0.0,0.0,scenario1,windvariability,fixed
6487,221,DE0 173,DE0 222,15.9031769776564,17.420575075193902,0.0,0.0,scenario1,windvariability,fixed
6488,222,DE0 173,DE0 381,2.4101568876581965,4.352423635996568,0.0,0.0,scenario1,windvariability,fixed
6489,223,DE0 174,DE0 425,8.257645230351622,16.964933743285748,0.0,0.0,scenario1,windvariability,fixed
6490,224,DE0 175,DE0 199,47.26837658363662,53.1973367635733,0.0,0.0,scenario1,windvariability,fixed
6491,225,DE0 175,DE0 434,45.12916326828658,52.8159540317429,0.0,0.0,scenario1,windvariability,fixed
6492,226,DE0 175,DE0 438,64.96857526040989,69.46476206417157,20.0,0.0,scenario1,windvariability,fixed
6493,227,DE0 176,DE0 22,56.36101913782402,65.01823523469434,12.0,0.0,scenario1,windvariability,fixed
6494,228,DE0 176,DE0 303,62.57718422280226,68.51261943463992,15.0,0.0,scenario1,windvariability,fixed
6495,229,DE0 176,DE0 352,31.151813782266785,62.37878336874587,1.0,0.0,scenario1,windvariability,fixed
6496,23,DE0 102,DE0 96,57.315694935605734,64.56514459055505,7.0,0.0,scenario1,windvariability,fixed
6497,230,DE0 177,DE0 85,16.27041386818867,21.75951957488013,0.0,0.0,scenario1,windvariability,fixed
6498,231,DE0 178,DE0 276,37.91066360276488,39.44665965417033,0.0,0.0,scenario1,windvariability,fixed
6499,232,DE0 178,DE0 395,39.781427964543184,41.415949545689216,0.0,0.0,scenario1,windvariability,fixed
6500,233,DE0 179,DE0 224,22.9045381460397,27.312516750019057,0.0,0.0,scenario1,windvariability,fixed
6501,234,DE0 179,DE0 50,21.933202633630508,25.12730937994118,0.0,0.0,scenario1,windvariability,fixed
6502,235,DE0 18,DE0 282,56.71120265175579,60.92545362525593,1.0,0.0,scenario1,windvariability,fixed
6503,236,DE0 18,DE0 306,33.02050259545564,35.60825185538856,0.0,0.0,scenario1,windvariability,fixed
6504,237,DE0 18,DE0 418,22.91870851777018,24.581820802717097,0.0,0.0,scenario1,windvariability,fixed
6505,238,DE0 180,DE0 26,3.249659170042965,7.363205423264698,0.0,0.0,scenario1,windvariability,fixed
6506,239,DE0 180,DE0 47,9.91227368442212,13.828671960123812,0.0,0.0,scenario1,windvariability,fixed
6507,24,DE0 103,DE0 148,2.4926770559275795,5.357137871813812,0.0,0.0,scenario1,windvariability,fixed
6508,240,DE0 181,DE0 250,38.67666753344026,69.26651629632133,9.0,0.0,scenario1,windvariability,fixed
6509,241,DE0 181,DE0 269,31.99449284813174,50.13037131287093,0.0,0.0,scenario1,windvariability,fixed
6510,242,DE0 181,DE0 44,50.83066025392272,56.39565563244041,0.0,0.0,scenario1,windvariability,fixed
6511,243,DE0 182,DE0 62,5.703928108296695,14.020781912822963,0.0,0.0,scenario1,windvariability,fixed
6512,244,DE0 183,DE0 241,56.441725764893455,64.05326965280793,9.0,0.0,scenario1,windvariability,fixed
6513,245,DE0 183,DE0 327,57.868320171655654,66.02356300284059,10.0,0.0,scenario1,windvariability,fixed
6514,246,DE0 184,DE0 26,21.71170432845969,29.91035620229056,0.0,0.0,scenario1,windvariability,fixed
6515,247,DE0 184,DE0 261,11.378363084732724,14.953093514195107,0.0,0.0,scenario1,windvariability,fixed
6516,248,DE0 184,DE0 329,68.11681714751714,68.35355435194612,24.0,0.0,scenario1,windvariability,fixed
6517,249,DE0 184,DE0 69,9.876615106701781,12.73137832209863,0.0,0.0,scenario1,windvariability,fixed
6518,25,DE0 103,DE0 54,8.174346460799068,10.884005229438781,0.0,0.0,scenario1,windvariability,fixed
6519,250,DE0 185,DE0 205,22.21269240527056,27.630637178639393,0.0,0.0,scenario1,windvariability,fixed
6520,251,DE0 185,DE0 441,29.498960679314774,40.09553326256013,0.0,0.0,scenario1,windvariability,fixed
6521,252,DE0 186,DE0 82,39.9802656138924,44.67120899621533,0.0,0.0,scenario1,windvariability,fixed
6522,253,DE0 187,DE0 436,41.98282385039743,50.49365470095609,0.0,0.0,scenario1,windvariability,fixed
6523,254,DE0 188,DE0 309,22.31176370807392,34.139472776847015,0.0,0.0,scenario1,windvariability,fixed
6524,255,DE0 188,DE0 40,17.39321801498024,24.507613479303757,0.0,0.0,scenario1,windvariability,fixed
6525,256,DE0 188,DE0 410,3.8441297095116185,4.8167715399081885,0.0,0.0,scenario1,windvariability,fixed
6526,257,DE0 189,DE0 73,26.690314061087655,29.329654268189785,0.0,0.0,scenario1,windvariability,fixed
6527,258,DE0 19,DE0 299,1.5100366611659435,1.9918641143359523,0.0,0.0,scenario1,windvariability,fixed
6528,259,DE0 19,DE0 411,1.9815816893879592,2.6542196631926043,0.0,0.0,scenario1,windvariability,fixed
6529,26,DE0 103,DE0 9,11.348178001311924,12.8481720331776,0.0,0.0,scenario1,windvariability,fixed
6530,260,DE0 190,DE0 330,59.04136963623176,69.74211649009274,17.0,0.0,scenario1,windvariability,fixed
6531,261,DE0 191,DE0 435,48.2290396403271,64.30132445106653,4.0,0.0,scenario1,windvariability,fixed
6532,262,DE0 191,DE0 89,26.19838268801182,31.828536004285745,0.0,0.0,scenario1,windvariability,fixed
6533,263,DE0 192,DE0 319,27.59361466590431,52.64170885771677,0.0,0.0,scenario1,windvariability,fixed
6534,264,DE0 192,DE0 349,36.06532276125418,40.337342785564665,0.0,0.0,scenario1,windvariability,fixed
6535,265,DE0 192,DE0 403,57.05431122895055,69.91200068240958,13.0,0.0,scenario1,windvariability,fixed
6536,266,DE0 193,DE0 229,1.3270542744008977,2.6725640873876597,0.0,0.0,scenario1,windvariability,fixed
6537,267,DE0 193,DE0 3,1.72733188052098,3.618492540229232,0.0,0.0,scenario1,windvariability,fixed
6538,268,DE0 193,DE0 342,7.6992437028910645,15.133980171954406,0.0,0.0,scenario1,windvariability,fixed
6539,269,DE0 193,DE0 356,3.605410263130609,6.353138871834021,0.0,0.0,scenario1,windvariability,fixed
6540,27,DE0 104,DE0 201,16.052898163032424,18.96923586723179,0.0,0.0,scenario1,windvariability,fixed
6541,270,DE0 194,DE0 76,56.47758548104199,62.40706193684239,5.0,0.0,scenario1,windvariability,fixed
6542,271,DE0 195,DE0 264,43.017689830170404,45.80803737230218,0.0,0.0,scenario1,windvariability,fixed
6543,272,DE0 195,DE0 301,37.85605235625222,41.06790409426978,0.0,0.0,scenario1,windvariability,fixed
6544,273,DE0 196,DE0 377,36.699424539174835,41.64037296107399,0.0,0.0,scenario1,windvariability,fixed
6545,274,DE0 197,DE0 356,10.403271761283046,14.329497071389232,0.0,0.0,scenario1,windvariability,fixed
6546,275,DE0 197,DE0 371,12.177786009269017,13.601477926271425,0.0,0.0,scenario1,windvariability,fixed
6547,276,DE0 198,DE0 239,36.61745703782753,41.73231217811511,0.0,0.0,scenario1,windvariability,fixed
6548,277,DE0 198,DE0 248,6.2262168095964965,8.620214538922092,0.0,0.0,scenario1,windvariability,fixed
6549,278,DE0 199,DE0 432,23.32605472931412,27.37896500554791,0.0,0.0,scenario1,windvariability,fixed
6550,279,DE0 2,DE0 233,2.14008904892123,5.197633817898659,0.0,0.0,scenario1,windvariability,fixed
6551,28,DE0 104,DE0 206,39.6574512155508,42.80977365828208,0.0,0.0,scenario1,windvariability,fixed
6552,280,DE0 2,DE0 256,40.27245796295269,47.875229282841445,0.0,0.0,scenario1,windvariability,fixed
6553,281,DE0 2,DE0 72,35.25764433081508,42.547654965833786,0.0,0.0,scenario1,windvariability,fixed
6554,282,DE0 20,DE0 410,11.749423362044816,14.938037654926031,0.0,0.0,scenario1,windvariability,fixed
6555,283,DE0 200,DE0 242,11.187887418261715,15.611747959829136,0.0,0.0,scenario1,windvariability,fixed
6556,284,DE0 200,DE0 386,50.924023067345814,55.14864148932798,0.0,0.0,scenario1,windvariability,fixed
6557,285,DE0 200,DE0 440,14.746341523541382,18.705859995017885,0.0,0.0,scenario1,windvariability,fixed
6558,286,DE0 200,DE0 99,51.196715578352226,55.57411709807869,0.0,0.0,scenario1,windvariability,fixed
6559,287,DE0 201,DE0 206,30.21457777991795,32.40627890430862,0.0,0.0,scenario1,windvariability,fixed
6560,288,DE0 201,DE0 212,32.12238864927472,33.289357048131926,0.0,0.0,scenario1,windvariability,fixed
6561,289,DE0 201,DE0 399,9.366620901891931,11.123541820686421,0.0,0.0,scenario1,windvariability,fixed
6562,29,DE0 104,DE0 428,15.983916318433526,18.685116116497937,0.0,0.0,scenario1,windvariability,fixed
6563,290,DE0 201,DE0 428,4.9701686595443775,5.906581889230141,0.0,0.0,scenario1,windvariability,fixed
6564,291,DE0 202,DE0 298,69.92320147701557,69.9232088699084,24.0,0.0,scenario1,windvariability,fixed
6565,292,DE0 202,DE0 322,54.11648159023956,60.65459685803292,1.0,0.0,scenario1,windvariability,fixed
6566,293,DE0 202,DE0 360,33.76762417579689,40.384558195432255,0.0,0.0,scenario1,windvariability,fixed
6567,294,DE0 202,DE0 397,8.62981528473538,14.893209972911684,0.0,0.0,scenario1,windvariability,fixed
6568,295,DE0 202,DE0 48,51.20570482418064,57.30155131167982,0.0,0.0,scenario1,windvariability,fixed
6569,296,DE0 202,DE0 82,51.359537298895184,64.77275585581648,5.0,0.0,scenario1,windvariability,fixed
6570,297,DE0 203,DE0 212,62.19964061823101,63.776095866181684,21.0,0.0,scenario1,windvariability,fixed
6571,298,DE0 203,DE0 227,68.04530042729724,69.47623658219058,24.0,0.0,scenario1,windvariability,fixed
6572,299,DE0 203,DE0 358,62.414229894122606,65.57941591263581,21.0,0.0,scenario1,windvariability,fixed
6573,3,DE0 0,DE0 55,6.889989173264892,12.75735849539585,0.0,0.0,scenario1,windvariability,fixed
6574,30,DE0 105,DE0 260,18.278814235152026,21.0955899725292,0.0,0.0,scenario1,windvariability,fixed
6575,300,DE0 204,DE0 367,52.07936798102556,56.5855491087835,0.0,0.0,scenario1,windvariability,fixed
6576,301,DE0 204,DE0 46,51.490397126044726,53.22738209296367,0.0,0.0,scenario1,windvariability,fixed
6577,302,DE0 206,DE0 212,33.8624860062626,34.99322006456219,0.0,0.0,scenario1,windvariability,fixed
6578,303,DE0 206,DE0 290,47.23614600567971,50.43579349987688,0.0,0.0,scenario1,windvariability,fixed
6579,304,DE0 207,DE0 40,9.145121308471065,10.400725651539972,0.0,0.0,scenario1,windvariability,fixed
6580,305,DE0 207,DE0 54,5.360636577717054,7.8609178654900855,0.0,0.0,scenario1,windvariability,fixed
6581,306,DE0 208,DE0 28,26.070454739398457,32.739526013615404,0.0,0.0,scenario1,windvariability,fixed
6582,307,DE0 208,DE0 307,31.154409735794236,43.96115140195498,0.0,0.0,scenario1,windvariability,fixed
6583,308,DE0 21,DE0 234,18.25500542003815,22.31782086128044,0.0,0.0,scenario1,windvariability,fixed
6584,309,DE0 21,DE0 74,9.41438396918527,15.264208892534759,0.0,0.0,scenario1,windvariability,fixed
6585,31,DE0 105,DE0 34,10.21145699619871,14.311007673250261,0.0,0.0,scenario1,windvariability,fixed
6586,310,DE0 210,DE0 305,61.653513411735915,68.47753427443018,15.0,0.0,scenario1,windvariability,fixed
6587,311,DE0 210,DE0 400,55.502129454972284,67.43727959489514,9.0,0.0,scenario1,windvariability,fixed
6588,312,DE0 211,DE0 247,30.56242650915629,62.373554545423616,4.0,0.0,scenario1,windvariability,fixed
6589,313,DE0 211,DE0 362,16.7800523594931,38.5368234789171,0.0,0.0,scenario1,windvariability,fixed
6590,314,DE0 212,DE0 280,41.765263447753014,43.790679868014735,0.0,0.0,scenario1,windvariability,fixed
6591,315,DE0 212,DE0 300,69.81843662501706,69.81844472120166,24.0,0.0,scenario1,windvariability,fixed
6592,316,DE0 212,DE0 358,62.706982746237514,64.20321757177753,24.0,0.0,scenario1,windvariability,fixed
6593,317,DE0 212,DE0 77,15.021492854739819,17.042656753477672,0.0,0.0,scenario1,windvariability,fixed
6594,318,DE0 213,DE0 342,13.110109142280669,19.239713877905544,0.0,0.0,scenario1,windvariability,fixed
6595,319,DE0 214,DE0 45,2.3451359475451046,3.6827390997619807,0.0,0.0,scenario1,windvariability,fixed
6596,32,DE0 105,DE0 354,23.907825245109763,35.23607030367306,0.0,0.0,scenario1,windvariability,fixed
6597,320,DE0 215,DE0 42,68.10735872349167,68.71599648440908,23.0,0.0,scenario1,windvariability,fixed
6598,321,DE0 216,DE0 277,26.65100327361985,29.307674337106437,0.0,0.0,scenario1,windvariability,fixed
6599,322,DE0 216,DE0 339,21.193375196518573,23.487394217410948,0.0,0.0,scenario1,windvariability,fixed
6600,323,DE0 216,DE0 429,18.152618688311676,19.857257170716395,0.0,0.0,scenario1,windvariability,fixed
6601,324,DE0 217,DE0 388,15.582084896453097,17.238554443738103,0.0,0.0,scenario1,windvariability,fixed
6602,325,DE0 217,DE0 46,52.715665603358595,58.46961537316678,0.0,0.0,scenario1,windvariability,fixed
6603,326,DE0 217,DE0 57,18.638647238965945,20.515790270044125,0.0,0.0,scenario1,windvariability,fixed
6604,327,DE0 218,DE0 406,20.293878254188744,24.55847522241601,0.0,0.0,scenario1,windvariability,fixed
6605,328,DE0 218,DE0 73,44.661919622772636,52.35433676139959,0.0,0.0,scenario1,windvariability,fixed
6606,329,DE0 22,DE0 296,16.07630550394771,29.672034410201746,0.0,0.0,scenario1,windvariability,fixed
6607,33,DE0 106,DE0 180,9.589672547266636,15.212009361382611,0.0,0.0,scenario1,windvariability,fixed
6608,330,DE0 22,DE0 352,69.2903378473901,69.29051253689083,24.0,0.0,scenario1,windvariability,fixed
6609,331,DE0 22,DE0 8,16.258161545260567,29.895996155910172,0.0,0.0,scenario1,windvariability,fixed
6610,332,DE0 220,DE0 336,13.48683684507391,17.0842912174405,0.0,0.0,scenario1,windvariability,fixed
6611,333,DE0 220,DE0 379,1.1119153305144986,1.8935164614800062,0.0,0.0,scenario1,windvariability,fixed
6612,334,DE0 221,DE0 274,63.297025124422646,69.7573649909637,17.0,0.0,scenario1,windvariability,fixed
6613,335,DE0 222,DE0 292,57.995639085405294,66.83356214631479,6.0,0.0,scenario1,windvariability,fixed
6614,336,DE0 222,DE0 311,41.81895040806651,43.02047597889489,0.0,0.0,scenario1,windvariability,fixed
6615,337,DE0 222,DE0 381,24.488865321175886,28.87419905878044,0.0,0.0,scenario1,windvariability,fixed
6616,338,DE0 222,DE0 74,24.243331499977405,30.14541508337943,0.0,0.0,scenario1,windvariability,fixed
6617,339,DE0 222,DE0 87,26.597509864353135,35.60720697647027,0.0,0.0,scenario1,windvariability,fixed
6618,34,DE0 106,DE0 275,10.073950143711404,15.839742508196487,0.0,0.0,scenario1,windvariability,fixed
6619,340,DE0 223,DE0 286,21.285948538619067,26.62946358199348,0.0,0.0,scenario1,windvariability,fixed
6620,341,DE0 223,DE0 295,25.73433459075032,31.08547803773068,0.0,0.0,scenario1,windvariability,fixed
6621,342,DE0 224,DE0 40,22.326908664583,26.5579172050183,0.0,0.0,scenario1,windvariability,fixed
6622,343,DE0 225,DE0 425,69.60090079084857,69.60090558806553,24.0,0.0,scenario1,windvariability,fixed
6623,344,DE0 225,DE0 6,69.64816425168443,69.64816677363694,24.0,0.0,scenario1,windvariability,fixed
6624,345,DE0 226,DE0 424,15.392056435096155,17.485748108762465,0.0,0.0,scenario1,windvariability,fixed
6625,346,DE0 227,DE0 289,18.28546095214942,18.950388008094578,0.0,0.0,scenario1,windvariability,fixed
6626,347,DE0 227,DE0 334,3.88417563875467,5.0109810966302675,0.0,0.0,scenario1,windvariability,fixed
6627,348,DE0 227,DE0 396,12.09683625431343,13.376705343012759,0.0,0.0,scenario1,windvariability,fixed
6628,349,DE0 228,DE0 325,5.269518269455367,12.269504498965878,0.0,0.0,scenario1,windvariability,fixed
6629,35,DE0 107,DE0 154,31.93221645688185,38.64850800642241,0.0,0.0,scenario1,windvariability,fixed
6630,350,DE0 228,DE0 8,5.405459107871696,9.767519772588349,0.0,0.0,scenario1,windvariability,fixed
6631,351,DE0 229,DE0 236,1.2472654749050507,3.9182297951474605,0.0,0.0,scenario1,windvariability,fixed
6632,352,DE0 229,DE0 332,10.8929247780715,13.64486228468538,0.0,0.0,scenario1,windvariability,fixed
6633,353,DE0 229,DE0 449,1.5461562462088485,2.036941617485992,0.0,0.0,scenario1,windvariability,fixed
6634,354,DE0 23,DE0 380,27.410310215546435,30.199875928988618,0.0,0.0,scenario1,windvariability,fixed
6635,355,DE0 23,DE0 57,57.19263631435542,63.803237955773625,2.0,0.0,scenario1,windvariability,fixed
6636,356,DE0 230,DE0 24,46.01574087377802,53.23733711876327,0.0,0.0,scenario1,windvariability,fixed
6637,357,DE0 231,DE0 87,27.942725203864878,34.522743211172845,0.0,0.0,scenario1,windvariability,fixed
6638,358,DE0 232,DE0 382,13.864232567000522,15.371160488064495,0.0,0.0,scenario1,windvariability,fixed
6639,359,DE0 233,DE0 271,7.6719435767507855,14.05510342030304,0.0,0.0,scenario1,windvariability,fixed
6640,36,DE0 107,DE0 38,35.55615966665695,43.39990531720757,0.0,0.0,scenario1,windvariability,fixed
6641,360,DE0 233,DE0 72,48.20887223645805,56.89359184612256,0.0,0.0,scenario1,windvariability,fixed
6642,361,DE0 234,DE0 88,11.37602757218225,16.186720032979014,0.0,0.0,scenario1,windvariability,fixed
6643,362,DE0 235,DE0 382,8.636869703609122,9.911004534033356,0.0,0.0,scenario1,windvariability,fixed
6644,363,DE0 235,DE0 384,9.296696812216844,11.626015266963755,0.0,0.0,scenario1,windvariability,fixed
6645,364,DE0 236,DE0 260,20.63189069657038,24.22631837532415,0.0,0.0,scenario1,windvariability,fixed
6646,365,DE0 236,DE0 31,19.38479228930359,21.506759400087088,0.0,0.0,scenario1,windvariability,fixed
6647,366,DE0 237,DE0 37,9.684464886129117,11.861504979939818,0.0,0.0,scenario1,windvariability,fixed
6648,367,DE0 238,DE0 250,19.11590958429227,25.22076803929279,0.0,0.0,scenario1,windvariability,fixed
6649,368,DE0 238,DE0 445,18.023339943767382,24.541906401489495,0.0,0.0,scenario1,windvariability,fixed
6650,369,DE0 239,DE0 392,35.20327251313521,39.4442259697471,0.0,0.0,scenario1,windvariability,fixed
6651,37,DE0 108,DE0 246,65.43572218221917,69.8962073179233,18.0,0.0,scenario1,windvariability,fixed
6652,370,DE0 24,DE0 245,23.305305391606034,33.145726091910035,0.0,0.0,scenario1,windvariability,fixed
6653,371,DE0 24,DE0 259,56.18757766046484,69.07329935596132,12.0,0.0,scenario1,windvariability,fixed
6654,372,DE0 24,DE0 335,20.19690761801248,34.35999276172934,0.0,0.0,scenario1,windvariability,fixed
6655,373,DE0 24,DE0 68,48.384810465257154,61.75219727729384,3.0,0.0,scenario1,windvariability,fixed
6656,374,DE0 240,DE0 357,44.154643813242494,46.090711369391926,0.0,0.0,scenario1,windvariability,fixed
6657,375,DE0 241,DE0 322,55.63165960611863,62.69938992006718,6.0,0.0,scenario1,windvariability,fixed
6658,376,DE0 242,DE0 340,30.44033614294279,34.6684047441554,0.0,0.0,scenario1,windvariability,fixed
6659,377,DE0 242,DE0 99,34.07612026902622,38.19409523076028,0.0,0.0,scenario1,windvariability,fixed
6660,378,DE0 243,DE0 46,49.81467215501546,53.00560887496973,0.0,0.0,scenario1,windvariability,fixed
6661,379,DE0 244,DE0 366,15.82600455049081,18.79525995800533,0.0,0.0,scenario1,windvariability,fixed
6662,38,DE0 108,DE0 393,32.77241473186967,50.120182929146274,0.0,0.0,scenario1,windvariability,fixed
6663,380,DE0 244,DE0 448,14.340687417597165,15.530807502621535,0.0,0.0,scenario1,windvariability,fixed
6664,381,DE0 244,DE0 95,31.489592608947763,34.794950239674705,0.0,0.0,scenario1,windvariability,fixed
6665,382,DE0 245,DE0 422,23.36789667431328,31.807791212844627,0.0,0.0,scenario1,windvariability,fixed
6666,383,DE0 246,DE0 267,66.0129863326085,69.78750254211721,19.0,0.0,scenario1,windvariability,fixed
6667,384,DE0 247,DE0 74,32.089897278268644,46.06520028607896,0.0,0.0,scenario1,windvariability,fixed
6668,385,DE0 248,DE0 374,33.74410691216578,36.88923992919711,0.0,0.0,scenario1,windvariability,fixed
6669,386,DE0 248,DE0 66,26.494820019085086,30.90470312220157,0.0,0.0,scenario1,windvariability,fixed
6670,387,DE0 248,DE0 90,47.597644323468444,51.62250100271958,0.0,0.0,scenario1,windvariability,fixed
6671,388,DE0 249,DE0 36,10.703385553241173,23.147929768735317,0.0,0.0,scenario1,windvariability,fixed
6672,389,DE0 249,DE0 364,3.5260009812014554,6.85664036245594,0.0,0.0,scenario1,windvariability,fixed
6673,39,DE0 108,DE0 417,8.206277851658575,14.164798933377428,0.0,0.0,scenario1,windvariability,fixed
6674,390,DE0 25,DE0 50,45.95785342203087,48.86054745536926,0.0,0.0,scenario1,windvariability,fixed
6675,391,DE0 25,DE0 92,45.41974045068788,48.0331195567099,0.0,0.0,scenario1,windvariability,fixed
6676,392,DE0 250,DE0 56,52.12735762073528,69.19528030817935,9.0,0.0,scenario1,windvariability,fixed
6677,393,DE0 251,DE0 343,39.548509497815054,45.397969090984624,0.0,0.0,scenario1,windvariability,fixed
6678,394,DE0 251,DE0 385,2.783095671065931,7.439285697032874,0.0,0.0,scenario1,windvariability,fixed
6679,395,DE0 252,DE0 293,17.330663441995796,20.39000215384844,0.0,0.0,scenario1,windvariability,fixed
6680,396,DE0 252,DE0 344,10.166949608035543,11.923105658125314,0.0,0.0,scenario1,windvariability,fixed
6681,397,DE0 253,DE0 75,45.036067541284126,62.96613995566265,5.0,0.0,scenario1,windvariability,fixed
6682,398,DE0 254,DE0 283,13.829903586558604,14.76720006950857,0.0,0.0,scenario1,windvariability,fixed
6683,399,DE0 254,DE0 378,21.483853463179994,23.761608003719523,0.0,0.0,scenario1,windvariability,fixed
6684,4,DE0 0,DE0 59,23.742035797806768,27.16858948161428,0.0,0.0,scenario1,windvariability,fixed
6685,40,DE0 109,DE0 162,42.76211292613828,63.53452720413868,4.0,0.0,scenario1,windvariability,fixed
6686,400,DE0 254,DE0 99,29.23610556823893,32.2828865702229,0.0,0.0,scenario1,windvariability,fixed
6687,401,DE0 255,DE0 415,40.02766719908888,46.03839714028222,0.0,0.0,scenario1,windvariability,fixed
6688,402,DE0 255,DE0 76,44.62239240034578,50.32249422559286,0.0,0.0,scenario1,windvariability,fixed
6689,403,DE0 257,DE0 328,4.471903322993311,8.806557972728651,0.0,0.0,scenario1,windvariability,fixed
6690,404,DE0 257,DE0 336,7.491259283469216,10.745467643355276,0.0,0.0,scenario1,windvariability,fixed
6691,405,DE0 257,DE0 387,8.697262714895256,9.795579801381479,0.0,0.0,scenario1,windvariability,fixed
6692,406,DE0 258,DE0 34,6.7200885232937875,9.428573481580191,0.0,0.0,scenario1,windvariability,fixed
6693,407,DE0 258,DE0 433,17.205000789878568,20.26043126310923,0.0,0.0,scenario1,windvariability,fixed
6694,408,DE0 26,DE0 69,25.65403551677619,35.297534809073014,0.0,0.0,scenario1,windvariability,fixed
6695,409,DE0 262,DE0 42,30.974153287631474,63.203909955606065,4.0,0.0,scenario1,windvariability,fixed
6696,41,DE0 109,DE0 215,39.27465953050643,59.88763042064594,0.0,0.0,scenario1,windvariability,fixed
6697,410,DE0 263,DE0 347,15.86578352755966,17.372064899725245,0.0,0.0,scenario1,windvariability,fixed
6698,411,DE0 263,DE0 9,13.311394353972709,14.571231745567454,0.0,0.0,scenario1,windvariability,fixed
6699,412,DE0 264,DE0 339,69.90059015673536,69.90059021868694,24.0,0.0,scenario1,windvariability,fixed
6700,413,DE0 264,DE0 363,36.398552811210564,37.92414395807937,0.0,0.0,scenario1,windvariability,fixed
6701,414,DE0 264,DE0 375,43.90814175454903,47.15038840965068,0.0,0.0,scenario1,windvariability,fixed
6702,415,DE0 265,DE0 306,36.25705686819924,39.01634177261184,0.0,0.0,scenario1,windvariability,fixed
6703,416,DE0 266,DE0 420,36.29602797844746,43.58448220359005,0.0,0.0,scenario1,windvariability,fixed
6704,417,DE0 266,DE0 67,36.848892457411466,44.10138614209662,0.0,0.0,scenario1,windvariability,fixed
6705,418,DE0 267,DE0 70,41.653297474403104,60.56479597082408,1.0,0.0,scenario1,windvariability,fixed
6706,419,DE0 268,DE0 336,6.450790857220018,8.791746231708334,0.0,0.0,scenario1,windvariability,fixed
6707,42,DE0 11,DE0 360,32.28685063653429,38.718122070756046,0.0,0.0,scenario1,windvariability,fixed
6708,420,DE0 268,DE0 361,2.241790163110492,6.081519074861019,0.0,0.0,scenario1,windvariability,fixed
6709,421,DE0 268,DE0 366,7.422422370367563,8.98313306763443,0.0,0.0,scenario1,windvariability,fixed
6710,422,DE0 268,DE0 95,8.936426400846221,12.260046954009944,0.0,0.0,scenario1,windvariability,fixed
6711,423,DE0 269,DE0 29,33.32434450902577,51.157793594973064,0.0,0.0,scenario1,windvariability,fixed
6712,424,DE0 27,DE0 283,6.373112886387642,10.080401904224859,0.0,0.0,scenario1,windvariability,fixed
6713,425,DE0 27,DE0 333,26.600874841170686,36.80722334646745,0.0,0.0,scenario1,windvariability,fixed
6714,426,DE0 27,DE0 447,15.719942542077266,18.30563916065861,0.0,0.0,scenario1,windvariability,fixed
6715,427,DE0 270,DE0 350,20.734449298595127,31.29423263435494,0.0,0.0,scenario1,windvariability,fixed
6716,428,DE0 270,DE0 423,33.205367304119335,42.037898248654024,0.0,0.0,scenario1,windvariability,fixed
6717,429,DE0 270,DE0 426,45.49751872382568,66.53131550353226,4.0,0.0,scenario1,windvariability,fixed
6718,43,DE0 11,DE0 67,21.223863898482552,27.461770008782526,0.0,0.0,scenario1,windvariability,fixed
6719,430,DE0 271,DE0 61,49.921629435957676,63.2339826061403,6.0,0.0,scenario1,windvariability,fixed
6720,431,DE0 271,DE0 91,48.859818116147906,63.313801015984794,6.0,0.0,scenario1,windvariability,fixed
6721,432,DE0 272,DE0 385,18.619297560628,22.62724442397112,0.0,0.0,scenario1,windvariability,fixed
6722,433,DE0 272,DE0 406,0.5249208504122252,1.1934355491505153,0.0,0.0,scenario1,windvariability,fixed
6723,434,DE0 273,DE0 370,39.30595375833648,47.066972351040825,0.0,0.0,scenario1,windvariability,fixed
6724,435,DE0 273,DE0 407,34.95954932791739,45.60749005021135,0.0,0.0,scenario1,windvariability,fixed
6725,436,DE0 274,DE0 28,19.635116106742135,22.807102163394443,0.0,0.0,scenario1,windvariability,fixed
6726,437,DE0 275,DE0 309,7.942467078938053,13.822800227943716,0.0,0.0,scenario1,windvariability,fixed
6727,438,DE0 276,DE0 277,10.806549273788455,12.299809427764313,0.0,0.0,scenario1,windvariability,fixed
6728,439,DE0 276,DE0 396,24.484516438262208,26.497957173600405,0.0,0.0,scenario1,windvariability,fixed
6729,44,DE0 110,DE0 415,56.98746590679137,64.722415898543,8.0,0.0,scenario1,windvariability,fixed
6730,440,DE0 277,DE0 369,9.224155297226066,13.323838126990417,0.0,0.0,scenario1,windvariability,fixed
6731,441,DE0 277,DE0 376,23.328361562704938,24.68863157957969,0.0,0.0,scenario1,windvariability,fixed
6732,442,DE0 278,DE0 296,42.2205312822259,56.52847794317866,0.0,0.0,scenario1,windvariability,fixed
6733,443,DE0 278,DE0 324,46.546376560829714,61.07057291877558,4.0,0.0,scenario1,windvariability,fixed
6734,444,DE0 279,DE0 405,1.530722230989038,3.9406567098685037,0.0,0.0,scenario1,windvariability,fixed
6735,445,DE0 280,DE0 439,42.31647396991403,43.93402448178176,0.0,0.0,scenario1,windvariability,fixed
6736,446,DE0 281,DE0 346,9.969385445317432,13.826525808809897,0.0,0.0,scenario1,windvariability,fixed
6737,447,DE0 281,DE0 52,24.302881510955817,29.91948153054103,0.0,0.0,scenario1,windvariability,fixed
6738,448,DE0 282,DE0 355,39.73893713466667,42.373121191280596,0.0,0.0,scenario1,windvariability,fixed
6739,449,DE0 282,DE0 365,42.48458852205876,45.698885231113834,0.0,0.0,scenario1,windvariability,fixed
6740,45,DE0 111,DE0 435,69.44341486706351,69.44341502258233,24.0,0.0,scenario1,windvariability,fixed
6741,450,DE0 282,DE0 389,28.638613967566524,31.29848289680728,0.0,0.0,scenario1,windvariability,fixed
6742,451,DE0 283,DE0 292,34.59425084408121,38.38279804138786,0.0,0.0,scenario1,windvariability,fixed
6743,452,DE0 283,DE0 331,24.048279836480443,27.997577658546707,0.0,0.0,scenario1,windvariability,fixed
6744,453,DE0 283,DE0 378,24.815491051582526,29.90492253607987,0.0,0.0,scenario1,windvariability,fixed
6745,454,DE0 284,DE0 308,13.885410752310715,16.19766132439972,0.0,0.0,scenario1,windvariability,fixed
6746,455,DE0 284,DE0 353,17.61517806265568,19.758891841619082,0.0,0.0,scenario1,windvariability,fixed
6747,456,DE0 285,DE0 301,35.66408664043833,39.14619249002209,0.0,0.0,scenario1,windvariability,fixed
6748,457,DE0 285,DE0 379,11.687413845150589,13.463033173906508,0.0,0.0,scenario1,windvariability,fixed
6749,458,DE0 285,DE0 382,22.721994907085776,24.620837297409018,0.0,0.0,scenario1,windvariability,fixed
6750,459,DE0 286,DE0 347,15.718133310446285,18.384680170018235,0.0,0.0,scenario1,windvariability,fixed
6751,46,DE0 111,DE0 66,26.580748730118376,28.506206255043647,0.0,0.0,scenario1,windvariability,fixed
6752,460,DE0 287,DE0 339,2.505512402478377,3.7319967517913897,0.0,0.0,scenario1,windvariability,fixed
6753,461,DE0 287,DE0 413,4.82189311440495,5.777120094474494,0.0,0.0,scenario1,windvariability,fixed
6754,462,DE0 287,DE0 416,3.1777143327259316,3.5285946344933214,0.0,0.0,scenario1,windvariability,fixed
6755,463,DE0 288,DE0 289,33.47610870131894,35.42146782250935,0.0,0.0,scenario1,windvariability,fixed
6756,464,DE0 289,DE0 337,18.437299290522837,18.863045145893576,0.0,0.0,scenario1,windvariability,fixed
6757,465,DE0 289,DE0 401,20.144457307799144,21.66763073610115,0.0,0.0,scenario1,windvariability,fixed
6758,466,DE0 29,DE0 383,32.29024828204785,53.102246193479395,0.0,0.0,scenario1,windvariability,fixed
6759,467,DE0 290,DE0 351,8.755905085305224,16.22164025729443,0.0,0.0,scenario1,windvariability,fixed
6760,468,DE0 291,DE0 356,21.817879617801395,23.987724429860936,0.0,0.0,scenario1,windvariability,fixed
6761,469,DE0 291,DE0 433,16.819953517944963,20.08057716284317,0.0,0.0,scenario1,windvariability,fixed
6762,47,DE0 112,DE0 349,68.64211795515196,69.96142874316513,23.0,0.0,scenario1,windvariability,fixed
6763,470,DE0 292,DE0 326,41.54329735555124,69.8583160824899,6.0,0.0,scenario1,windvariability,fixed
6764,471,DE0 292,DE0 340,47.6458114057954,54.13347850176168,0.0,0.0,scenario1,windvariability,fixed
6765,472,DE0 292,DE0 430,59.71496345183807,68.28235742919968,9.0,0.0,scenario1,windvariability,fixed
6766,473,DE0 293,DE0 344,20.569519252684167,24.274392578493938,0.0,0.0,scenario1,windvariability,fixed
6767,474,DE0 293,DE0 414,10.4249242991743,12.23591740929313,0.0,0.0,scenario1,windvariability,fixed
6768,475,DE0 294,DE0 394,67.77372018981275,69.89402802727646,24.0,0.0,scenario1,windvariability,fixed
6769,476,DE0 294,DE0 395,66.70867644902083,69.42519291656697,24.0,0.0,scenario1,windvariability,fixed
6770,477,DE0 295,DE0 378,14.51744346808879,17.19556170097582,0.0,0.0,scenario1,windvariability,fixed
6771,478,DE0 296,DE0 8,4.8721178235450555,10.5379419008212,0.0,0.0,scenario1,windvariability,fixed
6772,479,DE0 297,DE0 394,42.12663875509861,45.85823365893773,0.0,0.0,scenario1,windvariability,fixed
6773,48,DE0 112,DE0 391,26.364351688837257,37.070146618982086,0.0,0.0,scenario1,windvariability,fixed
6774,480,DE0 297,DE0 90,40.458512198842826,44.20951821871534,0.0,0.0,scenario1,windvariability,fixed
6775,481,DE0 298,DE0 67,35.69206855870286,45.47308810927827,0.0,0.0,scenario1,windvariability,fixed
6776,482,DE0 299,DE0 411,1.1856484025661285,1.546224895250549,0.0,0.0,scenario1,windvariability,fixed
6777,483,DE0 299,DE0 60,1.4437330984262116,1.959441429068622,0.0,0.0,scenario1,windvariability,fixed
6778,484,DE0 3,DE0 356,6.322018228545147,10.172550349265782,0.0,0.0,scenario1,windvariability,fixed
6779,485,DE0 30,DE0 399,17.550827143639154,20.49266120964361,0.0,0.0,scenario1,windvariability,fixed
6780,486,DE0 30,DE0 428,11.177990123332204,13.26180812957821,0.0,0.0,scenario1,windvariability,fixed
6781,487,DE0 30,DE0 77,69.78064072929018,69.7806516972412,24.0,0.0,scenario1,windvariability,fixed
6782,488,DE0 300,DE0 313,66.55583302984496,69.16077417709349,24.0,0.0,scenario1,windvariability,fixed
6783,489,DE0 302,DE0 447,10.85105221209987,12.481390881943405,0.0,0.0,scenario1,windvariability,fixed
6784,49,DE0 113,DE0 189,10.169959349360651,16.250789724081876,0.0,0.0,scenario1,windvariability,fixed
6785,490,DE0 302,DE0 99,18.0536446229662,20.21177488322703,0.0,0.0,scenario1,windvariability,fixed
6786,491,DE0 303,DE0 436,46.05671214658345,55.17217800932295,0.0,0.0,scenario1,windvariability,fixed
6787,492,DE0 304,DE0 98,34.295044148401885,44.72884163199035,0.0,0.0,scenario1,windvariability,fixed
6788,493,DE0 305,DE0 313,63.203384577895015,68.58415981135647,19.0,0.0,scenario1,windvariability,fixed
6789,494,DE0 308,DE0 431,24.690429158764804,29.96903416311052,0.0,0.0,scenario1,windvariability,fixed
6790,495,DE0 31,DE0 408,21.665395465333102,24.45526507918208,0.0,0.0,scenario1,windvariability,fixed
6791,496,DE0 310,DE0 340,20.232413433627073,26.42136295015618,0.0,0.0,scenario1,windvariability,fixed
6792,497,DE0 310,DE0 430,9.270934850252218,11.598347458047705,0.0,0.0,scenario1,windvariability,fixed
6793,498,DE0 312,DE0 364,24.91668364057588,28.7722009179732,0.0,0.0,scenario1,windvariability,fixed
6794,499,DE0 314,DE0 380,54.72248168886104,59.69410559459839,0.0,0.0,scenario1,windvariability,fixed
6795,5,DE0 0,DE0 65,4.683172934392124,14.516170460626327,0.0,0.0,scenario1,windvariability,fixed
6796,50,DE0 113,DE0 251,48.30164876929198,55.32053461854856,0.0,0.0,scenario1,windvariability,fixed
6797,500,DE0 314,DE0 86,25.892341191130434,28.184359983221118,0.0,0.0,scenario1,windvariability,fixed
6798,501,DE0 315,DE0 365,18.70422579129576,20.217972645939174,0.0,0.0,scenario1,windvariability,fixed
6799,502,DE0 315,DE0 448,24.05430274040764,25.892693392347105,0.0,0.0,scenario1,windvariability,fixed
6800,503,DE0 316,DE0 412,27.09435612469066,30.92723660306221,0.0,0.0,scenario1,windvariability,fixed
6801,504,DE0 317,DE0 58,34.93077552719524,38.29605850263174,0.0,0.0,scenario1,windvariability,fixed
6802,505,DE0 317,DE0 81,56.277241479342244,58.49884415107619,0.0,0.0,scenario1,windvariability,fixed
6803,506,DE0 318,DE0 369,32.588190619058494,33.45682759313583,0.0,0.0,scenario1,windvariability,fixed
6804,507,DE0 318,DE0 392,68.58358346445894,69.68792879109995,24.0,0.0,scenario1,windvariability,fixed
6805,508,DE0 319,DE0 391,25.875759250313518,42.36966273851287,0.0,0.0,scenario1,windvariability,fixed
6806,509,DE0 32,DE0 96,28.436776492327148,30.748668135904005,0.0,0.0,scenario1,windvariability,fixed
6807,51,DE0 113,DE0 33,55.39355457145234,60.48675188315594,3.0,0.0,scenario1,windvariability,fixed
6808,510,DE0 320,DE0 409,11.61910328356142,12.383881155883488,0.0,0.0,scenario1,windvariability,fixed
6809,511,DE0 320,DE0 418,11.51388228955415,12.282574949106321,0.0,0.0,scenario1,windvariability,fixed
6810,512,DE0 321,DE0 384,6.647117763167987,9.644449001940309,0.0,0.0,scenario1,windvariability,fixed
6811,513,DE0 321,DE0 412,6.906524976606923,10.32310769408784,0.0,0.0,scenario1,windvariability,fixed
6812,514,DE0 323,DE0 419,18.65885297175457,24.79106926875388,0.0,0.0,scenario1,windvariability,fixed
6813,515,DE0 323,DE0 445,18.892044970487458,25.086217961759978,0.0,0.0,scenario1,windvariability,fixed
6814,516,DE0 324,DE0 426,47.2830748538237,68.07756480499518,4.0,0.0,scenario1,windvariability,fixed
6815,517,DE0 326,DE0 390,37.634917056034524,66.76774413184279,5.0,0.0,scenario1,windvariability,fixed
6816,518,DE0 327,DE0 53,58.947465014987166,67.95424326400155,11.0,0.0,scenario1,windvariability,fixed
6817,519,DE0 328,DE0 336,3.6266194634634688,7.216522375555984,0.0,0.0,scenario1,windvariability,fixed
6818,52,DE0 113,DE0 343,43.550600739239215,49.22384677277199,0.0,0.0,scenario1,windvariability,fixed
6819,520,DE0 330,DE0 362,69.90495771785733,69.9049577286406,24.0,0.0,scenario1,windvariability,fixed
6820,521,DE0 330,DE0 60,16.080476631276518,17.72807050942885,0.0,0.0,scenario1,windvariability,fixed
6821,522,DE0 331,DE0 421,4.792732068499029,6.701033959154914,0.0,0.0,scenario1,windvariability,fixed
6822,523,DE0 331,DE0 446,18.39974045785039,22.76685088808565,0.0,0.0,scenario1,windvariability,fixed
6823,524,DE0 332,DE0 431,11.258965388012305,14.022908305950619,0.0,0.0,scenario1,windvariability,fixed
6824,525,DE0 333,DE0 441,28.685486403329254,39.1867484768565,0.0,0.0,scenario1,windvariability,fixed
6825,526,DE0 334,DE0 376,21.258927784026678,23.021925873313286,0.0,0.0,scenario1,windvariability,fixed
6826,527,DE0 334,DE0 416,57.88600265718905,60.11949705038651,2.0,0.0,scenario1,windvariability,fixed
6827,528,DE0 334,DE0 63,46.085343227631476,47.733129875189746,0.0,0.0,scenario1,windvariability,fixed
6828,529,DE0 336,DE0 379,14.315970374066303,17.50011801147262,0.0,0.0,scenario1,windvariability,fixed
6829,53,DE0 113,DE0 35,17.34856318315136,25.640347509836232,0.0,0.0,scenario1,windvariability,fixed
6830,530,DE0 336,DE0 412,11.875014633545659,14.911785790959398,0.0,0.0,scenario1,windvariability,fixed
6831,531,DE0 338,DE0 379,8.242606891939499,13.057006709443877,0.0,0.0,scenario1,windvariability,fixed
6832,532,DE0 338,DE0 51,12.053350901076366,15.422882396072415,0.0,0.0,scenario1,windvariability,fixed
6833,533,DE0 339,DE0 363,18.612039978615595,19.228385237271027,0.0,0.0,scenario1,windvariability,fixed
6834,534,DE0 339,DE0 413,1.1289656335028293,2.2083122036040863,0.0,0.0,scenario1,windvariability,fixed
6835,535,DE0 339,DE0 429,14.983077797742517,17.581599265698483,0.0,0.0,scenario1,windvariability,fixed
6836,536,DE0 341,DE0 363,18.295109536270857,20.034803196980246,0.0,0.0,scenario1,windvariability,fixed
6837,537,DE0 341,DE0 427,13.324629368740828,14.45640917227507,0.0,0.0,scenario1,windvariability,fixed
6838,538,DE0 345,DE0 41,18.151945705912297,20.261633173632728,0.0,0.0,scenario1,windvariability,fixed
6839,539,DE0 345,DE0 414,17.8308549850415,19.107239869468458,0.0,0.0,scenario1,windvariability,fixed
6840,54,DE0 113,DE0 55,5.558515537884104,14.586056629514607,0.0,0.0,scenario1,windvariability,fixed
6841,540,DE0 346,DE0 442,31.15782633586712,35.723365901675145,0.0,0.0,scenario1,windvariability,fixed
6842,541,DE0 348,DE0 444,11.670651356438837,13.283465255661556,0.0,0.0,scenario1,windvariability,fixed
6843,542,DE0 349,DE0 4,29.966661211458103,35.61555557447898,0.0,0.0,scenario1,windvariability,fixed
6844,543,DE0 349,DE0 70,45.038073911824725,62.57040884223522,4.0,0.0,scenario1,windvariability,fixed
6845,544,DE0 35,DE0 55,3.2132801939051334,11.151203114146192,0.0,0.0,scenario1,windvariability,fixed
6846,545,DE0 350,DE0 423,69.9743509162397,69.9746875136741,24.0,0.0,scenario1,windvariability,fixed
6847,546,DE0 350,DE0 75,48.80358179484928,67.22332185095055,6.0,0.0,scenario1,windvariability,fixed
6848,547,DE0 351,DE0 425,8.623967204578175,17.766568945297223,0.0,0.0,scenario1,windvariability,fixed
6849,548,DE0 353,DE0 49,19.71295577013162,21.863346524879354,0.0,0.0,scenario1,windvariability,fixed
6850,549,DE0 354,DE0 385,3.508117068449986,4.161985767047564,0.0,0.0,scenario1,windvariability,fixed
6851,55,DE0 113,DE0 65,10.853441488929287,15.488596841750702,0.0,0.0,scenario1,windvariability,fixed
6852,550,DE0 354,DE0 406,18.798383519766283,22.846988800610784,0.0,0.0,scenario1,windvariability,fixed
6853,551,DE0 354,DE0 98,32.143687456045704,39.01768523656645,0.0,0.0,scenario1,windvariability,fixed
6854,552,DE0 356,DE0 364,13.027264183599893,15.86286619741333,0.0,0.0,scenario1,windvariability,fixed
6855,553,DE0 356,DE0 371,11.613879743275817,13.506273725896717,0.0,0.0,scenario1,windvariability,fixed
6856,554,DE0 356,DE0 412,18.5094771237019,21.18194062031398,0.0,0.0,scenario1,windvariability,fixed
6857,555,DE0 356,DE0 433,22.0280364604627,24.619345493039614,0.0,0.0,scenario1,windvariability,fixed
6858,556,DE0 357,DE0 439,28.90173807673951,29.509689967357346,0.0,0.0,scenario1,windvariability,fixed
6859,557,DE0 359,DE0 440,0.5830950648518552,1.1297820862007226,0.0,0.0,scenario1,windvariability,fixed
6860,558,DE0 359,DE0 5,9.835070528890421,11.994488245580005,0.0,0.0,scenario1,windvariability,fixed
6861,559,DE0 363,DE0 416,27.259338464247968,28.348929474248763,0.0,0.0,scenario1,windvariability,fixed
6862,56,DE0 114,DE0 175,29.82716204791675,50.3763824350408,0.0,0.0,scenario1,windvariability,fixed
6863,560,DE0 365,DE0 389,39.31337448820755,42.002771657146795,0.0,0.0,scenario1,windvariability,fixed
6864,561,DE0 365,DE0 448,20.974943043305572,22.59898438451177,0.0,0.0,scenario1,windvariability,fixed
6865,562,DE0 367,DE0 55,1.5809736539116364,5.474354060602638,0.0,0.0,scenario1,windvariability,fixed
6866,563,DE0 367,DE0 92,41.33735127372966,44.92360160861103,0.0,0.0,scenario1,windvariability,fixed
6867,564,DE0 367,DE0 94,45.2982624016624,47.984875324139864,0.0,0.0,scenario1,windvariability,fixed
6868,565,DE0 368,DE0 424,7.818613977575341,10.951326258914913,0.0,0.0,scenario1,windvariability,fixed
6869,566,DE0 368,DE0 7,7.2477539361502865,11.428191976987517,0.0,0.0,scenario1,windvariability,fixed
6870,567,DE0 369,DE0 376,19.773780953557672,23.426891822340394,0.0,0.0,scenario1,windvariability,fixed
6871,568,DE0 372,DE0 407,34.91750070919115,45.42332577443044,0.0,0.0,scenario1,windvariability,fixed
6872,569,DE0 372,DE0 44,69.83660715041835,69.83669172930126,24.0,0.0,scenario1,windvariability,fixed
6873,57,DE0 114,DE0 181,10.464365961692039,25.173459677110976,0.0,0.0,scenario1,windvariability,fixed
6874,570,DE0 373,DE0 449,0.3371917188317011,0.5594965296093806,0.0,0.0,scenario1,windvariability,fixed
6875,571,DE0 375,DE0 382,27.210339785477483,29.83904192270331,0.0,0.0,scenario1,windvariability,fixed
6876,572,DE0 375,DE0 51,10.958077906984444,12.328874143791388,0.0,0.0,scenario1,windvariability,fixed
6877,573,DE0 376,DE0 437,43.676662066767946,45.831037323026315,0.0,0.0,scenario1,windvariability,fixed
6878,574,DE0 377,DE0 414,18.6980678296373,21.37920861903392,0.0,0.0,scenario1,windvariability,fixed
6879,575,DE0 378,DE0 404,22.114633747769886,26.40162986845284,0.0,0.0,scenario1,windvariability,fixed
6880,576,DE0 38,DE0 58,29.14707448545897,36.1893568851596,0.0,0.0,scenario1,windvariability,fixed
6881,577,DE0 381,DE0 74,21.12978359107538,30.165221945276315,0.0,0.0,scenario1,windvariability,fixed
6882,578,DE0 382,DE0 412,7.951511513581444,11.146197901658907,0.0,0.0,scenario1,windvariability,fixed
6883,579,DE0 383,DE0 432,45.550717192433915,55.621527716184794,0.0,0.0,scenario1,windvariability,fixed
6884,58,DE0 115,DE0 12,33.454259855730854,41.28779475559358,0.0,0.0,scenario1,windvariability,fixed
6885,580,DE0 383,DE0 434,29.788779052590915,38.04228055096948,0.0,0.0,scenario1,windvariability,fixed
6886,581,DE0 383,DE0 97,17.84487666350589,34.53338623832635,0.0,0.0,scenario1,windvariability,fixed
6887,582,DE0 386,DE0 99,39.344048533036904,42.719579251374704,0.0,0.0,scenario1,windvariability,fixed
6888,583,DE0 387,DE0 412,5.737275764627666,6.75247242852515,0.0,0.0,scenario1,windvariability,fixed
6889,584,DE0 388,DE0 57,18.600094412877986,20.64952561533604,0.0,0.0,scenario1,windvariability,fixed
6890,585,DE0 39,DE0 425,63.684635902237204,67.89363564813378,20.0,0.0,scenario1,windvariability,fixed
6891,586,DE0 39,DE0 438,63.752294435047084,68.09622270958968,16.0,0.0,scenario1,windvariability,fixed
6892,587,DE0 390,DE0 5,18.66499291063061,59.79046163464498,0.0,0.0,scenario1,windvariability,fixed
6893,588,DE0 391,DE0 417,4.586120586074019,15.109917112157934,0.0,0.0,scenario1,windvariability,fixed
6894,589,DE0 393,DE0 403,58.50570206057252,69.77303348875999,14.0,0.0,scenario1,windvariability,fixed
6895,59,DE0 115,DE0 398,41.443300151933585,42.71678809034084,0.0,0.0,scenario1,windvariability,fixed
6896,590,DE0 394,DE0 395,67.6200585483275,69.93007476856346,24.0,0.0,scenario1,windvariability,fixed
6897,591,DE0 394,DE0 443,40.94143544584228,44.67070220426911,0.0,0.0,scenario1,windvariability,fixed
6898,592,DE0 395,DE0 437,22.0617015141483,23.11163231648827,0.0,0.0,scenario1,windvariability,fixed
6899,593,DE0 396,DE0 416,33.8280420745814,35.57052666992882,0.0,0.0,scenario1,windvariability,fixed
6900,594,DE0 398,DE0 58,68.6238266382751,68.62382986876536,24.0,0.0,scenario1,windvariability,fixed
6901,595,DE0 398,DE0 81,26.915763810050127,27.29714262237895,0.0,0.0,scenario1,windvariability,fixed
6902,596,DE0 4,DE0 97,35.40704174912679,44.862255223660284,0.0,0.0,scenario1,windvariability,fixed
6903,597,DE0 40,DE0 410,16.14553597311842,22.692669883542163,0.0,0.0,scenario1,windvariability,fixed
6904,598,DE0 400,DE0 56,53.89891825573483,67.0831037282926,9.0,0.0,scenario1,windvariability,fixed
6905,599,DE0 401,DE0 427,24.99983548727812,26.12126108917272,0.0,0.0,scenario1,windvariability,fixed
6906,6,DE0 0,DE0 83,33.01920001687546,36.883605713553344,0.0,0.0,scenario1,windvariability,fixed
6907,60,DE0 115,DE0 46,69.55890613181064,69.55890614053786,24.0,0.0,scenario1,windvariability,fixed
6908,600,DE0 402,DE0 446,36.42045711611666,45.11498929068723,0.0,0.0,scenario1,windvariability,fixed
6909,601,DE0 404,DE0 84,10.103479407847168,12.080304868196755,0.0,0.0,scenario1,windvariability,fixed
6910,602,DE0 405,DE0 79,3.1820231896107254,6.453883115043654,0.0,0.0,scenario1,windvariability,fixed
6911,603,DE0 409,DE0 444,23.302635517853396,25.39267475007782,0.0,0.0,scenario1,windvariability,fixed
6912,604,DE0 41,DE0 79,30.117004613437153,36.165534508123834,0.0,0.0,scenario1,windvariability,fixed
6913,605,DE0 415,DE0 53,68.98464241127171,68.98464322859026,24.0,0.0,scenario1,windvariability,fixed
6914,606,DE0 415,DE0 76,46.46641581325632,52.43711792818351,0.0,0.0,scenario1,windvariability,fixed
6915,607,DE0 416,DE0 63,43.708636527489055,45.602595640342855,0.0,0.0,scenario1,windvariability,fixed
6916,608,DE0 421,DE0 84,7.970213927053214,11.528315192863921,0.0,0.0,scenario1,windvariability,fixed
6917,609,DE0 43,DE0 96,31.50465096246898,46.37332249241754,0.0,0.0,scenario1,windvariability,fixed
6918,61,DE0 115,DE0 81,41.53550216916986,42.85011026127077,0.0,0.0,scenario1,windvariability,fixed
6919,610,DE0 430,DE0 5,9.762932068072333,12.524517557230382,0.0,0.0,scenario1,windvariability,fixed
6920,611,DE0 435,DE0 52,8.958712514434271,23.977432470515517,0.0,0.0,scenario1,windvariability,fixed
6921,612,DE0 435,DE0 6,64.47751554708977,66.25193641071047,24.0,0.0,scenario1,windvariability,fixed
6922,613,DE0 435,DE0 89,28.104719069065187,34.445401702916215,0.0,0.0,scenario1,windvariability,fixed
6923,614,DE0 440,DE0 5,14.469784287517959,17.882333886289125,0.0,0.0,scenario1,windvariability,fixed
6924,615,DE0 443,DE0 90,26.022352731040517,28.01358576211115,0.0,0.0,scenario1,windvariability,fixed
6925,616,DE0 46,DE0 93,56.7950710042408,60.68376473444192,4.0,0.0,scenario1,windvariability,fixed
6926,617,DE0 46,DE0 94,51.103852712237284,53.55189375487588,0.0,0.0,scenario1,windvariability,fixed
6927,618,DE0 50,DE0 99,3.154007645235072,10.238386011181486,0.0,0.0,scenario1,windvariability,fixed
6928,619,DE0 58,DE0 72,49.10456124218812,59.98568974590227,0.0,0.0,scenario1,windvariability,fixed
6929,62,DE0 116,DE0 185,9.38105289650296,14.369558642395264,0.0,0.0,scenario1,windvariability,fixed
6930,620,DE0 60,DE0 85,10.867701864864815,17.49944066972733,0.0,0.0,scenario1,windvariability,fixed
6931,621,DE0 61,DE0 91,40.30187001599057,49.33309774158486,0.0,0.0,scenario1,windvariability,fixed
6932,622,DE0 61,DE0 96,69.41260074078367,69.41260081574632,24.0,0.0,scenario1,windvariability,fixed
6933,623,DE0 64,DE0 86,33.99260828061605,38.114019064444825,0.0,0.0,scenario1,windvariability,fixed
6934,624,DE0 7,DE0 80,21.07058871064503,25.8570200627393,0.0,0.0,scenario1,windvariability,fixed
6935,625,DE0 71,DE0 96,24.848024790561997,28.618711474289782,0.0,0.0,scenario1,windvariability,fixed
6936,626,DE0 74,DE0 88,10.796851661813694,17.491826436036806,0.0,0.0,scenario1,windvariability,fixed
6937,627,DE0 83,DE0 86,20.55019474977908,26.556577772262923,0.0,0.0,scenario1,windvariability,fixed
6938,63,DE0 116,DE0 190,38.111123493494595,57.072950091950844,0.0,0.0,scenario1,windvariability,fixed
6939,64,DE0 116,DE0 330,45.48241377490294,62.56064926691831,9.0,0.0,scenario1,windvariability,fixed
6940,65,DE0 117,DE0 203,61.656917966680545,65.59890046138086,16.0,0.0,scenario1,windvariability,fixed
6941,66,DE0 117,DE0 227,69.70093382349206,69.7009338717832,24.0,0.0,scenario1,windvariability,fixed
6942,67,DE0 118,DE0 145,45.804280662684825,53.165421946159356,0.0,0.0,scenario1,windvariability,fixed
6943,68,DE0 118,DE0 2,58.64472931445697,69.72661536717516,12.0,0.0,scenario1,windvariability,fixed
6944,69,DE0 119,DE0 149,11.939822610772008,13.837629402768531,0.0,0.0,scenario1,windvariability,fixed
6945,7,DE0 0,DE0 93,30.087565922874177,39.3949869856886,0.0,0.0,scenario1,windvariability,fixed
6946,70,DE0 119,DE0 198,22.82370419513837,27.212619350298063,0.0,0.0,scenario1,windvariability,fixed
6947,71,DE0 119,DE0 442,16.372675894065406,18.90303428964459,0.0,0.0,scenario1,windvariability,fixed
6948,72,DE0 12,DE0 96,32.71605107776748,39.99687255388774,0.0,0.0,scenario1,windvariability,fixed
6949,73,DE0 120,DE0 2,19.229499188546765,22.071905764808484,0.0,0.0,scenario1,windvariability,fixed
6950,74,DE0 120,DE0 72,47.16862075946245,58.983817846970055,0.0,0.0,scenario1,windvariability,fixed
6951,75,DE0 121,DE0 290,42.11253351266651,47.335187613677334,0.0,0.0,scenario1,windvariability,fixed
6952,76,DE0 121,DE0 370,42.49959786768699,48.39983664620098,0.0,0.0,scenario1,windvariability,fixed
6953,77,DE0 122,DE0 226,16.87336232933295,19.529020685668854,0.0,0.0,scenario1,windvariability,fixed
6954,78,DE0 122,DE0 261,20.03565971772218,24.820711378775112,0.0,0.0,scenario1,windvariability,fixed
6955,79,DE0 122,DE0 64,26.01099759979819,31.463285462874875,0.0,0.0,scenario1,windvariability,fixed
6956,8,DE0 1,DE0 110,52.57627789302873,60.46137176028097,2.0,0.0,scenario1,windvariability,fixed
6957,80,DE0 122,DE0 86,32.515007267821986,36.595977838738776,0.0,0.0,scenario1,windvariability,fixed
6958,81,DE0 123,DE0 307,9.762530915624788,16.57304701654274,0.0,0.0,scenario1,windvariability,fixed
6959,82,DE0 123,DE0 325,6.220087323152227,13.700236509277847,0.0,0.0,scenario1,windvariability,fixed
6960,83,DE0 124,DE0 240,42.99015574685045,45.91231030797544,0.0,0.0,scenario1,windvariability,fixed
6961,84,DE0 124,DE0 374,69.97958100582062,69.97958111691452,24.0,0.0,scenario1,windvariability,fixed
6962,85,DE0 124,DE0 77,69.05934526516836,69.05935651705516,24.0,0.0,scenario1,windvariability,fixed
6963,86,DE0 124,DE0 90,55.335753820733515,56.80672662610904,0.0,0.0,scenario1,windvariability,fixed
6964,87,DE0 125,DE0 233,3.769517669025645,8.835180512352403,0.0,0.0,scenario1,windvariability,fixed
6965,88,DE0 125,DE0 271,37.022641727205226,53.34775430494116,0.0,0.0,scenario1,windvariability,fixed
6966,89,DE0 126,DE0 181,12.503900019660971,23.598285921410888,0.0,0.0,scenario1,windvariability,fixed
6967,9,DE0 1,DE0 131,8.080290297420433,15.744573853227466,0.0,0.0,scenario1,windvariability,fixed
6968,90,DE0 126,DE0 250,24.264888981216327,42.34736731031191,0.0,0.0,scenario1,windvariability,fixed
6969,91,DE0 127,DE0 22,4.755811801117535,13.953516588906911,0.0,0.0,scenario1,windvariability,fixed
6970,92,DE0 127,DE0 233,11.038057081950695,14.598324375205038,0.0,0.0,scenario1,windvariability,fixed
6971,93,DE0 127,DE0 271,22.108648632473038,26.219509839577448,0.0,0.0,scenario1,windvariability,fixed
6972,94,DE0 128,DE0 174,69.69953809063499,69.70013619905157,24.0,0.0,scenario1,windvariability,fixed
6973,95,DE0 128,DE0 175,60.71959684985547,69.19548761233187,14.0,0.0,scenario1,windvariability,fixed
6974,96,DE0 129,DE0 330,27.066624114828848,34.59569344603073,0.0,0.0,scenario1,windvariability,fixed
6975,97,DE0 129,DE0 390,13.629589382767863,17.45099757932749,0.0,0.0,scenario1,windvariability,fixed
6976,98,DE0 13,DE0 329,69.02759132968306,69.0275919859724,24.0,0.0,scenario1,windvariability,fixed
6977,99,DE0 13,DE0 69,69.77782901634986,69.77782908632415,24.0,0.0,scenario1,windvariability,fixed
6978,0,DE0 0,DE0 243,53.975186888207936,57.53131713404623,0.0,0.0,scenario1,windy,fixed
6979,1,DE0 0,DE0 329,39.20604096868431,43.84270426737565,0.0,0.0,scenario1,windy,fixed
6980,10,DE0 1,DE0 150,69.447202389318,69.44721471669773,24.0,0.0,scenario1,windy,fixed
6981,100,DE0 130,DE0 153,6.292454532720579,24.20309039748407,0.0,0.0,scenario1,windy,fixed
6982,101,DE0 130,DE0 347,10.322723203849424,20.373752818737586,0.0,0.0,scenario1,windy,fixed
6983,102,DE0 130,DE0 402,8.891420436605264,13.83743064096709,0.0,0.0,scenario1,windy,fixed
6984,103,DE0 131,DE0 33,62.6583584502942,64.34914174291059,24.0,0.0,scenario1,windy,fixed
6985,104,DE0 131,DE0 415,35.15847478767613,41.9729320796508,0.0,0.0,scenario1,windy,fixed
6986,105,DE0 131,DE0 71,34.37342432052783,55.43586132155599,0.0,0.0,scenario1,windy,fixed
6987,106,DE0 131,DE0 96,26.44561243655013,43.73715500568417,0.0,0.0,scenario1,windy,fixed
6988,107,DE0 132,DE0 24,9.064428166666298,23.180281771172677,0.0,0.0,scenario1,windy,fixed
6989,108,DE0 132,DE0 259,5.631236000379658,11.287779703503354,0.0,0.0,scenario1,windy,fixed
6990,109,DE0 132,DE0 42,9.404597155001412,17.62071681573823,0.0,0.0,scenario1,windy,fixed
6991,11,DE0 1,DE0 209,8.103668533502551,25.923940963135145,0.0,0.0,scenario1,windy,fixed
6992,110,DE0 133,DE0 312,5.688379593539404,9.479274969696604,0.0,0.0,scenario1,windy,fixed
6993,111,DE0 133,DE0 316,15.762417281730679,19.61064289090333,0.0,0.0,scenario1,windy,fixed
6994,112,DE0 133,DE0 371,21.210900315933948,26.002173090995935,0.0,0.0,scenario1,windy,fixed
6995,113,DE0 133,DE0 412,22.920919089402148,28.462839975178273,0.0,0.0,scenario1,windy,fixed
6996,114,DE0 134,DE0 145,13.53565957461567,30.919669772708318,0.0,0.0,scenario1,windy,fixed
6997,115,DE0 134,DE0 274,38.373697846027405,47.325099964581554,0.0,0.0,scenario1,windy,fixed
6998,116,DE0 134,DE0 423,24.864372591038183,35.84965016049783,0.0,0.0,scenario1,windy,fixed
6999,117,DE0 135,DE0 300,32.939337181959104,43.5037380448704,0.0,0.0,scenario1,windy,fixed
7000,118,DE0 135,DE0 313,34.31513468206304,44.8488551709208,0.0,0.0,scenario1,windy,fixed
7001,119,DE0 136,DE0 317,69.91999770104978,69.92000640107858,24.0,0.0,scenario1,windy,fixed
7002,12,DE0 10,DE0 219,54.31206813305548,61.70520362605375,2.0,0.0,scenario1,windy,fixed
7003,120,DE0 136,DE0 32,13.028446361187642,24.2602971778302,0.0,0.0,scenario1,windy,fixed
7004,121,DE0 136,DE0 43,5.581146330703194,11.666317668902787,0.0,0.0,scenario1,windy,fixed
7005,122,DE0 136,DE0 72,31.218274010268914,44.60420835572683,0.0,0.0,scenario1,windy,fixed
7006,123,DE0 137,DE0 22,24.560714642182703,37.30274244733743,0.0,0.0,scenario1,windy,fixed
7007,124,DE0 137,DE0 61,41.65247760069404,47.385947617478486,0.0,0.0,scenario1,windy,fixed
7008,125,DE0 138,DE0 174,9.544904685989463,21.484979650614058,0.0,0.0,scenario1,windy,fixed
7009,126,DE0 138,DE0 194,39.35311601931608,48.19479841440787,0.0,0.0,scenario1,windy,fixed
7010,127,DE0 138,DE0 420,19.75984754679408,22.46036059696155,0.0,0.0,scenario1,windy,fixed
7011,128,DE0 139,DE0 209,11.021989586421364,25.606231337207063,0.0,0.0,scenario1,windy,fixed
7012,129,DE0 139,DE0 281,5.592032408773172,12.750880403273282,0.0,0.0,scenario1,windy,fixed
7013,13,DE0 10,DE0 382,26.31020467145127,29.904283994306752,0.0,0.0,scenario1,windy,fixed
7014,130,DE0 14,DE0 38,13.361597612589406,17.896727512591422,0.0,0.0,scenario1,windy,fixed
7015,131,DE0 14,DE0 58,22.242756874581893,28.327725356990545,0.0,0.0,scenario1,windy,fixed
7016,132,DE0 140,DE0 219,22.33959482031154,24.585803382027414,0.0,0.0,scenario1,windy,fixed
7017,133,DE0 140,DE0 369,28.550648575282896,33.490616015825644,0.0,0.0,scenario1,windy,fixed
7018,134,DE0 140,DE0 429,13.511583001697838,15.70414672091814,0.0,0.0,scenario1,windy,fixed
7019,135,DE0 141,DE0 265,10.598593485092012,12.720183812405677,0.0,0.0,scenario1,windy,fixed
7020,136,DE0 141,DE0 337,15.469783196268141,15.944552711271962,0.0,0.0,scenario1,windy,fixed
7021,137,DE0 141,DE0 363,8.10014437122635,14.216673705001995,0.0,0.0,scenario1,windy,fixed
7022,138,DE0 141,DE0 427,20.5235088642312,21.42363391074299,0.0,0.0,scenario1,windy,fixed
7023,139,DE0 142,DE0 267,46.56923693969463,55.80832212055048,0.0,0.0,scenario1,windy,fixed
7024,14,DE0 10,DE0 49,24.535703363174566,33.543717939960345,0.0,0.0,scenario1,windy,fixed
7025,140,DE0 142,DE0 434,45.80059002836607,56.86118029899699,0.0,0.0,scenario1,windy,fixed
7026,141,DE0 143,DE0 373,0.7033383786332548,0.8007504666757764,0.0,0.0,scenario1,windy,fixed
7027,142,DE0 143,DE0 449,0.8267879868512147,0.9411495169058459,0.0,0.0,scenario1,windy,fixed
7028,143,DE0 144,DE0 213,21.493851196377566,25.385711560551954,0.0,0.0,scenario1,windy,fixed
7029,144,DE0 144,DE0 382,37.721634192125904,42.330394766845785,0.0,0.0,scenario1,windy,fixed
7030,145,DE0 146,DE0 187,23.83419149171003,49.46459045636848,0.0,0.0,scenario1,windy,fixed
7031,146,DE0 146,DE0 24,8.57019331657584,21.535625997881542,0.0,0.0,scenario1,windy,fixed
7032,147,DE0 146,DE0 262,7.523555999811109,17.60756370651643,0.0,0.0,scenario1,windy,fixed
7033,148,DE0 147,DE0 196,17.472886872093074,33.90873216626829,0.0,0.0,scenario1,windy,fixed
7034,149,DE0 147,DE0 36,7.31252469524579,15.473904737490033,0.0,0.0,scenario1,windy,fixed
7035,15,DE0 100,DE0 245,12.093293981670506,36.87883085852013,0.0,0.0,scenario1,windy,fixed
7036,150,DE0 148,DE0 214,22.681661223261564,30.301402033249335,0.0,0.0,scenario1,windy,fixed
7037,151,DE0 148,DE0 45,18.597505643159433,24.88537937418794,0.0,0.0,scenario1,windy,fixed
7038,152,DE0 148,DE0 60,13.074840826676756,27.547831473690376,0.0,0.0,scenario1,windy,fixed
7039,153,DE0 149,DE0 198,7.487407754198487,15.228436889291707,0.0,0.0,scenario1,windy,fixed
7040,154,DE0 15,DE0 250,5.751725677180208,14.257499903166728,0.0,0.0,scenario1,windy,fixed
7041,155,DE0 15,DE0 419,5.317453370058147,14.322524649182345,0.0,0.0,scenario1,windy,fixed
7042,156,DE0 150,DE0 189,49.351783170442246,53.22557945654539,0.0,0.0,scenario1,windy,fixed
7043,157,DE0 150,DE0 408,31.27125571248815,37.21479752965205,0.0,0.0,scenario1,windy,fixed
7044,158,DE0 151,DE0 20,6.401624407434444,9.185485469560794,0.0,0.0,scenario1,windy,fixed
7045,159,DE0 151,DE0 410,7.831157293095679,12.341117009993983,0.0,0.0,scenario1,windy,fixed
7046,16,DE0 100,DE0 303,5.37507954872726,14.65904517778357,0.0,0.0,scenario1,windy,fixed
7047,160,DE0 151,DE0 78,4.801018605070376,7.592200320029425,0.0,0.0,scenario1,windy,fixed
7048,161,DE0 152,DE0 258,13.79304531522596,18.377177227988952,0.0,0.0,scenario1,windy,fixed
7049,162,DE0 152,DE0 356,18.288670088871243,22.680922785318426,0.0,0.0,scenario1,windy,fixed
7050,163,DE0 153,DE0 40,5.827106904836494,19.383941189072498,0.0,0.0,scenario1,windy,fixed
7051,164,DE0 154,DE0 256,31.96759849898867,37.652537417789574,0.0,0.0,scenario1,windy,fixed
7052,165,DE0 154,DE0 72,8.376854262574017,11.008238669237384,0.0,0.0,scenario1,windy,fixed
7053,166,DE0 155,DE0 247,30.168583875556433,40.68019366307651,0.0,0.0,scenario1,windy,fixed
7054,167,DE0 155,DE0 292,47.48261090884835,69.97163149958219,3.0,0.0,scenario1,windy,fixed
7055,168,DE0 156,DE0 22,27.57863719509257,60.42502197240732,1.0,0.0,scenario1,windy,fixed
7056,169,DE0 156,DE0 48,37.693105232403745,58.979632460636054,0.0,0.0,scenario1,windy,fixed
7057,17,DE0 100,DE0 352,8.813237142107532,29.309937910126738,0.0,0.0,scenario1,windy,fixed
7058,170,DE0 157,DE0 251,47.205107599633216,51.99853654394141,0.0,0.0,scenario1,windy,fixed
7059,171,DE0 157,DE0 304,42.684907892770845,46.94194485660033,0.0,0.0,scenario1,windy,fixed
7060,172,DE0 158,DE0 361,19.836146417149163,24.469630484300513,0.0,0.0,scenario1,windy,fixed
7061,173,DE0 158,DE0 389,30.532004395024874,33.234688360935834,0.0,0.0,scenario1,windy,fixed
7062,174,DE0 159,DE0 234,22.92824849130721,29.32841594950438,0.0,0.0,scenario1,windy,fixed
7063,175,DE0 159,DE0 252,52.99027061633692,65.47460816581363,5.0,0.0,scenario1,windy,fixed
7064,176,DE0 159,DE0 279,1.7664225885082565,3.09921614355509,0.0,0.0,scenario1,windy,fixed
7065,177,DE0 159,DE0 405,6.615526481009852,9.146363405066747,0.0,0.0,scenario1,windy,fixed
7066,178,DE0 16,DE0 304,67.5223153875283,69.84860979244733,23.0,0.0,scenario1,windy,fixed
7067,179,DE0 16,DE0 311,42.56729231405218,44.52788992197583,0.0,0.0,scenario1,windy,fixed
7068,18,DE0 100,DE0 422,10.534369456649484,34.18872771984744,0.0,0.0,scenario1,windy,fixed
7069,180,DE0 160,DE0 182,15.984490293866324,19.597161513387135,0.0,0.0,scenario1,windy,fixed
7070,181,DE0 160,DE0 237,11.113685191741835,26.617636178107013,0.0,0.0,scenario1,windy,fixed
7071,182,DE0 160,DE0 349,31.72092911915336,39.48104794508998,0.0,0.0,scenario1,windy,fixed
7072,183,DE0 160,DE0 37,9.130792251062596,19.527133864814626,0.0,0.0,scenario1,windy,fixed
7073,184,DE0 160,DE0 393,15.374812134520543,20.899498064857127,0.0,0.0,scenario1,windy,fixed
7074,185,DE0 160,DE0 62,15.454776310172234,18.99624909562308,0.0,0.0,scenario1,windy,fixed
7075,186,DE0 161,DE0 186,23.376620851350623,48.10069471876712,0.0,0.0,scenario1,windy,fixed
7076,187,DE0 161,DE0 230,18.997344388392545,44.075581156088376,0.0,0.0,scenario1,windy,fixed
7077,188,DE0 161,DE0 4,9.356047927742942,27.338689375285696,0.0,0.0,scenario1,windy,fixed
7078,189,DE0 161,DE0 68,27.167455169298616,50.6447992906272,0.0,0.0,scenario1,windy,fixed
7079,19,DE0 101,DE0 229,4.3383855957502995,9.08079580446897,0.0,0.0,scenario1,windy,fixed
7080,190,DE0 162,DE0 324,16.711559864095108,30.20702915173665,0.0,0.0,scenario1,windy,fixed
7081,191,DE0 163,DE0 205,12.534825371644038,19.270228624742238,0.0,0.0,scenario1,windy,fixed
7082,192,DE0 163,DE0 330,9.271594268603286,13.260707341110631,0.0,0.0,scenario1,windy,fixed
7083,193,DE0 163,DE0 390,46.83492089273849,48.74958494084742,0.0,0.0,scenario1,windy,fixed
7084,194,DE0 164,DE0 180,2.31541811556857,3.9140171691586603,0.0,0.0,scenario1,windy,fixed
7085,195,DE0 164,DE0 47,2.1812572563241224,4.333845757816044,0.0,0.0,scenario1,windy,fixed
7086,196,DE0 164,DE0 78,4.32522650311172,6.139937026780211,0.0,0.0,scenario1,windy,fixed
7087,197,DE0 165,DE0 249,2.351603004864829,5.39052508158919,0.0,0.0,scenario1,windy,fixed
7088,198,DE0 165,DE0 412,4.887095085618618,11.349756178711214,0.0,0.0,scenario1,windy,fixed
7089,199,DE0 166,DE0 253,21.336016784994282,28.5639040109804,0.0,0.0,scenario1,windy,fixed
7090,2,DE0 0,DE0 367,11.576173235816585,15.913587402528295,0.0,0.0,scenario1,windy,fixed
7091,20,DE0 101,DE0 232,9.344682697567585,10.625509955208942,0.0,0.0,scenario1,windy,fixed
7092,200,DE0 166,DE0 335,21.96832570037529,43.12820175235934,0.0,0.0,scenario1,windy,fixed
7093,201,DE0 167,DE0 174,17.827242224453524,30.930587622674526,0.0,0.0,scenario1,windy,fixed
7094,202,DE0 167,DE0 397,31.801136846785923,55.817522574721245,0.0,0.0,scenario1,windy,fixed
7095,203,DE0 167,DE0 67,10.180067198877344,29.31712675913224,0.0,0.0,scenario1,windy,fixed
7096,204,DE0 168,DE0 221,15.971954529259039,35.99692166195517,0.0,0.0,scenario1,windy,fixed
7097,205,DE0 168,DE0 233,17.203628712150273,29.903157527801945,0.0,0.0,scenario1,windy,fixed
7098,206,DE0 168,DE0 296,17.97579650340433,26.13858856517105,0.0,0.0,scenario1,windy,fixed
7099,207,DE0 169,DE0 200,65.05520551405138,69.64665791874258,18.0,0.0,scenario1,windy,fixed
7100,208,DE0 169,DE0 367,46.80545937427659,65.33650975641699,2.0,0.0,scenario1,windy,fixed
7101,209,DE0 17,DE0 177,18.99160922212518,24.828012193569574,0.0,0.0,scenario1,windy,fixed
7102,21,DE0 102,DE0 115,11.852240558319487,23.682365282330466,0.0,0.0,scenario1,windy,fixed
7103,210,DE0 17,DE0 330,33.25016246574384,40.156850939909155,0.0,0.0,scenario1,windy,fixed
7104,211,DE0 170,DE0 231,27.85027984488767,33.19113512176071,0.0,0.0,scenario1,windy,fixed
7105,212,DE0 170,DE0 258,11.39301381021687,17.285093616142763,0.0,0.0,scenario1,windy,fixed
7106,213,DE0 170,DE0 34,2.9468381132278334,8.30313018765804,0.0,0.0,scenario1,windy,fixed
7107,214,DE0 171,DE0 288,11.660321413452095,15.469852479551479,0.0,0.0,scenario1,windy,fixed
7108,215,DE0 171,DE0 306,9.97176309193879,11.865886847045338,0.0,0.0,scenario1,windy,fixed
7109,216,DE0 171,DE0 348,16.324657135598343,17.323762241479322,0.0,0.0,scenario1,windy,fixed
7110,217,DE0 171,DE0 355,36.309804334518454,38.13907864737249,0.0,0.0,scenario1,windy,fixed
7111,218,DE0 172,DE0 59,5.720200513429776,14.73226700331683,0.0,0.0,scenario1,windy,fixed
7112,219,DE0 172,DE0 80,23.976831069468055,31.190501765509893,0.0,0.0,scenario1,windy,fixed
7113,22,DE0 102,DE0 46,64.33029120802823,69.59523639573663,18.0,0.0,scenario1,windy,fixed
7114,220,DE0 172,DE0 83,26.037304263433075,36.188124625172755,0.0,0.0,scenario1,windy,fixed
7115,221,DE0 173,DE0 222,23.079897394128825,28.557133846351807,0.0,0.0,scenario1,windy,fixed
7116,222,DE0 173,DE0 381,4.553076358545704,6.883435208830274,0.0,0.0,scenario1,windy,fixed
7117,223,DE0 174,DE0 425,12.434835029546921,20.412712311962615,0.0,0.0,scenario1,windy,fixed
7118,224,DE0 175,DE0 199,36.988433664825656,51.985948472283795,0.0,0.0,scenario1,windy,fixed
7119,225,DE0 175,DE0 434,32.962728581787644,44.67761665932149,0.0,0.0,scenario1,windy,fixed
7120,226,DE0 175,DE0 438,52.351907577638514,67.13672369871111,4.0,0.0,scenario1,windy,fixed
7121,227,DE0 176,DE0 22,20.193857090217378,38.82360985762041,0.0,0.0,scenario1,windy,fixed
7122,228,DE0 176,DE0 303,16.66636139230047,37.83485938792578,0.0,0.0,scenario1,windy,fixed
7123,229,DE0 176,DE0 352,60.99458305647497,69.67747119402694,16.0,0.0,scenario1,windy,fixed
7124,23,DE0 102,DE0 96,57.68840097291369,67.38842508330718,8.0,0.0,scenario1,windy,fixed
7125,230,DE0 177,DE0 85,11.164837578426013,16.59964700718409,0.0,0.0,scenario1,windy,fixed
7126,231,DE0 178,DE0 276,34.00963006079778,37.05270543009357,0.0,0.0,scenario1,windy,fixed
7127,232,DE0 178,DE0 395,35.432956642069406,38.69120328302492,0.0,0.0,scenario1,windy,fixed
7128,233,DE0 179,DE0 224,30.70652619242116,36.87456833500754,0.0,0.0,scenario1,windy,fixed
7129,234,DE0 179,DE0 50,26.55961653514172,30.875962960589575,0.0,0.0,scenario1,windy,fixed
7130,235,DE0 18,DE0 282,47.38376736394172,50.396999710890675,0.0,0.0,scenario1,windy,fixed
7131,236,DE0 18,DE0 306,31.129139142491667,38.26135981016831,0.0,0.0,scenario1,windy,fixed
7132,237,DE0 18,DE0 418,32.633598313667086,34.93611701868277,0.0,0.0,scenario1,windy,fixed
7133,238,DE0 180,DE0 26,4.642466559262792,9.047005671116317,0.0,0.0,scenario1,windy,fixed
7134,239,DE0 180,DE0 47,7.165655122000474,10.058090663643714,0.0,0.0,scenario1,windy,fixed
7135,24,DE0 103,DE0 148,10.968726649853128,21.703353791980355,0.0,0.0,scenario1,windy,fixed
7136,240,DE0 181,DE0 250,48.313792373176526,69.78040991527352,12.0,0.0,scenario1,windy,fixed
7137,241,DE0 181,DE0 269,48.512872473226295,62.73376602063545,2.0,0.0,scenario1,windy,fixed
7138,242,DE0 181,DE0 44,23.12914404465355,33.43794324041865,0.0,0.0,scenario1,windy,fixed
7139,243,DE0 182,DE0 62,16.2633296978604,19.89617885121945,0.0,0.0,scenario1,windy,fixed
7140,244,DE0 183,DE0 241,40.86154145747421,43.465859673049266,0.0,0.0,scenario1,windy,fixed
7141,245,DE0 183,DE0 327,39.77917376994994,42.18634803342452,0.0,0.0,scenario1,windy,fixed
7142,246,DE0 184,DE0 26,15.875626125978792,23.840700817880595,0.0,0.0,scenario1,windy,fixed
7143,247,DE0 184,DE0 261,12.12849838557224,23.15495714092656,0.0,0.0,scenario1,windy,fixed
7144,248,DE0 184,DE0 329,59.01544215640533,65.48638905732734,10.0,0.0,scenario1,windy,fixed
7145,249,DE0 184,DE0 69,7.465900151856696,19.117929677090984,0.0,0.0,scenario1,windy,fixed
7146,25,DE0 103,DE0 54,6.172515254715014,15.872667089524867,0.0,0.0,scenario1,windy,fixed
7147,250,DE0 185,DE0 205,10.094616324203077,16.44841570555033,0.0,0.0,scenario1,windy,fixed
7148,251,DE0 185,DE0 441,8.104514585700528,17.46798932131156,0.0,0.0,scenario1,windy,fixed
7149,252,DE0 186,DE0 82,31.504313952497,54.730311803698214,0.0,0.0,scenario1,windy,fixed
7150,253,DE0 187,DE0 436,11.338482307461485,23.85234077516519,0.0,0.0,scenario1,windy,fixed
7151,254,DE0 188,DE0 309,24.030651297968305,36.19242904424209,0.0,0.0,scenario1,windy,fixed
7152,255,DE0 188,DE0 40,16.077025153783776,25.086698425855865,0.0,0.0,scenario1,windy,fixed
7153,256,DE0 188,DE0 410,2.5859473281069576,4.270822063017508,0.0,0.0,scenario1,windy,fixed
7154,257,DE0 189,DE0 73,38.236586257044955,41.698001103920504,0.0,0.0,scenario1,windy,fixed
7155,258,DE0 19,DE0 299,0.8013701784035883,1.1098437160049488,0.0,0.0,scenario1,windy,fixed
7156,259,DE0 19,DE0 411,0.9869062647415614,1.4175966845841308,0.0,0.0,scenario1,windy,fixed
7157,26,DE0 103,DE0 9,8.442920736002195,15.135292823178853,0.0,0.0,scenario1,windy,fixed
7158,260,DE0 190,DE0 330,26.69317771597762,45.63515657887338,0.0,0.0,scenario1,windy,fixed
7159,261,DE0 191,DE0 435,20.4562124833008,36.15169798678986,0.0,0.0,scenario1,windy,fixed
7160,262,DE0 191,DE0 89,12.484433150103353,20.761078955122347,0.0,0.0,scenario1,windy,fixed
7161,263,DE0 192,DE0 319,17.06506640716843,30.745197059033696,0.0,0.0,scenario1,windy,fixed
7162,264,DE0 192,DE0 349,29.343941059826843,37.071405211227585,0.0,0.0,scenario1,windy,fixed
7163,265,DE0 192,DE0 403,26.795904263159954,38.21309288167036,0.0,0.0,scenario1,windy,fixed
7164,266,DE0 193,DE0 229,1.414894948561373,3.9167445672032537,0.0,0.0,scenario1,windy,fixed
7165,267,DE0 193,DE0 3,3.9857062072793643,5.9642935064549025,0.0,0.0,scenario1,windy,fixed
7166,268,DE0 193,DE0 342,3.717769045164322,6.39153197894592,0.0,0.0,scenario1,windy,fixed
7167,269,DE0 193,DE0 356,7.41331823494473,10.103592303903804,0.0,0.0,scenario1,windy,fixed
7168,27,DE0 104,DE0 201,12.616805713134099,17.296598922679628,0.0,0.0,scenario1,windy,fixed
7169,270,DE0 194,DE0 76,52.734735254012065,57.4375377565451,0.0,0.0,scenario1,windy,fixed
7170,271,DE0 195,DE0 264,38.46545090932153,42.476011253465536,0.0,0.0,scenario1,windy,fixed
7171,272,DE0 195,DE0 301,33.83309661801425,37.51835610878998,0.0,0.0,scenario1,windy,fixed
7172,273,DE0 196,DE0 377,47.93908949238029,69.95615756325147,4.0,0.0,scenario1,windy,fixed
7173,274,DE0 197,DE0 356,1.5622530500096063,4.5265169175109135,0.0,0.0,scenario1,windy,fixed
7174,275,DE0 197,DE0 371,12.696637481692008,14.70334822222302,0.0,0.0,scenario1,windy,fixed
7175,276,DE0 198,DE0 239,32.92299449500112,37.54211801842142,0.0,0.0,scenario1,windy,fixed
7176,277,DE0 198,DE0 248,8.674091442249589,12.479207522993832,0.0,0.0,scenario1,windy,fixed
7177,278,DE0 199,DE0 432,17.17390280092818,22.728184263447766,0.0,0.0,scenario1,windy,fixed
7178,279,DE0 2,DE0 233,6.4183180949041425,12.847216473168757,0.0,0.0,scenario1,windy,fixed
7179,28,DE0 104,DE0 206,33.519070495430256,45.80622141101702,0.0,0.0,scenario1,windy,fixed
7180,280,DE0 2,DE0 256,28.049359954418662,35.23008905061371,0.0,0.0,scenario1,windy,fixed
7181,281,DE0 2,DE0 72,23.729843268281034,27.861133532073158,0.0,0.0,scenario1,windy,fixed
7182,282,DE0 20,DE0 410,8.830496939427897,14.327005006943661,0.0,0.0,scenario1,windy,fixed
7183,283,DE0 200,DE0 242,3.651991833967755,6.378570093785076,0.0,0.0,scenario1,windy,fixed
7184,284,DE0 200,DE0 386,47.63202352044316,57.246766670744385,0.0,0.0,scenario1,windy,fixed
7185,285,DE0 200,DE0 440,4.715669954388088,9.050391407336658,0.0,0.0,scenario1,windy,fixed
7186,286,DE0 200,DE0 99,52.898741319800976,60.28048055249315,2.0,0.0,scenario1,windy,fixed
7187,287,DE0 201,DE0 206,25.07100894017336,33.29930373232927,0.0,0.0,scenario1,windy,fixed
7188,288,DE0 201,DE0 212,39.6060004018483,50.65141507675265,0.0,0.0,scenario1,windy,fixed
7189,289,DE0 201,DE0 399,2.9198261812854542,7.128249278462255,0.0,0.0,scenario1,windy,fixed
7190,29,DE0 104,DE0 428,12.068364236948485,16.436175049001466,0.0,0.0,scenario1,windy,fixed
7191,290,DE0 201,DE0 428,1.745634579106004,3.4490124658348664,0.0,0.0,scenario1,windy,fixed
7192,291,DE0 202,DE0 298,41.835644454764484,64.30273039196663,1.0,0.0,scenario1,windy,fixed
7193,292,DE0 202,DE0 322,40.88728016062529,45.926037263781225,0.0,0.0,scenario1,windy,fixed
7194,293,DE0 202,DE0 360,12.73381384828711,20.509427719835365,0.0,0.0,scenario1,windy,fixed
7195,294,DE0 202,DE0 397,5.933356379038523,13.570496078537502,0.0,0.0,scenario1,windy,fixed
7196,295,DE0 202,DE0 48,28.17024563721216,47.671804538307406,0.0,0.0,scenario1,windy,fixed
7197,296,DE0 202,DE0 82,35.08076778353206,52.71410095210016,0.0,0.0,scenario1,windy,fixed
7198,297,DE0 203,DE0 212,41.90165722571617,42.59801583926379,0.0,0.0,scenario1,windy,fixed
7199,298,DE0 203,DE0 227,59.08608929607685,59.21686562004981,0.0,0.0,scenario1,windy,fixed
7200,299,DE0 203,DE0 358,40.352345446078644,40.81273885386318,0.0,0.0,scenario1,windy,fixed
7201,3,DE0 0,DE0 55,11.28541545620158,15.58815327143552,0.0,0.0,scenario1,windy,fixed
7202,30,DE0 105,DE0 260,22.636663479651688,25.61450914354801,0.0,0.0,scenario1,windy,fixed
7203,300,DE0 204,DE0 367,52.10451249811657,60.55183228000244,1.0,0.0,scenario1,windy,fixed
7204,301,DE0 204,DE0 46,50.805130319133205,56.25211339975581,0.0,0.0,scenario1,windy,fixed
7205,302,DE0 206,DE0 212,36.534342491266855,44.12186471971379,0.0,0.0,scenario1,windy,fixed
7206,303,DE0 206,DE0 290,43.98700103981361,55.575049189543904,0.0,0.0,scenario1,windy,fixed
7207,304,DE0 207,DE0 40,11.155076985936924,19.284751036543195,0.0,0.0,scenario1,windy,fixed
7208,305,DE0 207,DE0 54,9.145907530142727,19.683997728331178,0.0,0.0,scenario1,windy,fixed
7209,306,DE0 208,DE0 28,16.231834646082426,23.818294710659487,0.0,0.0,scenario1,windy,fixed
7210,307,DE0 208,DE0 307,14.095692547833885,27.93373866725935,0.0,0.0,scenario1,windy,fixed
7211,308,DE0 21,DE0 234,28.676146866211898,36.89250418827891,0.0,0.0,scenario1,windy,fixed
7212,309,DE0 21,DE0 74,21.98309747031903,31.779774992531003,0.0,0.0,scenario1,windy,fixed
7213,31,DE0 105,DE0 34,3.845825775442887,8.878683291932537,0.0,0.0,scenario1,windy,fixed
7214,310,DE0 210,DE0 305,34.72754422535835,46.52876996321656,0.0,0.0,scenario1,windy,fixed
7215,311,DE0 210,DE0 400,28.221355753000893,43.079379201696355,0.0,0.0,scenario1,windy,fixed
7216,312,DE0 211,DE0 247,66.0086742093898,68.46866636162235,24.0,0.0,scenario1,windy,fixed
7217,313,DE0 211,DE0 362,38.707752933113596,40.39294219370467,0.0,0.0,scenario1,windy,fixed
7218,314,DE0 212,DE0 280,22.668482991345392,31.184363723625697,0.0,0.0,scenario1,windy,fixed
7219,315,DE0 212,DE0 300,32.61418290011017,43.336658811316944,0.0,0.0,scenario1,windy,fixed
7220,316,DE0 212,DE0 358,42.45729821311932,43.4260992861506,0.0,0.0,scenario1,windy,fixed
7221,317,DE0 212,DE0 77,10.188820533711008,19.080824053482242,0.0,0.0,scenario1,windy,fixed
7222,318,DE0 213,DE0 342,3.7490403138630577,10.550528368686406,0.0,0.0,scenario1,windy,fixed
7223,319,DE0 214,DE0 45,2.0284270051093194,2.874885370872217,0.0,0.0,scenario1,windy,fixed
7224,32,DE0 105,DE0 354,46.422831408440466,52.73638514506348,0.0,0.0,scenario1,windy,fixed
7225,320,DE0 215,DE0 42,19.59558292278975,34.31653876061318,0.0,0.0,scenario1,windy,fixed
7226,321,DE0 216,DE0 277,23.775980836323985,25.34139717696531,0.0,0.0,scenario1,windy,fixed
7227,322,DE0 216,DE0 339,19.06390595565159,20.306191959661174,0.0,0.0,scenario1,windy,fixed
7228,323,DE0 216,DE0 429,16.034659922312635,16.961201824626837,0.0,0.0,scenario1,windy,fixed
7229,324,DE0 217,DE0 388,14.167264383083813,18.012967571798324,0.0,0.0,scenario1,windy,fixed
7230,325,DE0 217,DE0 46,46.607594924402605,59.40316671543845,0.0,0.0,scenario1,windy,fixed
7231,326,DE0 217,DE0 57,17.77979468352749,21.11386376104424,0.0,0.0,scenario1,windy,fixed
7232,327,DE0 218,DE0 406,23.42176762861414,25.275494705308795,0.0,0.0,scenario1,windy,fixed
7233,328,DE0 218,DE0 73,50.22436022431444,54.63079995145551,0.0,0.0,scenario1,windy,fixed
7234,329,DE0 22,DE0 296,11.493357084162652,24.352810641851722,0.0,0.0,scenario1,windy,fixed
7235,33,DE0 106,DE0 180,9.278891097024413,13.435679161091988,0.0,0.0,scenario1,windy,fixed
7236,330,DE0 22,DE0 352,41.41618645817331,64.40315089488413,1.0,0.0,scenario1,windy,fixed
7237,331,DE0 22,DE0 8,11.821865480696319,23.931533984647853,0.0,0.0,scenario1,windy,fixed
7238,332,DE0 220,DE0 336,1.2865148486881048,4.0590287721315015,0.0,0.0,scenario1,windy,fixed
7239,333,DE0 220,DE0 379,8.354106588607836,9.401169992789033,0.0,0.0,scenario1,windy,fixed
7240,334,DE0 221,DE0 274,40.85934882352394,57.325058895635514,0.0,0.0,scenario1,windy,fixed
7241,335,DE0 222,DE0 292,65.03721170311869,69.80021767369686,24.0,0.0,scenario1,windy,fixed
7242,336,DE0 222,DE0 311,39.9607934550837,42.568722081129984,0.0,0.0,scenario1,windy,fixed
7243,337,DE0 222,DE0 381,33.03677045747762,42.19977614973345,0.0,0.0,scenario1,windy,fixed
7244,338,DE0 222,DE0 74,28.575933091008505,39.5748148211063,0.0,0.0,scenario1,windy,fixed
7245,339,DE0 222,DE0 87,45.32074898909986,53.63823685704971,0.0,0.0,scenario1,windy,fixed
7246,34,DE0 106,DE0 275,8.890629512613017,13.393615693712608,0.0,0.0,scenario1,windy,fixed
7247,340,DE0 223,DE0 286,11.417357700563324,17.78751119815689,0.0,0.0,scenario1,windy,fixed
7248,341,DE0 223,DE0 295,15.111167807707716,20.99577381970207,0.0,0.0,scenario1,windy,fixed
7249,342,DE0 224,DE0 40,30.10096321979669,36.11947391077572,0.0,0.0,scenario1,windy,fixed
7250,343,DE0 225,DE0 425,68.12391251785294,69.60082095508135,24.0,0.0,scenario1,windy,fixed
7251,344,DE0 225,DE0 6,68.41046654945177,69.64817593713974,24.0,0.0,scenario1,windy,fixed
7252,345,DE0 226,DE0 424,7.593699601531351,20.299792265198686,0.0,0.0,scenario1,windy,fixed
7253,346,DE0 227,DE0 289,18.013380832290775,19.688533409168908,0.0,0.0,scenario1,windy,fixed
7254,347,DE0 227,DE0 334,4.736332927203879,7.847694658626896,0.0,0.0,scenario1,windy,fixed
7255,348,DE0 227,DE0 396,10.249048697102427,13.512937670399698,0.0,0.0,scenario1,windy,fixed
7256,349,DE0 228,DE0 325,6.885904593262114,12.866477604805956,0.0,0.0,scenario1,windy,fixed
7257,35,DE0 107,DE0 154,22.863523680935828,27.87859234713286,0.0,0.0,scenario1,windy,fixed
7258,350,DE0 228,DE0 8,9.026850243190614,16.226096668260634,0.0,0.0,scenario1,windy,fixed
7259,351,DE0 229,DE0 236,3.4611157746631656,7.33922418566907,0.0,0.0,scenario1,windy,fixed
7260,352,DE0 229,DE0 332,15.884943757459794,24.57833842926542,0.0,0.0,scenario1,windy,fixed
7261,353,DE0 229,DE0 449,1.3561960145728038,1.5423280250002822,0.0,0.0,scenario1,windy,fixed
7262,354,DE0 23,DE0 380,28.315427931515135,34.14475271210456,0.0,0.0,scenario1,windy,fixed
7263,355,DE0 23,DE0 57,59.596538887099115,67.17390353959102,15.0,0.0,scenario1,windy,fixed
7264,356,DE0 230,DE0 24,11.524729721629958,31.033699021040984,0.0,0.0,scenario1,windy,fixed
7265,357,DE0 231,DE0 87,40.581516390621914,44.84777736979723,0.0,0.0,scenario1,windy,fixed
7266,358,DE0 232,DE0 382,13.385877895396812,15.203187205872831,0.0,0.0,scenario1,windy,fixed
7267,359,DE0 233,DE0 271,8.659011299449858,15.235798398714334,0.0,0.0,scenario1,windy,fixed
7268,36,DE0 107,DE0 38,26.376467873595704,30.676690907771697,0.0,0.0,scenario1,windy,fixed
7269,360,DE0 233,DE0 72,36.05864506481464,41.48363925759011,0.0,0.0,scenario1,windy,fixed
7270,361,DE0 234,DE0 88,24.084566466984857,32.84256424755178,0.0,0.0,scenario1,windy,fixed
7271,362,DE0 235,DE0 382,5.566128929619662,6.800326431468662,0.0,0.0,scenario1,windy,fixed
7272,363,DE0 235,DE0 384,4.006010791961446,5.994505542054786,0.0,0.0,scenario1,windy,fixed
7273,364,DE0 236,DE0 260,25.025110952009328,28.16140975034161,0.0,0.0,scenario1,windy,fixed
7274,365,DE0 236,DE0 31,17.071375108506345,20.960813860955497,0.0,0.0,scenario1,windy,fixed
7275,366,DE0 237,DE0 37,18.40570325565046,27.69241671613495,0.0,0.0,scenario1,windy,fixed
7276,367,DE0 238,DE0 250,4.068619592561501,12.98754565850066,0.0,0.0,scenario1,windy,fixed
7277,368,DE0 238,DE0 445,1.7934867301033508,7.179914581601745,0.0,0.0,scenario1,windy,fixed
7278,369,DE0 239,DE0 392,31.63694268345736,35.34610881413575,0.0,0.0,scenario1,windy,fixed
7279,37,DE0 108,DE0 246,53.021162982008285,69.90259412981351,8.0,0.0,scenario1,windy,fixed
7280,370,DE0 24,DE0 245,19.14785650544902,41.158331933651844,0.0,0.0,scenario1,windy,fixed
7281,371,DE0 24,DE0 259,22.959975383728736,36.51328914931916,0.0,0.0,scenario1,windy,fixed
7282,372,DE0 24,DE0 335,27.235883502441787,53.31180039746016,0.0,0.0,scenario1,windy,fixed
7283,373,DE0 24,DE0 68,9.693490360287564,27.57341401586293,0.0,0.0,scenario1,windy,fixed
7284,374,DE0 240,DE0 357,30.96457153662648,33.68234880111921,0.0,0.0,scenario1,windy,fixed
7285,375,DE0 241,DE0 322,41.27778044676211,45.337239127783086,0.0,0.0,scenario1,windy,fixed
7286,376,DE0 242,DE0 340,20.240779363817776,27.492293159272485,0.0,0.0,scenario1,windy,fixed
7287,377,DE0 242,DE0 99,27.57942339280703,34.59753086342093,0.0,0.0,scenario1,windy,fixed
7288,378,DE0 243,DE0 46,52.37450810642309,55.64366716879244,0.0,0.0,scenario1,windy,fixed
7289,379,DE0 244,DE0 366,9.503363630806415,12.65665034417777,0.0,0.0,scenario1,windy,fixed
7290,38,DE0 108,DE0 393,23.84347802948543,32.274988614109965,0.0,0.0,scenario1,windy,fixed
7291,380,DE0 244,DE0 448,11.67402970870321,12.73943753566392,0.0,0.0,scenario1,windy,fixed
7292,381,DE0 244,DE0 95,21.19908225057651,25.33567225244943,0.0,0.0,scenario1,windy,fixed
7293,382,DE0 245,DE0 422,11.628393515297642,35.463696955508375,0.0,0.0,scenario1,windy,fixed
7294,383,DE0 246,DE0 267,60.58192083299693,69.78958709500296,13.0,0.0,scenario1,windy,fixed
7295,384,DE0 247,DE0 74,48.533462147089715,52.87051501127586,0.0,0.0,scenario1,windy,fixed
7296,385,DE0 248,DE0 374,31.691883162769628,35.00649052224693,0.0,0.0,scenario1,windy,fixed
7297,386,DE0 248,DE0 66,29.82453660742996,34.98683705575167,0.0,0.0,scenario1,windy,fixed
7298,387,DE0 248,DE0 90,45.84650139969406,51.083495187085916,0.0,0.0,scenario1,windy,fixed
7299,388,DE0 249,DE0 36,18.116031469703707,29.365610207869103,0.0,0.0,scenario1,windy,fixed
7300,389,DE0 249,DE0 364,19.029547365186996,25.921514131537073,0.0,0.0,scenario1,windy,fixed
7301,39,DE0 108,DE0 417,5.379085482698649,7.075669886675801,0.0,0.0,scenario1,windy,fixed
7302,390,DE0 25,DE0 50,48.86901623183894,53.99376579039852,0.0,0.0,scenario1,windy,fixed
7303,391,DE0 25,DE0 92,38.368943379140745,44.22645439543401,0.0,0.0,scenario1,windy,fixed
7304,392,DE0 250,DE0 56,28.180668206681908,41.88743282951738,0.0,0.0,scenario1,windy,fixed
7305,393,DE0 251,DE0 343,46.69319325568931,52.547768776778156,0.0,0.0,scenario1,windy,fixed
7306,394,DE0 251,DE0 385,4.697922779537792,10.294709999283805,0.0,0.0,scenario1,windy,fixed
7307,395,DE0 252,DE0 293,26.873925594350407,37.169816419975604,0.0,0.0,scenario1,windy,fixed
7308,396,DE0 252,DE0 344,15.939851295621157,21.931627501977676,0.0,0.0,scenario1,windy,fixed
7309,397,DE0 253,DE0 75,28.735382863742725,43.71547621060407,0.0,0.0,scenario1,windy,fixed
7310,398,DE0 254,DE0 283,16.055836927759266,17.783603248832048,0.0,0.0,scenario1,windy,fixed
7311,399,DE0 254,DE0 378,21.84581762289104,24.19268337240679,0.0,0.0,scenario1,windy,fixed
7312,4,DE0 0,DE0 59,33.78728038444795,43.108027766126945,0.0,0.0,scenario1,windy,fixed
7313,40,DE0 109,DE0 162,12.722858146255605,27.473663835369404,0.0,0.0,scenario1,windy,fixed
7314,400,DE0 254,DE0 99,29.798426053833843,32.774710687132874,0.0,0.0,scenario1,windy,fixed
7315,401,DE0 255,DE0 415,39.239879284766594,43.05338123210598,0.0,0.0,scenario1,windy,fixed
7316,402,DE0 255,DE0 76,45.58132737492398,50.14171639392879,0.0,0.0,scenario1,windy,fixed
7317,403,DE0 257,DE0 328,19.138251277285793,23.895239045627484,0.0,0.0,scenario1,windy,fixed
7318,404,DE0 257,DE0 336,1.8338443413222292,4.21133748193614,0.0,0.0,scenario1,windy,fixed
7319,405,DE0 257,DE0 387,7.714688341084528,9.237112424191674,0.0,0.0,scenario1,windy,fixed
7320,406,DE0 258,DE0 34,9.688316349884952,12.367763729195577,0.0,0.0,scenario1,windy,fixed
7321,407,DE0 258,DE0 433,14.26821228874349,18.58805209777993,0.0,0.0,scenario1,windy,fixed
7322,408,DE0 26,DE0 69,17.28921626706722,24.36665245572168,0.0,0.0,scenario1,windy,fixed
7323,409,DE0 262,DE0 42,4.87298935130431,10.370647652473972,0.0,0.0,scenario1,windy,fixed
7324,41,DE0 109,DE0 215,11.60200275587214,23.766033853445283,0.0,0.0,scenario1,windy,fixed
7325,410,DE0 263,DE0 347,13.087860104525861,17.501038054721754,0.0,0.0,scenario1,windy,fixed
7326,411,DE0 263,DE0 9,10.884924062241737,15.625954792920355,0.0,0.0,scenario1,windy,fixed
7327,412,DE0 264,DE0 339,69.90054241564513,69.9005939364266,24.0,0.0,scenario1,windy,fixed
7328,413,DE0 264,DE0 363,32.041396962957094,35.042343802148984,0.0,0.0,scenario1,windy,fixed
7329,414,DE0 264,DE0 375,40.74084353952897,44.978468358005976,0.0,0.0,scenario1,windy,fixed
7330,415,DE0 265,DE0 306,30.72499177763924,39.61484414607178,0.0,0.0,scenario1,windy,fixed
7331,416,DE0 266,DE0 420,25.90396367347611,29.60055663663976,0.0,0.0,scenario1,windy,fixed
7332,417,DE0 266,DE0 67,25.21442630908209,28.8155496798397,0.0,0.0,scenario1,windy,fixed
7333,418,DE0 267,DE0 70,33.01555734947836,42.27361526276389,0.0,0.0,scenario1,windy,fixed
7334,419,DE0 268,DE0 336,4.999915783404726,7.456054188911184,0.0,0.0,scenario1,windy,fixed
7335,42,DE0 11,DE0 360,12.13067512014334,19.791839774322696,0.0,0.0,scenario1,windy,fixed
7336,420,DE0 268,DE0 361,12.598740506577824,17.988731340079443,0.0,0.0,scenario1,windy,fixed
7337,421,DE0 268,DE0 366,4.483439513651182,6.119677471075073,0.0,0.0,scenario1,windy,fixed
7338,422,DE0 268,DE0 95,3.9951159851552966,7.140073303140364,0.0,0.0,scenario1,windy,fixed
7339,423,DE0 269,DE0 29,49.57073447260383,63.6843542649963,2.0,0.0,scenario1,windy,fixed
7340,424,DE0 27,DE0 283,2.2883440106548694,6.8763734934124505,0.0,0.0,scenario1,windy,fixed
7341,425,DE0 27,DE0 333,5.873143779677528,14.377666001457296,0.0,0.0,scenario1,windy,fixed
7342,426,DE0 27,DE0 447,20.59512307721437,22.50642860555864,0.0,0.0,scenario1,windy,fixed
7343,427,DE0 270,DE0 350,5.135602136124726,11.470367401556537,0.0,0.0,scenario1,windy,fixed
7344,428,DE0 270,DE0 423,15.33877834471069,25.456457897284796,0.0,0.0,scenario1,windy,fixed
7345,429,DE0 270,DE0 426,12.715953999868098,27.711480673119286,0.0,0.0,scenario1,windy,fixed
7346,43,DE0 11,DE0 67,17.468948450828258,25.94365289038219,0.0,0.0,scenario1,windy,fixed
7347,430,DE0 271,DE0 61,20.065870082496108,39.52598685282634,0.0,0.0,scenario1,windy,fixed
7348,431,DE0 271,DE0 91,21.026820514760406,39.54889950086053,0.0,0.0,scenario1,windy,fixed
7349,432,DE0 272,DE0 385,12.095780982702635,13.356569124651008,0.0,0.0,scenario1,windy,fixed
7350,433,DE0 272,DE0 406,3.9099218865049608,4.095385078271456,0.0,0.0,scenario1,windy,fixed
7351,434,DE0 273,DE0 370,22.617180429932425,33.629412823645374,0.0,0.0,scenario1,windy,fixed
7352,435,DE0 273,DE0 407,20.831729738344176,34.33785028798744,0.0,0.0,scenario1,windy,fixed
7353,436,DE0 274,DE0 28,14.653520067094746,20.017612707478154,0.0,0.0,scenario1,windy,fixed
7354,437,DE0 275,DE0 309,9.586786080462172,14.753547270011,0.0,0.0,scenario1,windy,fixed
7355,438,DE0 276,DE0 277,7.844121219463042,9.363131892084855,0.0,0.0,scenario1,windy,fixed
7356,439,DE0 276,DE0 396,22.53986510020929,25.585564897918733,0.0,0.0,scenario1,windy,fixed
7357,44,DE0 110,DE0 415,60.23197541152042,64.56250315775806,17.0,0.0,scenario1,windy,fixed
7358,440,DE0 277,DE0 369,11.711061339299407,14.539414032489706,0.0,0.0,scenario1,windy,fixed
7359,441,DE0 277,DE0 376,19.03398096025025,20.54666087839036,0.0,0.0,scenario1,windy,fixed
7360,442,DE0 278,DE0 296,16.52294171705463,32.80996386395192,0.0,0.0,scenario1,windy,fixed
7361,443,DE0 278,DE0 324,21.36444076207402,37.11562713380667,0.0,0.0,scenario1,windy,fixed
7362,444,DE0 279,DE0 405,12.935354079526604,16.673027092447366,0.0,0.0,scenario1,windy,fixed
7363,445,DE0 280,DE0 439,24.111346779588995,30.410429525238865,0.0,0.0,scenario1,windy,fixed
7364,446,DE0 281,DE0 346,11.389766882697822,20.02999631950383,0.0,0.0,scenario1,windy,fixed
7365,447,DE0 281,DE0 52,21.327912940629293,30.592877026506578,0.0,0.0,scenario1,windy,fixed
7366,448,DE0 282,DE0 355,42.539242286700144,45.355181410355826,0.0,0.0,scenario1,windy,fixed
7367,449,DE0 282,DE0 365,40.59924663933729,42.89528989668489,0.0,0.0,scenario1,windy,fixed
7368,45,DE0 111,DE0 435,62.5838868988025,69.44339242667952,16.0,0.0,scenario1,windy,fixed
7369,450,DE0 282,DE0 389,20.75419651669009,22.44403752622648,0.0,0.0,scenario1,windy,fixed
7370,451,DE0 283,DE0 292,30.14381156854619,36.026925186675044,0.0,0.0,scenario1,windy,fixed
7371,452,DE0 283,DE0 331,17.331292593477794,21.30769546270838,0.0,0.0,scenario1,windy,fixed
7372,453,DE0 283,DE0 378,16.502635999193995,20.835946393641745,0.0,0.0,scenario1,windy,fixed
7373,454,DE0 284,DE0 308,15.490010848626564,24.48568437117895,0.0,0.0,scenario1,windy,fixed
7374,455,DE0 284,DE0 353,16.428231360444467,25.69646103509699,0.0,0.0,scenario1,windy,fixed
7375,456,DE0 285,DE0 301,31.937329146645794,35.901649691065074,0.0,0.0,scenario1,windy,fixed
7376,457,DE0 285,DE0 379,10.189593758470302,13.094706121163718,0.0,0.0,scenario1,windy,fixed
7377,458,DE0 285,DE0 382,20.466349715314234,22.39046068536857,0.0,0.0,scenario1,windy,fixed
7378,459,DE0 286,DE0 347,8.156446599894142,11.843353187635044,0.0,0.0,scenario1,windy,fixed
7379,46,DE0 111,DE0 66,24.36609679430464,29.202925873922158,0.0,0.0,scenario1,windy,fixed
7380,460,DE0 287,DE0 339,0.838308208592945,1.9414679083992499,0.0,0.0,scenario1,windy,fixed
7381,461,DE0 287,DE0 413,1.3372928236677393,2.3593262069858163,0.0,0.0,scenario1,windy,fixed
7382,462,DE0 287,DE0 416,1.3833532576465422,1.8510130229816357,0.0,0.0,scenario1,windy,fixed
7383,463,DE0 288,DE0 289,22.73155015391073,30.75631119742957,0.0,0.0,scenario1,windy,fixed
7384,464,DE0 289,DE0 337,16.155363113527386,16.649667890889948,0.0,0.0,scenario1,windy,fixed
7385,465,DE0 289,DE0 401,17.64539630748862,18.565286629310542,0.0,0.0,scenario1,windy,fixed
7386,466,DE0 29,DE0 383,34.084797839847994,48.674044033157884,0.0,0.0,scenario1,windy,fixed
7387,467,DE0 290,DE0 351,29.337496105169304,35.67119340318009,0.0,0.0,scenario1,windy,fixed
7388,468,DE0 291,DE0 356,17.536336227429835,21.675081633566858,0.0,0.0,scenario1,windy,fixed
7389,469,DE0 291,DE0 433,13.118157608478839,17.53029550554408,0.0,0.0,scenario1,windy,fixed
7390,47,DE0 112,DE0 349,69.86008632353456,69.96921569851531,24.0,0.0,scenario1,windy,fixed
7391,470,DE0 292,DE0 326,69.85834823383296,69.85834898731757,24.0,0.0,scenario1,windy,fixed
7392,471,DE0 292,DE0 340,41.2194560289448,49.87183213974327,0.0,0.0,scenario1,windy,fixed
7393,472,DE0 292,DE0 430,56.05481115563271,65.8777030779256,5.0,0.0,scenario1,windy,fixed
7394,473,DE0 293,DE0 344,31.65794776120654,43.99419243113369,0.0,0.0,scenario1,windy,fixed
7395,474,DE0 293,DE0 414,15.776189526253322,21.795285155967576,0.0,0.0,scenario1,windy,fixed
7396,475,DE0 294,DE0 394,63.97772719170659,69.89468416481334,19.0,0.0,scenario1,windy,fixed
7397,476,DE0 294,DE0 395,62.57907930989916,68.36648212537283,18.0,0.0,scenario1,windy,fixed
7398,477,DE0 295,DE0 378,9.034336807461296,12.145852343053336,0.0,0.0,scenario1,windy,fixed
7399,478,DE0 296,DE0 8,10.611546740843536,20.555413396732288,0.0,0.0,scenario1,windy,fixed
7400,479,DE0 297,DE0 394,39.01598683350846,42.7113668407766,0.0,0.0,scenario1,windy,fixed
7401,48,DE0 112,DE0 391,30.56595632908922,37.59247124387834,0.0,0.0,scenario1,windy,fixed
7402,480,DE0 297,DE0 90,40.0170882589418,43.789694192383074,0.0,0.0,scenario1,windy,fixed
7403,481,DE0 298,DE0 67,22.21341522185897,33.48101683777011,0.0,0.0,scenario1,windy,fixed
7404,482,DE0 299,DE0 411,0.6576763872393744,0.8884981139946859,0.0,0.0,scenario1,windy,fixed
7405,483,DE0 299,DE0 60,3.1959720610798583,11.714915718958979,0.0,0.0,scenario1,windy,fixed
7406,484,DE0 3,DE0 356,12.225188158659932,15.863163118466197,0.0,0.0,scenario1,windy,fixed
7407,485,DE0 30,DE0 399,10.080657065514908,16.209728478222456,0.0,0.0,scenario1,windy,fixed
7408,486,DE0 30,DE0 428,4.598452331407798,8.531625897006933,0.0,0.0,scenario1,windy,fixed
7409,487,DE0 30,DE0 77,57.36026059480318,65.13090290834931,12.0,0.0,scenario1,windy,fixed
7410,488,DE0 300,DE0 313,34.14340502735979,45.014821164385125,0.0,0.0,scenario1,windy,fixed
7411,489,DE0 302,DE0 447,13.896351677338922,15.096336365009527,0.0,0.0,scenario1,windy,fixed
7412,49,DE0 113,DE0 189,8.192193163992957,14.986075655915219,0.0,0.0,scenario1,windy,fixed
7413,490,DE0 302,DE0 99,22.392164193185007,24.228910972421833,0.0,0.0,scenario1,windy,fixed
7414,491,DE0 303,DE0 436,11.309473176296358,23.773886926678003,0.0,0.0,scenario1,windy,fixed
7415,492,DE0 304,DE0 98,27.551857127097445,30.71755527928637,0.0,0.0,scenario1,windy,fixed
7416,493,DE0 305,DE0 313,34.33879297955047,46.10096211467175,0.0,0.0,scenario1,windy,fixed
7417,494,DE0 308,DE0 431,36.678626761222624,55.05050103960598,0.0,0.0,scenario1,windy,fixed
7418,495,DE0 31,DE0 408,15.020750930539617,18.047482548906764,0.0,0.0,scenario1,windy,fixed
7419,496,DE0 310,DE0 340,5.306490844275469,11.964890886231027,0.0,0.0,scenario1,windy,fixed
7420,497,DE0 310,DE0 430,5.425293743657193,7.59430806865848,0.0,0.0,scenario1,windy,fixed
7421,498,DE0 312,DE0 364,7.577391773605478,11.067219541416105,0.0,0.0,scenario1,windy,fixed
7422,499,DE0 314,DE0 380,56.18561863223353,67.862989632191,10.0,0.0,scenario1,windy,fixed
7423,5,DE0 0,DE0 65,11.543259490823372,18.05120424678967,0.0,0.0,scenario1,windy,fixed
7424,50,DE0 113,DE0 251,56.6899727793415,64.57516997742468,7.0,0.0,scenario1,windy,fixed
7425,500,DE0 314,DE0 86,26.743128416757223,32.22220108567257,0.0,0.0,scenario1,windy,fixed
7426,501,DE0 315,DE0 365,20.218580864949807,21.216813197239443,0.0,0.0,scenario1,windy,fixed
7427,502,DE0 315,DE0 448,12.934583877316062,15.168433369420043,0.0,0.0,scenario1,windy,fixed
7428,503,DE0 316,DE0 412,21.176702408713552,26.22907960464138,0.0,0.0,scenario1,windy,fixed
7429,504,DE0 317,DE0 58,13.55979950501012,24.565009162633224,0.0,0.0,scenario1,windy,fixed
7430,505,DE0 317,DE0 81,45.593312357564876,52.80391402579836,0.0,0.0,scenario1,windy,fixed
7431,506,DE0 318,DE0 369,29.329348165192147,32.87630761963866,0.0,0.0,scenario1,windy,fixed
7432,507,DE0 318,DE0 392,61.64289468803344,68.83866798951173,13.0,0.0,scenario1,windy,fixed
7433,508,DE0 319,DE0 391,51.120452693239656,56.08085650946947,0.0,0.0,scenario1,windy,fixed
7434,509,DE0 32,DE0 96,17.2672816119246,26.099592569195785,0.0,0.0,scenario1,windy,fixed
7435,51,DE0 113,DE0 33,61.613287334280955,64.22812624287688,19.0,0.0,scenario1,windy,fixed
7436,510,DE0 320,DE0 409,16.179661802803103,17.29109293738955,0.0,0.0,scenario1,windy,fixed
7437,511,DE0 320,DE0 418,16.084937498131495,17.188569683109613,0.0,0.0,scenario1,windy,fixed
7438,512,DE0 321,DE0 384,1.7475184285204854,4.046764136669238,0.0,0.0,scenario1,windy,fixed
7439,513,DE0 321,DE0 412,1.020594469621646,2.83534312247806,0.0,0.0,scenario1,windy,fixed
7440,514,DE0 323,DE0 419,5.298206012875609,14.511758227668675,0.0,0.0,scenario1,windy,fixed
7441,515,DE0 323,DE0 445,5.285140060056167,14.724079969666558,0.0,0.0,scenario1,windy,fixed
7442,516,DE0 324,DE0 426,14.186999147457591,28.961896381561086,0.0,0.0,scenario1,windy,fixed
7443,517,DE0 326,DE0 390,66.31915680827869,69.95175820868386,24.0,0.0,scenario1,windy,fixed
7444,518,DE0 327,DE0 53,39.751985064778545,41.29446992408249,0.0,0.0,scenario1,windy,fixed
7445,519,DE0 328,DE0 336,5.201018354909972,7.866667176400459,0.0,0.0,scenario1,windy,fixed
7446,52,DE0 113,DE0 343,49.106055980529334,59.17807539505412,0.0,0.0,scenario1,windy,fixed
7447,520,DE0 330,DE0 362,69.90496089143218,69.9049610945533,24.0,0.0,scenario1,windy,fixed
7448,521,DE0 330,DE0 60,11.500032339968772,16.584027508125835,0.0,0.0,scenario1,windy,fixed
7449,522,DE0 331,DE0 421,7.516648051857092,10.947716027446571,0.0,0.0,scenario1,windy,fixed
7450,523,DE0 331,DE0 446,9.195220219619566,14.11398110973019,0.0,0.0,scenario1,windy,fixed
7451,524,DE0 332,DE0 431,17.90586672660403,26.967536309961414,0.0,0.0,scenario1,windy,fixed
7452,525,DE0 333,DE0 441,7.438082255886906,16.675877393109822,0.0,0.0,scenario1,windy,fixed
7453,526,DE0 334,DE0 376,21.930675387713716,25.15489138226877,0.0,0.0,scenario1,windy,fixed
7454,527,DE0 334,DE0 416,46.690539595951975,48.26582183359891,0.0,0.0,scenario1,windy,fixed
7455,528,DE0 334,DE0 63,37.27057968606728,38.53723266335026,0.0,0.0,scenario1,windy,fixed
7456,529,DE0 336,DE0 379,3.975415367183235,7.751255934284098,0.0,0.0,scenario1,windy,fixed
7457,53,DE0 113,DE0 35,10.70895354424386,16.819637411259112,0.0,0.0,scenario1,windy,fixed
7458,530,DE0 336,DE0 412,6.723069402720132,9.584762448906153,0.0,0.0,scenario1,windy,fixed
7459,531,DE0 338,DE0 379,4.29754117472679,7.256464995259329,0.0,0.0,scenario1,windy,fixed
7460,532,DE0 338,DE0 51,1.301650249428611,4.278634488040335,0.0,0.0,scenario1,windy,fixed
7461,533,DE0 339,DE0 363,20.786558724932544,22.351123070908734,0.0,0.0,scenario1,windy,fixed
7462,534,DE0 339,DE0 413,3.846569691465588,5.323566784704478,0.0,0.0,scenario1,windy,fixed
7463,535,DE0 339,DE0 429,14.101549082656554,15.301603833362762,0.0,0.0,scenario1,windy,fixed
7464,536,DE0 341,DE0 363,14.768625760510767,19.973757913861782,0.0,0.0,scenario1,windy,fixed
7465,537,DE0 341,DE0 427,11.174919657946077,13.288377002604058,0.0,0.0,scenario1,windy,fixed
7466,538,DE0 345,DE0 41,24.308558748523502,33.333589433561905,0.0,0.0,scenario1,windy,fixed
7467,539,DE0 345,DE0 414,19.198078245432605,29.224394500630485,0.0,0.0,scenario1,windy,fixed
7468,54,DE0 113,DE0 55,6.611088811412112,20.935911414893024,0.0,0.0,scenario1,windy,fixed
7469,540,DE0 346,DE0 442,24.467773762905633,39.3769329720492,0.0,0.0,scenario1,windy,fixed
7470,541,DE0 348,DE0 444,16.054273877846104,17.10017441047847,0.0,0.0,scenario1,windy,fixed
7471,542,DE0 349,DE0 4,39.93365625712955,51.052263728018296,0.0,0.0,scenario1,windy,fixed
7472,543,DE0 349,DE0 70,35.705938805189525,43.94121505932512,0.0,0.0,scenario1,windy,fixed
7473,544,DE0 35,DE0 55,6.414351457351658,21.87692219612973,0.0,0.0,scenario1,windy,fixed
7474,545,DE0 350,DE0 423,49.34672478745203,69.9720628494624,6.0,0.0,scenario1,windy,fixed
7475,546,DE0 350,DE0 75,32.06856129710873,55.447195516073876,0.0,0.0,scenario1,windy,fixed
7476,547,DE0 351,DE0 425,15.257275479654139,30.13992782647092,0.0,0.0,scenario1,windy,fixed
7477,548,DE0 353,DE0 49,16.44618121333806,25.812904692402107,0.0,0.0,scenario1,windy,fixed
7478,549,DE0 354,DE0 385,3.5543764992235474,4.7044330187235435,0.0,0.0,scenario1,windy,fixed
7479,55,DE0 113,DE0 65,4.8548725808961795,10.176869214946423,0.0,0.0,scenario1,windy,fixed
7480,550,DE0 354,DE0 406,16.55395555748296,18.075502056377033,0.0,0.0,scenario1,windy,fixed
7481,551,DE0 354,DE0 98,41.14826554160791,43.94549043424626,0.0,0.0,scenario1,windy,fixed
7482,552,DE0 356,DE0 364,17.620366335836515,22.83257573739815,0.0,0.0,scenario1,windy,fixed
7483,553,DE0 356,DE0 371,8.574223341138383,11.289545653856704,0.0,0.0,scenario1,windy,fixed
7484,554,DE0 356,DE0 412,14.308417324141532,18.124700356526542,0.0,0.0,scenario1,windy,fixed
7485,555,DE0 356,DE0 433,17.5842837079768,21.967624978645702,0.0,0.0,scenario1,windy,fixed
7486,556,DE0 357,DE0 439,18.527285435884934,22.899306522973596,0.0,0.0,scenario1,windy,fixed
7487,557,DE0 359,DE0 440,0.9267526846041025,2.0733678705255816,0.0,0.0,scenario1,windy,fixed
7488,558,DE0 359,DE0 5,3.851754326540588,6.962893604751985,0.0,0.0,scenario1,windy,fixed
7489,559,DE0 363,DE0 416,23.809886401195893,24.344857132967352,0.0,0.0,scenario1,windy,fixed
7490,56,DE0 114,DE0 175,48.40641823235687,69.29623333433935,5.0,0.0,scenario1,windy,fixed
7491,560,DE0 365,DE0 389,41.34898972100886,43.594333789075066,0.0,0.0,scenario1,windy,fixed
7492,561,DE0 365,DE0 448,19.001161953346095,20.388394429707233,0.0,0.0,scenario1,windy,fixed
7493,562,DE0 367,DE0 55,2.264389324144986,5.769617579908577,0.0,0.0,scenario1,windy,fixed
7494,563,DE0 367,DE0 92,29.256512374186833,39.191735388251395,0.0,0.0,scenario1,windy,fixed
7495,564,DE0 367,DE0 94,45.40272385830122,51.40606482442016,0.0,0.0,scenario1,windy,fixed
7496,565,DE0 368,DE0 424,3.88545080824391,10.23654359091431,0.0,0.0,scenario1,windy,fixed
7497,566,DE0 368,DE0 7,2.856273448168453,8.568024433811846,0.0,0.0,scenario1,windy,fixed
7498,567,DE0 369,DE0 376,13.905858409651525,16.672380346933416,0.0,0.0,scenario1,windy,fixed
7499,568,DE0 372,DE0 407,20.834478314304338,34.34472696733151,0.0,0.0,scenario1,windy,fixed
7500,569,DE0 372,DE0 44,41.267641059896185,67.01663241397692,1.0,0.0,scenario1,windy,fixed
7501,57,DE0 114,DE0 181,36.468575760749836,56.07512999724339,0.0,0.0,scenario1,windy,fixed
7502,570,DE0 373,DE0 449,0.29361800467333526,0.33440430197223847,0.0,0.0,scenario1,windy,fixed
7503,571,DE0 375,DE0 382,18.45508070938974,21.731850936779768,0.0,0.0,scenario1,windy,fixed
7504,572,DE0 375,DE0 51,17.320745984987,19.538790473456668,0.0,0.0,scenario1,windy,fixed
7505,573,DE0 376,DE0 437,39.16536672721823,42.79537505124904,0.0,0.0,scenario1,windy,fixed
7506,574,DE0 377,DE0 414,25.777817150882832,36.53672439965339,0.0,0.0,scenario1,windy,fixed
7507,575,DE0 378,DE0 404,23.15491182322215,26.4001329855458,0.0,0.0,scenario1,windy,fixed
7508,576,DE0 38,DE0 58,17.23419032295431,22.290715089977827,0.0,0.0,scenario1,windy,fixed
7509,577,DE0 381,DE0 74,21.2158321992666,32.51040818833304,0.0,0.0,scenario1,windy,fixed
7510,578,DE0 382,DE0 412,1.8661911451227766,4.3071621033734075,0.0,0.0,scenario1,windy,fixed
7511,579,DE0 383,DE0 432,30.150931498291868,39.4470192985925,0.0,0.0,scenario1,windy,fixed
7512,58,DE0 115,DE0 12,32.810741094260244,37.30170855624166,0.0,0.0,scenario1,windy,fixed
7513,580,DE0 383,DE0 434,29.244483609989665,35.611116908415056,0.0,0.0,scenario1,windy,fixed
7514,581,DE0 383,DE0 97,5.9501527890450285,13.29594719816595,0.0,0.0,scenario1,windy,fixed
7515,582,DE0 386,DE0 99,41.24547908536137,46.63713916941046,0.0,0.0,scenario1,windy,fixed
7516,583,DE0 387,DE0 412,5.2649933769327975,6.3222304711318635,0.0,0.0,scenario1,windy,fixed
7517,584,DE0 388,DE0 57,19.123159834794937,21.6972476137508,0.0,0.0,scenario1,windy,fixed
7518,585,DE0 39,DE0 425,55.4665397536665,69.36348679037853,5.0,0.0,scenario1,windy,fixed
7519,586,DE0 39,DE0 438,53.01795115356573,67.35142525305454,4.0,0.0,scenario1,windy,fixed
7520,587,DE0 390,DE0 5,63.30292204243976,69.6392508301354,20.0,0.0,scenario1,windy,fixed
7521,588,DE0 391,DE0 417,19.339683850890545,25.301116027865422,0.0,0.0,scenario1,windy,fixed
7522,589,DE0 393,DE0 403,32.481900452453225,44.02463147668597,0.0,0.0,scenario1,windy,fixed
7523,59,DE0 115,DE0 398,26.047567811147104,32.88527678485776,0.0,0.0,scenario1,windy,fixed
7524,590,DE0 394,DE0 395,63.661191247219385,69.55503309083618,18.0,0.0,scenario1,windy,fixed
7525,591,DE0 394,DE0 443,39.18715310000571,42.839930803601355,0.0,0.0,scenario1,windy,fixed
7526,592,DE0 395,DE0 437,19.7107968459744,21.540496748758635,0.0,0.0,scenario1,windy,fixed
7527,593,DE0 396,DE0 416,30.536386704552793,31.804482632554066,0.0,0.0,scenario1,windy,fixed
7528,594,DE0 398,DE0 58,47.64091608593652,60.03252725317733,1.0,0.0,scenario1,windy,fixed
7529,595,DE0 398,DE0 81,17.295358929623713,22.448939108841138,0.0,0.0,scenario1,windy,fixed
7530,596,DE0 4,DE0 97,23.137202111689668,26.860897811641333,0.0,0.0,scenario1,windy,fixed
7531,597,DE0 40,DE0 410,14.833519725838457,23.18514960087584,0.0,0.0,scenario1,windy,fixed
7532,598,DE0 400,DE0 56,26.054292352606257,39.75467782178691,0.0,0.0,scenario1,windy,fixed
7533,599,DE0 401,DE0 427,21.71340687971064,22.839977682118523,0.0,0.0,scenario1,windy,fixed
7534,6,DE0 0,DE0 83,28.713094749249134,40.480625277964826,0.0,0.0,scenario1,windy,fixed
7535,60,DE0 115,DE0 46,69.55890596378748,69.55890639958841,24.0,0.0,scenario1,windy,fixed
7536,600,DE0 402,DE0 446,18.132956348318622,27.96720694043382,0.0,0.0,scenario1,windy,fixed
7537,601,DE0 404,DE0 84,10.762465738471283,12.327048404293366,0.0,0.0,scenario1,windy,fixed
7538,602,DE0 405,DE0 79,13.30499495141561,17.35691583023814,0.0,0.0,scenario1,windy,fixed
7539,603,DE0 409,DE0 444,32.1291358244226,34.27920359854785,0.0,0.0,scenario1,windy,fixed
7540,604,DE0 41,DE0 79,54.42103755337268,68.9387127241155,5.0,0.0,scenario1,windy,fixed
7541,605,DE0 415,DE0 53,68.98415360676098,68.98466097586926,24.0,0.0,scenario1,windy,fixed
7542,606,DE0 415,DE0 76,47.40018054436522,52.12712021368247,0.0,0.0,scenario1,windy,fixed
7543,607,DE0 416,DE0 63,35.10505141094286,36.4144611061983,0.0,0.0,scenario1,windy,fixed
7544,608,DE0 421,DE0 84,13.524942129850318,20.310232862633406,0.0,0.0,scenario1,windy,fixed
7545,609,DE0 43,DE0 96,38.31030983980071,47.70817023847223,0.0,0.0,scenario1,windy,fixed
7546,61,DE0 115,DE0 81,26.10630477136499,32.92694279106136,0.0,0.0,scenario1,windy,fixed
7547,610,DE0 430,DE0 5,10.869475415119268,12.182178645904571,0.0,0.0,scenario1,windy,fixed
7548,611,DE0 435,DE0 52,22.44886171151777,29.334385458503238,0.0,0.0,scenario1,windy,fixed
7549,612,DE0 435,DE0 6,62.13188295340376,64.66150702122047,20.0,0.0,scenario1,windy,fixed
7550,613,DE0 435,DE0 89,13.256251979794213,22.15971867036852,0.0,0.0,scenario1,windy,fixed
7551,614,DE0 440,DE0 5,5.134069697303687,9.794514200477881,0.0,0.0,scenario1,windy,fixed
7552,615,DE0 443,DE0 90,21.554742236757253,24.463393486312352,0.0,0.0,scenario1,windy,fixed
7553,616,DE0 46,DE0 93,63.65157576990074,68.70038056375309,21.0,0.0,scenario1,windy,fixed
7554,617,DE0 46,DE0 94,50.178872714148945,55.91080530554103,0.0,0.0,scenario1,windy,fixed
7555,618,DE0 50,DE0 99,19.36842573681957,38.56421135430201,0.0,0.0,scenario1,windy,fixed
7556,619,DE0 58,DE0 72,33.302100408693434,40.962904836098836,0.0,0.0,scenario1,windy,fixed
7557,62,DE0 116,DE0 185,1.203617830276393,2.935571826082182,0.0,0.0,scenario1,windy,fixed
7558,620,DE0 60,DE0 85,5.126435554820127,18.262361076520918,0.0,0.0,scenario1,windy,fixed
7559,621,DE0 61,DE0 91,14.883718240122482,31.418146181982117,0.0,0.0,scenario1,windy,fixed
7560,622,DE0 61,DE0 96,69.41259469359147,69.4125985149021,24.0,0.0,scenario1,windy,fixed
7561,623,DE0 64,DE0 86,34.8463064620053,42.530142375459455,0.0,0.0,scenario1,windy,fixed
7562,624,DE0 7,DE0 80,18.64666148282965,23.976544079955307,0.0,0.0,scenario1,windy,fixed
7563,625,DE0 71,DE0 96,19.241412365940967,33.198432363094035,0.0,0.0,scenario1,windy,fixed
7564,626,DE0 74,DE0 88,23.610341450573046,35.66166863990857,0.0,0.0,scenario1,windy,fixed
7565,627,DE0 83,DE0 86,16.874763959028115,24.423165981144866,0.0,0.0,scenario1,windy,fixed
7566,63,DE0 116,DE0 190,5.876872071847731,14.48867232701853,0.0,0.0,scenario1,windy,fixed
7567,64,DE0 116,DE0 330,8.5857042118795,24.613988222074333,0.0,0.0,scenario1,windy,fixed
7568,65,DE0 117,DE0 203,36.87931828906292,37.1820453972737,0.0,0.0,scenario1,windy,fixed
7569,66,DE0 117,DE0 227,69.70087427390158,69.70093621697076,24.0,0.0,scenario1,windy,fixed
7570,67,DE0 118,DE0 145,24.323501662708733,41.30057765585759,0.0,0.0,scenario1,windy,fixed
7571,68,DE0 118,DE0 2,34.927905799915095,47.07883838640788,0.0,0.0,scenario1,windy,fixed
7572,69,DE0 119,DE0 149,8.435788386318517,13.628445219959575,0.0,0.0,scenario1,windy,fixed
7573,7,DE0 0,DE0 93,24.00427450980029,28.032236812957724,0.0,0.0,scenario1,windy,fixed
7574,70,DE0 119,DE0 198,14.845796580072236,23.40831942158798,0.0,0.0,scenario1,windy,fixed
7575,71,DE0 119,DE0 442,12.634495253765015,19.627861907339017,0.0,0.0,scenario1,windy,fixed
7576,72,DE0 12,DE0 96,32.73206096262089,36.999860633239535,0.0,0.0,scenario1,windy,fixed
7577,73,DE0 120,DE0 2,19.742305696268733,26.977073389225144,0.0,0.0,scenario1,windy,fixed
7578,74,DE0 120,DE0 72,26.606268080295408,44.80909117280817,0.0,0.0,scenario1,windy,fixed
7579,75,DE0 121,DE0 290,26.513468008744418,37.81163248038977,0.0,0.0,scenario1,windy,fixed
7580,76,DE0 121,DE0 370,25.16771073543091,36.47450326820938,0.0,0.0,scenario1,windy,fixed
7581,77,DE0 122,DE0 226,10.640087554085403,28.534106009379713,0.0,0.0,scenario1,windy,fixed
7582,78,DE0 122,DE0 261,20.455549457709953,31.75606787936453,0.0,0.0,scenario1,windy,fixed
7583,79,DE0 122,DE0 64,27.64138325029038,36.95697997431083,0.0,0.0,scenario1,windy,fixed
7584,8,DE0 1,DE0 110,55.94793266685038,60.246993427673615,1.0,0.0,scenario1,windy,fixed
7585,80,DE0 122,DE0 86,33.53181681736803,40.415208335307824,0.0,0.0,scenario1,windy,fixed
7586,81,DE0 123,DE0 307,3.8252930314983113,8.812469474801674,0.0,0.0,scenario1,windy,fixed
7587,82,DE0 123,DE0 325,4.747882855994571,8.637543050340382,0.0,0.0,scenario1,windy,fixed
7588,83,DE0 124,DE0 240,32.29818615368396,35.48697609907769,0.0,0.0,scenario1,windy,fixed
7589,84,DE0 124,DE0 374,63.26514826766875,69.57752785021265,18.0,0.0,scenario1,windy,fixed
7590,85,DE0 124,DE0 77,59.292425978639784,65.83670810717581,11.0,0.0,scenario1,windy,fixed
7591,86,DE0 124,DE0 90,52.26879676161745,54.15549048306845,0.0,0.0,scenario1,windy,fixed
7592,87,DE0 125,DE0 233,13.883563084819572,21.837428244095886,0.0,0.0,scenario1,windy,fixed
7593,88,DE0 125,DE0 271,27.263316054917414,43.37477464401911,0.0,0.0,scenario1,windy,fixed
7594,89,DE0 126,DE0 181,20.173757964246906,28.609151827899904,0.0,0.0,scenario1,windy,fixed
7595,9,DE0 1,DE0 131,13.245592455966648,25.6230816116667,0.0,0.0,scenario1,windy,fixed
7596,90,DE0 126,DE0 250,26.508204566983668,39.1782077740813,0.0,0.0,scenario1,windy,fixed
7597,91,DE0 127,DE0 22,6.13907470922698,19.481457875301583,0.0,0.0,scenario1,windy,fixed
7598,92,DE0 127,DE0 233,13.036920270802415,19.034578607555368,0.0,0.0,scenario1,windy,fixed
7599,93,DE0 127,DE0 271,15.468162925537401,22.248183354316424,0.0,0.0,scenario1,windy,fixed
7600,94,DE0 128,DE0 174,68.66468859834013,69.70132782673882,24.0,0.0,scenario1,windy,fixed
7601,95,DE0 128,DE0 175,33.482747524052805,67.75761130019312,3.0,0.0,scenario1,windy,fixed
7602,96,DE0 129,DE0 330,17.527994635359846,23.399550661889908,0.0,0.0,scenario1,windy,fixed
7603,97,DE0 129,DE0 390,15.014851654284996,18.70217487819732,0.0,0.0,scenario1,windy,fixed
7604,98,DE0 13,DE0 329,59.891034705260736,69.02758578507725,13.0,0.0,scenario1,windy,fixed
7605,99,DE0 13,DE0 69,62.331903904834306,69.77781904932728,17.0,0.0,scenario1,windy,fixed
7606,0,DE0 0,DE0 243,16.1327934248346,25.20739835402325,0.0,0.0,scenario2,notwindy,fixed
7607,1,DE0 0,DE0 329,4.795986799409616,13.2953641551155,0.0,0.0,scenario2,notwindy,fixed
7608,10,DE0 1,DE0 150,21.845822303039032,39.31983886177502,0.0,0.0,scenario2,notwindy,fixed
7609,100,DE0 130,DE0 153,16.272773370586695,44.64240093188725,0.0,0.0,scenario2,notwindy,fixed
7610,101,DE0 130,DE0 347,8.668391497186958,20.54908785893346,0.0,0.0,scenario2,notwindy,fixed
7611,102,DE0 130,DE0 402,10.51172949870676,22.502830601442675,0.0,0.0,scenario2,notwindy,fixed
7612,103,DE0 131,DE0 33,23.32149134994456,34.36954601787942,0.0,0.0,scenario2,notwindy,fixed
7613,104,DE0 131,DE0 415,4.375868858565924,12.57253014855346,0.0,0.0,scenario2,notwindy,fixed
7614,105,DE0 131,DE0 71,26.054936125399603,64.34675299072022,3.0,0.0,scenario2,notwindy,fixed
7615,106,DE0 131,DE0 96,28.190054714286898,61.83376723080166,2.0,0.0,scenario2,notwindy,fixed
7616,107,DE0 132,DE0 24,11.835303508623495,30.866046712056207,0.0,0.0,scenario2,notwindy,fixed
7617,108,DE0 132,DE0 259,8.813836927626587,21.66369388606367,0.0,0.0,scenario2,notwindy,fixed
7618,109,DE0 132,DE0 42,3.1338694267156484,8.917483647649298,0.0,0.0,scenario2,notwindy,fixed
7619,11,DE0 1,DE0 209,17.78755818754825,30.39833479947609,0.0,0.0,scenario2,notwindy,fixed
7620,110,DE0 133,DE0 312,6.542843817059631,14.57830493171523,0.0,0.0,scenario2,notwindy,fixed
7621,111,DE0 133,DE0 316,20.853833192841197,34.607501878770016,0.0,0.0,scenario2,notwindy,fixed
7622,112,DE0 133,DE0 371,30.59359561158545,50.70302418029248,0.0,0.0,scenario2,notwindy,fixed
7623,113,DE0 133,DE0 412,30.251443084198293,50.038910659112425,0.0,0.0,scenario2,notwindy,fixed
7624,114,DE0 134,DE0 145,14.657292383742536,22.738357494406568,0.0,0.0,scenario2,notwindy,fixed
7625,115,DE0 134,DE0 274,20.73636531758728,46.57776249951642,0.0,0.0,scenario2,notwindy,fixed
7626,116,DE0 134,DE0 423,3.8987355560902124,13.133301937907019,0.0,0.0,scenario2,notwindy,fixed
7627,117,DE0 135,DE0 300,17.699605714319787,43.00743586034436,0.0,0.0,scenario2,notwindy,fixed
7628,118,DE0 135,DE0 313,16.7110380154284,41.093857048212485,0.0,0.0,scenario2,notwindy,fixed
7629,119,DE0 136,DE0 317,48.79370012378782,69.91999724437599,5.0,0.0,scenario2,notwindy,fixed
7630,12,DE0 10,DE0 219,41.34052202246383,56.5038200597573,0.0,0.0,scenario2,notwindy,fixed
7631,120,DE0 136,DE0 32,5.474004298908829,16.223272334785783,0.0,0.0,scenario2,notwindy,fixed
7632,121,DE0 136,DE0 43,12.053460649695113,19.661418996983976,0.0,0.0,scenario2,notwindy,fixed
7633,122,DE0 136,DE0 72,17.792308652362195,35.23802799394355,0.0,0.0,scenario2,notwindy,fixed
7634,123,DE0 137,DE0 22,3.394896492888101,11.211861805333982,0.0,0.0,scenario2,notwindy,fixed
7635,124,DE0 137,DE0 61,3.581526532219159,11.416205713478632,0.0,0.0,scenario2,notwindy,fixed
7636,125,DE0 138,DE0 174,11.01908342009713,31.7026764584061,0.0,0.0,scenario2,notwindy,fixed
7637,126,DE0 138,DE0 194,10.53627415904269,19.612073922010364,0.0,0.0,scenario2,notwindy,fixed
7638,127,DE0 138,DE0 420,5.482108342519724,12.1546324248668,0.0,0.0,scenario2,notwindy,fixed
7639,128,DE0 139,DE0 209,12.255963204736393,31.28113734390438,0.0,0.0,scenario2,notwindy,fixed
7640,129,DE0 139,DE0 281,6.638593370573733,16.000211347260212,0.0,0.0,scenario2,notwindy,fixed
7641,13,DE0 10,DE0 382,3.3010122052333015,8.785926871903253,0.0,0.0,scenario2,notwindy,fixed
7642,130,DE0 14,DE0 38,15.495953109919892,26.63249971676333,0.0,0.0,scenario2,notwindy,fixed
7643,131,DE0 14,DE0 58,15.321069138530516,32.37945409830886,0.0,0.0,scenario2,notwindy,fixed
7644,132,DE0 140,DE0 219,18.866515086237108,22.94832020694359,0.0,0.0,scenario2,notwindy,fixed
7645,133,DE0 140,DE0 369,13.76152824207465,26.516983757478275,0.0,0.0,scenario2,notwindy,fixed
7646,134,DE0 140,DE0 429,6.748094173346455,11.686846628973955,0.0,0.0,scenario2,notwindy,fixed
7647,135,DE0 141,DE0 265,3.3173123428469733,8.230867624082423,0.0,0.0,scenario2,notwindy,fixed
7648,136,DE0 141,DE0 337,11.195437832874495,13.916042023547002,0.0,0.0,scenario2,notwindy,fixed
7649,137,DE0 141,DE0 363,16.884933482037837,27.394755734342287,0.0,0.0,scenario2,notwindy,fixed
7650,138,DE0 141,DE0 427,12.395685347958164,16.503490627171058,0.0,0.0,scenario2,notwindy,fixed
7651,139,DE0 142,DE0 267,8.51429923590163,19.683116992963193,0.0,0.0,scenario2,notwindy,fixed
7652,14,DE0 10,DE0 49,24.018005250037046,36.086106218814685,0.0,0.0,scenario2,notwindy,fixed
7653,140,DE0 142,DE0 434,8.399911730090087,18.704588385182486,0.0,0.0,scenario2,notwindy,fixed
7654,141,DE0 143,DE0 373,0.7503435590291373,0.8812002648893511,0.0,0.0,scenario2,notwindy,fixed
7655,142,DE0 143,DE0 449,0.8760396279882605,1.033471343294414,0.0,0.0,scenario2,notwindy,fixed
7656,143,DE0 144,DE0 213,31.528714559747172,47.4933822713277,0.0,0.0,scenario2,notwindy,fixed
7657,144,DE0 144,DE0 382,35.12122278332112,58.79325829293267,0.0,0.0,scenario2,notwindy,fixed
7658,145,DE0 146,DE0 187,7.74568559463736,21.52086945683338,0.0,0.0,scenario2,notwindy,fixed
7659,146,DE0 146,DE0 24,16.12479774528736,36.7139704323907,0.0,0.0,scenario2,notwindy,fixed
7660,147,DE0 146,DE0 262,6.342624173035445,15.774798100250361,0.0,0.0,scenario2,notwindy,fixed
7661,148,DE0 147,DE0 196,12.194344104500466,24.163301146764258,0.0,0.0,scenario2,notwindy,fixed
7662,149,DE0 147,DE0 36,11.846414159375701,24.178640435087893,0.0,0.0,scenario2,notwindy,fixed
7663,15,DE0 100,DE0 245,3.9797904984971986,9.986772306988362,0.0,0.0,scenario2,notwindy,fixed
7664,150,DE0 148,DE0 214,18.397808286917524,30.84153976390922,0.0,0.0,scenario2,notwindy,fixed
7665,151,DE0 148,DE0 45,15.021430305312599,25.263861620964256,0.0,0.0,scenario2,notwindy,fixed
7666,152,DE0 148,DE0 60,10.690935712301536,27.613595079410874,0.0,0.0,scenario2,notwindy,fixed
7667,153,DE0 149,DE0 198,9.594830017433313,16.96117765842598,0.0,0.0,scenario2,notwindy,fixed
7668,154,DE0 15,DE0 250,3.981075866637471,14.012475564235546,0.0,0.0,scenario2,notwindy,fixed
7669,155,DE0 15,DE0 419,5.283300039568367,17.4568383769871,0.0,0.0,scenario2,notwindy,fixed
7670,156,DE0 150,DE0 189,13.531463765171708,27.720317827467305,0.0,0.0,scenario2,notwindy,fixed
7671,157,DE0 150,DE0 408,21.24659275496249,46.82706942405031,0.0,0.0,scenario2,notwindy,fixed
7672,158,DE0 151,DE0 20,5.3756379543225155,14.408439620110295,0.0,0.0,scenario2,notwindy,fixed
7673,159,DE0 151,DE0 410,6.9662328547614765,17.917016764127208,0.0,0.0,scenario2,notwindy,fixed
7674,16,DE0 100,DE0 303,1.1984411694972184,2.9872501907136115,0.0,0.0,scenario2,notwindy,fixed
7675,160,DE0 151,DE0 78,7.371961440331234,18.950373072799813,0.0,0.0,scenario2,notwindy,fixed
7676,161,DE0 152,DE0 258,15.952531648675636,32.17706103622766,0.0,0.0,scenario2,notwindy,fixed
7677,162,DE0 152,DE0 356,20.74532863310875,36.31752888422501,0.0,0.0,scenario2,notwindy,fixed
7678,163,DE0 153,DE0 40,15.276272516096281,41.557253779292026,0.0,0.0,scenario2,notwindy,fixed
7679,164,DE0 154,DE0 256,15.626054315642754,30.09042110267592,0.0,0.0,scenario2,notwindy,fixed
7680,165,DE0 154,DE0 72,12.669757252318368,17.785553990367838,0.0,0.0,scenario2,notwindy,fixed
7681,166,DE0 155,DE0 247,12.863795321123161,40.24980720513853,0.0,0.0,scenario2,notwindy,fixed
7682,167,DE0 155,DE0 292,69.97161682826504,69.97162752077996,24.0,0.0,scenario2,notwindy,fixed
7683,168,DE0 156,DE0 22,39.31946659891047,68.8782309497103,6.0,0.0,scenario2,notwindy,fixed
7684,169,DE0 156,DE0 48,42.49961381023901,69.7893735089166,7.0,0.0,scenario2,notwindy,fixed
7685,17,DE0 100,DE0 352,9.29278074146703,28.016920300361793,0.0,0.0,scenario2,notwindy,fixed
7686,170,DE0 157,DE0 251,19.57511453550831,40.60879749363691,0.0,0.0,scenario2,notwindy,fixed
7687,171,DE0 157,DE0 304,16.051386743283338,36.363947007843336,0.0,0.0,scenario2,notwindy,fixed
7688,172,DE0 158,DE0 361,5.532036272237021,12.03682208077694,0.0,0.0,scenario2,notwindy,fixed
7689,173,DE0 158,DE0 389,30.028711029750728,41.80689100418194,0.0,0.0,scenario2,notwindy,fixed
7690,174,DE0 159,DE0 234,10.98265847306024,19.550186049767685,0.0,0.0,scenario2,notwindy,fixed
7691,175,DE0 159,DE0 252,21.763773655517703,37.252884925889916,0.0,0.0,scenario2,notwindy,fixed
7692,176,DE0 159,DE0 279,1.6183432249497098,4.125456892507444,0.0,0.0,scenario2,notwindy,fixed
7693,177,DE0 159,DE0 405,1.9841754086151984,7.546778820239992,0.0,0.0,scenario2,notwindy,fixed
7694,178,DE0 16,DE0 304,38.151880791638234,66.18490734466671,2.0,0.0,scenario2,notwindy,fixed
7695,179,DE0 16,DE0 311,22.667787070756916,41.75282286457162,0.0,0.0,scenario2,notwindy,fixed
7696,18,DE0 100,DE0 422,5.417138244364375,15.206454504514813,0.0,0.0,scenario2,notwindy,fixed
7697,180,DE0 160,DE0 182,4.670464726596882,6.49472366637233,0.0,0.0,scenario2,notwindy,fixed
7698,181,DE0 160,DE0 237,6.513574433287044,14.888100702246392,0.0,0.0,scenario2,notwindy,fixed
7699,182,DE0 160,DE0 349,9.211178457678578,14.238801192120665,0.0,0.0,scenario2,notwindy,fixed
7700,183,DE0 160,DE0 37,7.167541860708491,14.689914040657253,0.0,0.0,scenario2,notwindy,fixed
7701,184,DE0 160,DE0 393,3.516769928545876,9.381142320650978,0.0,0.0,scenario2,notwindy,fixed
7702,185,DE0 160,DE0 62,6.628061310787048,8.8842816042176,0.0,0.0,scenario2,notwindy,fixed
7703,186,DE0 161,DE0 186,12.415151733853753,23.866559921896517,0.0,0.0,scenario2,notwindy,fixed
7704,187,DE0 161,DE0 230,25.626378510002873,61.605795213925205,2.0,0.0,scenario2,notwindy,fixed
7705,188,DE0 161,DE0 4,23.81962974448173,47.20870247643561,0.0,0.0,scenario2,notwindy,fixed
7706,189,DE0 161,DE0 68,27.391089620198855,65.84914557452005,2.0,0.0,scenario2,notwindy,fixed
7707,19,DE0 101,DE0 229,13.089132293508287,26.44652464070245,0.0,0.0,scenario2,notwindy,fixed
7708,190,DE0 162,DE0 324,3.9578830785845542,11.954211845261984,0.0,0.0,scenario2,notwindy,fixed
7709,191,DE0 163,DE0 205,12.010121957672174,27.00074429917082,0.0,0.0,scenario2,notwindy,fixed
7710,192,DE0 163,DE0 330,6.383015738971282,22.09026942406264,0.0,0.0,scenario2,notwindy,fixed
7711,193,DE0 163,DE0 390,26.12103409049759,34.04994394643387,0.0,0.0,scenario2,notwindy,fixed
7712,194,DE0 164,DE0 180,1.4785195587955553,4.1725855858053915,0.0,0.0,scenario2,notwindy,fixed
7713,195,DE0 164,DE0 47,2.1717993937267903,4.586243056598145,0.0,0.0,scenario2,notwindy,fixed
7714,196,DE0 164,DE0 78,5.353518055251123,11.33082811856556,0.0,0.0,scenario2,notwindy,fixed
7715,197,DE0 165,DE0 249,13.108512954559584,25.33354758865111,0.0,0.0,scenario2,notwindy,fixed
7716,198,DE0 165,DE0 412,27.339890184217,51.55675584058689,0.0,0.0,scenario2,notwindy,fixed
7717,199,DE0 166,DE0 253,1.9539782710821791,4.894595947715037,0.0,0.0,scenario2,notwindy,fixed
7718,2,DE0 0,DE0 367,8.966544045656626,23.55675549385044,0.0,0.0,scenario2,notwindy,fixed
7719,20,DE0 101,DE0 232,14.142836779242485,19.823205143785522,0.0,0.0,scenario2,notwindy,fixed
7720,200,DE0 166,DE0 335,9.113711703047304,17.685737594932572,0.0,0.0,scenario2,notwindy,fixed
7721,201,DE0 167,DE0 174,17.358235098096397,41.83739908686404,0.0,0.0,scenario2,notwindy,fixed
7722,202,DE0 167,DE0 397,16.612312081451897,45.27877671544859,0.0,0.0,scenario2,notwindy,fixed
7723,203,DE0 167,DE0 67,12.094732361952868,25.64832346265296,0.0,0.0,scenario2,notwindy,fixed
7724,204,DE0 168,DE0 221,3.8891222266194148,10.282308979491903,0.0,0.0,scenario2,notwindy,fixed
7725,205,DE0 168,DE0 233,3.9784369401279482,11.220976478207604,0.0,0.0,scenario2,notwindy,fixed
7726,206,DE0 168,DE0 296,3.451099419086761,6.880534341707685,0.0,0.0,scenario2,notwindy,fixed
7727,207,DE0 169,DE0 200,37.12844265686302,69.64663746209551,4.0,0.0,scenario2,notwindy,fixed
7728,208,DE0 169,DE0 367,32.760169455009596,56.052345350663735,0.0,0.0,scenario2,notwindy,fixed
7729,209,DE0 17,DE0 177,14.023419449178645,23.270219203697952,0.0,0.0,scenario2,notwindy,fixed
7730,21,DE0 102,DE0 115,9.50071252566691,21.199101085652487,0.0,0.0,scenario2,notwindy,fixed
7731,210,DE0 17,DE0 330,31.191013415434583,38.165624413338044,0.0,0.0,scenario2,notwindy,fixed
7732,211,DE0 170,DE0 231,20.273312250824617,41.64732502465809,0.0,0.0,scenario2,notwindy,fixed
7733,212,DE0 170,DE0 258,14.615847472856839,31.838141254273385,0.0,0.0,scenario2,notwindy,fixed
7734,213,DE0 170,DE0 34,1.7267154906143043,4.8127166080450134,0.0,0.0,scenario2,notwindy,fixed
7735,214,DE0 171,DE0 288,3.6519950555407776,9.523844859777673,0.0,0.0,scenario2,notwindy,fixed
7736,215,DE0 171,DE0 306,3.4261211844641455,6.137432803502867,0.0,0.0,scenario2,notwindy,fixed
7737,216,DE0 171,DE0 348,3.015896195261508,9.304242451030497,0.0,0.0,scenario2,notwindy,fixed
7738,217,DE0 171,DE0 355,16.053635362026693,24.442659758994637,0.0,0.0,scenario2,notwindy,fixed
7739,218,DE0 172,DE0 59,34.133696874304135,55.97946696755016,0.0,0.0,scenario2,notwindy,fixed
7740,219,DE0 172,DE0 80,10.54547087015117,29.71365821286249,0.0,0.0,scenario2,notwindy,fixed
7741,22,DE0 102,DE0 46,23.39699564795593,41.81547096967485,0.0,0.0,scenario2,notwindy,fixed
7742,220,DE0 172,DE0 83,14.064846503797707,26.979953433232,0.0,0.0,scenario2,notwindy,fixed
7743,221,DE0 173,DE0 222,8.987462862716445,16.80617133293364,0.0,0.0,scenario2,notwindy,fixed
7744,222,DE0 173,DE0 381,3.026746042307997,6.911121968259345,0.0,0.0,scenario2,notwindy,fixed
7745,223,DE0 174,DE0 425,8.61702597430895,18.66039507908957,0.0,0.0,scenario2,notwindy,fixed
7746,224,DE0 175,DE0 199,8.54639586415864,18.15861663473413,0.0,0.0,scenario2,notwindy,fixed
7747,225,DE0 175,DE0 434,7.237026651623124,16.31967248252356,0.0,0.0,scenario2,notwindy,fixed
7748,226,DE0 175,DE0 438,14.504020150114002,28.164885193455525,0.0,0.0,scenario2,notwindy,fixed
7749,227,DE0 176,DE0 22,12.73764369603286,30.529236119226137,0.0,0.0,scenario2,notwindy,fixed
7750,228,DE0 176,DE0 303,11.098031085996093,34.66232543421077,0.0,0.0,scenario2,notwindy,fixed
7751,229,DE0 176,DE0 352,8.086684563465493,32.87932181898349,0.0,0.0,scenario2,notwindy,fixed
7752,23,DE0 102,DE0 96,17.87573022368891,28.719849603197904,0.0,0.0,scenario2,notwindy,fixed
7753,230,DE0 177,DE0 85,8.415811377328675,19.415762760155324,0.0,0.0,scenario2,notwindy,fixed
7754,231,DE0 178,DE0 276,6.997754785751755,20.50495022316421,0.0,0.0,scenario2,notwindy,fixed
7755,232,DE0 178,DE0 395,8.337469181924506,22.051381607865302,0.0,0.0,scenario2,notwindy,fixed
7756,233,DE0 179,DE0 224,9.788326416749188,16.430469358456882,0.0,0.0,scenario2,notwindy,fixed
7757,234,DE0 179,DE0 50,9.160554507725209,13.589516272760626,0.0,0.0,scenario2,notwindy,fixed
7758,235,DE0 18,DE0 282,31.31905077465877,46.36903156857805,0.0,0.0,scenario2,notwindy,fixed
7759,236,DE0 18,DE0 306,10.952107534483295,18.44847466994511,0.0,0.0,scenario2,notwindy,fixed
7760,237,DE0 18,DE0 418,6.076688712647336,17.178669875854304,0.0,0.0,scenario2,notwindy,fixed
7761,238,DE0 180,DE0 26,6.104722904077416,15.858240584030098,0.0,0.0,scenario2,notwindy,fixed
7762,239,DE0 180,DE0 47,3.234021658848802,5.7469767166953325,0.0,0.0,scenario2,notwindy,fixed
7763,24,DE0 103,DE0 148,11.357415859467316,29.830435848756004,0.0,0.0,scenario2,notwindy,fixed
7764,240,DE0 181,DE0 250,25.50018694340681,69.34442177881236,5.0,0.0,scenario2,notwindy,fixed
7765,241,DE0 181,DE0 269,12.338088230978839,21.004781250110486,0.0,0.0,scenario2,notwindy,fixed
7766,242,DE0 181,DE0 44,8.953937434375263,18.69471865962989,0.0,0.0,scenario2,notwindy,fixed
7767,243,DE0 182,DE0 62,1.9342564504307935,3.133086214566473,0.0,0.0,scenario2,notwindy,fixed
7768,244,DE0 183,DE0 241,9.813866923729176,18.091528226527032,0.0,0.0,scenario2,notwindy,fixed
7769,245,DE0 183,DE0 327,9.380392165359725,18.16611261379764,0.0,0.0,scenario2,notwindy,fixed
7770,246,DE0 184,DE0 26,17.54868620695018,27.86013309086212,0.0,0.0,scenario2,notwindy,fixed
7771,247,DE0 184,DE0 261,13.767976725830211,30.593806766666997,0.0,0.0,scenario2,notwindy,fixed
7772,248,DE0 184,DE0 329,47.076599442111586,56.441177437051756,0.0,0.0,scenario2,notwindy,fixed
7773,249,DE0 184,DE0 69,13.84492181524318,30.601754165275597,0.0,0.0,scenario2,notwindy,fixed
7774,25,DE0 103,DE0 54,9.82844847255308,21.213974057010958,0.0,0.0,scenario2,notwindy,fixed
7775,250,DE0 185,DE0 205,10.420522015473132,23.938758339178833,0.0,0.0,scenario2,notwindy,fixed
7776,251,DE0 185,DE0 441,15.108630306220197,36.8206364420386,0.0,0.0,scenario2,notwindy,fixed
7777,252,DE0 186,DE0 82,11.70595216421129,23.307143574341822,0.0,0.0,scenario2,notwindy,fixed
7778,253,DE0 187,DE0 436,7.140279245681984,21.475461829437375,0.0,0.0,scenario2,notwindy,fixed
7779,254,DE0 188,DE0 309,19.004731082893507,54.84454479311649,0.0,0.0,scenario2,notwindy,fixed
7780,255,DE0 188,DE0 40,13.55331406722653,37.269402125087275,0.0,0.0,scenario2,notwindy,fixed
7781,256,DE0 188,DE0 410,2.8840204503778697,6.610681103179168,0.0,0.0,scenario2,notwindy,fixed
7782,257,DE0 189,DE0 73,8.971756790393977,28.831645510678953,0.0,0.0,scenario2,notwindy,fixed
7783,258,DE0 19,DE0 299,0.4809563405010187,0.8728031865164293,0.0,0.0,scenario2,notwindy,fixed
7784,259,DE0 19,DE0 411,0.8318082222189037,1.4099185706853388,0.0,0.0,scenario2,notwindy,fixed
7785,26,DE0 103,DE0 9,4.281609031809685,8.488780274341275,0.0,0.0,scenario2,notwindy,fixed
7786,260,DE0 190,DE0 330,33.39912185901661,69.74176590606372,1.0,0.0,scenario2,notwindy,fixed
7787,261,DE0 191,DE0 435,18.728278176499355,27.000723441582362,0.0,0.0,scenario2,notwindy,fixed
7788,262,DE0 191,DE0 89,11.86711128820291,16.414408713037286,0.0,0.0,scenario2,notwindy,fixed
7789,263,DE0 192,DE0 319,2.339794731019408,6.07815000740548,0.0,0.0,scenario2,notwindy,fixed
7790,264,DE0 192,DE0 349,9.078872594462585,19.132493334588315,0.0,0.0,scenario2,notwindy,fixed
7791,265,DE0 192,DE0 403,6.569690380559723,17.06750503509766,0.0,0.0,scenario2,notwindy,fixed
7792,266,DE0 193,DE0 229,10.487645106866267,18.818913911467092,0.0,0.0,scenario2,notwindy,fixed
7793,267,DE0 193,DE0 3,10.399338914440632,15.53378853640067,0.0,0.0,scenario2,notwindy,fixed
7794,268,DE0 193,DE0 342,13.321149228938003,23.475239572909672,0.0,0.0,scenario2,notwindy,fixed
7795,269,DE0 193,DE0 356,16.65928972413509,23.9380914415986,0.0,0.0,scenario2,notwindy,fixed
7796,27,DE0 104,DE0 201,3.188791130271356,6.301310200096287,0.0,0.0,scenario2,notwindy,fixed
7797,270,DE0 194,DE0 76,10.678003441688906,19.266892512794392,0.0,0.0,scenario2,notwindy,fixed
7798,271,DE0 195,DE0 264,15.261736690933228,24.878169410907226,0.0,0.0,scenario2,notwindy,fixed
7799,272,DE0 195,DE0 301,10.779263171645571,21.106614175708163,0.0,0.0,scenario2,notwindy,fixed
7800,273,DE0 196,DE0 377,29.48418593055563,49.45828819296591,0.0,0.0,scenario2,notwindy,fixed
7801,274,DE0 197,DE0 356,9.934152539097056,19.698785949064366,0.0,0.0,scenario2,notwindy,fixed
7802,275,DE0 197,DE0 371,16.784479312594744,27.542824555938395,0.0,0.0,scenario2,notwindy,fixed
7803,276,DE0 198,DE0 239,6.44902366767543,19.024532126251575,0.0,0.0,scenario2,notwindy,fixed
7804,277,DE0 198,DE0 248,3.067860099519649,6.030100682924719,0.0,0.0,scenario2,notwindy,fixed
7805,278,DE0 199,DE0 432,3.638935490762264,8.258396112723734,0.0,0.0,scenario2,notwindy,fixed
7806,279,DE0 2,DE0 233,19.238534598752423,28.054962662032235,0.0,0.0,scenario2,notwindy,fixed
7807,28,DE0 104,DE0 206,6.9604055522532935,16.98678842284052,0.0,0.0,scenario2,notwindy,fixed
7808,280,DE0 2,DE0 256,3.543785471310508,12.28021145277948,0.0,0.0,scenario2,notwindy,fixed
7809,281,DE0 2,DE0 72,14.003404208854544,24.84873079246842,0.0,0.0,scenario2,notwindy,fixed
7810,282,DE0 20,DE0 410,8.32231233884923,20.098176340618323,0.0,0.0,scenario2,notwindy,fixed
7811,283,DE0 200,DE0 242,14.84305961366994,29.594796288913415,0.0,0.0,scenario2,notwindy,fixed
7812,284,DE0 200,DE0 386,27.36531249731216,37.37075828157499,0.0,0.0,scenario2,notwindy,fixed
7813,285,DE0 200,DE0 440,14.129123647391978,24.237861773983923,0.0,0.0,scenario2,notwindy,fixed
7814,286,DE0 200,DE0 99,30.059256727611654,36.21583207079082,0.0,0.0,scenario2,notwindy,fixed
7815,287,DE0 201,DE0 206,5.211269459659581,12.543094872764641,0.0,0.0,scenario2,notwindy,fixed
7816,288,DE0 201,DE0 212,9.436368509864563,17.733306963597663,0.0,0.0,scenario2,notwindy,fixed
7817,289,DE0 201,DE0 399,1.0309025165888985,2.284908276413827,0.0,0.0,scenario2,notwindy,fixed
7818,29,DE0 104,DE0 428,2.9993906757338444,6.099684504847865,0.0,0.0,scenario2,notwindy,fixed
7819,290,DE0 201,DE0 428,3.695941630851516,5.984405546615856,0.0,0.0,scenario2,notwindy,fixed
7820,291,DE0 202,DE0 298,26.484907201267,57.46513820503616,0.0,0.0,scenario2,notwindy,fixed
7821,292,DE0 202,DE0 322,10.72966331764575,18.773371131303342,0.0,0.0,scenario2,notwindy,fixed
7822,293,DE0 202,DE0 360,29.48052989927696,39.98450208980568,0.0,0.0,scenario2,notwindy,fixed
7823,294,DE0 202,DE0 397,6.724170834569653,19.54856444707787,0.0,0.0,scenario2,notwindy,fixed
7824,295,DE0 202,DE0 48,28.820433139637675,54.14793321323038,0.0,0.0,scenario2,notwindy,fixed
7825,296,DE0 202,DE0 82,12.511084192448097,24.33643788957291,0.0,0.0,scenario2,notwindy,fixed
7826,297,DE0 203,DE0 212,11.368971827696871,23.31140710219747,0.0,0.0,scenario2,notwindy,fixed
7827,298,DE0 203,DE0 227,17.944590044207644,36.8463171130632,0.0,0.0,scenario2,notwindy,fixed
7828,299,DE0 203,DE0 358,11.274397515777016,22.742067076088603,0.0,0.0,scenario2,notwindy,fixed
7829,3,DE0 0,DE0 55,8.955817382189675,23.578629491295384,0.0,0.0,scenario2,notwindy,fixed
7830,30,DE0 105,DE0 260,8.697091539891588,19.206758087699097,0.0,0.0,scenario2,notwindy,fixed
7831,300,DE0 204,DE0 367,32.156009173615615,58.932158819131885,0.0,0.0,scenario2,notwindy,fixed
7832,301,DE0 204,DE0 46,24.263019379107483,34.19747728586066,0.0,0.0,scenario2,notwindy,fixed
7833,302,DE0 206,DE0 212,8.176726417811544,16.87545020171969,0.0,0.0,scenario2,notwindy,fixed
7834,303,DE0 206,DE0 290,8.686031902027985,20.364933225437206,0.0,0.0,scenario2,notwindy,fixed
7835,304,DE0 207,DE0 40,12.002214685694552,22.099096782072337,0.0,0.0,scenario2,notwindy,fixed
7836,305,DE0 207,DE0 54,11.338263467284198,25.579794022306444,0.0,0.0,scenario2,notwindy,fixed
7837,306,DE0 208,DE0 28,19.274345109268985,27.679306905910504,0.0,0.0,scenario2,notwindy,fixed
7838,307,DE0 208,DE0 307,18.914952468820818,32.39550664658088,0.0,0.0,scenario2,notwindy,fixed
7839,308,DE0 21,DE0 234,17.835639270817875,26.203520898190895,0.0,0.0,scenario2,notwindy,fixed
7840,309,DE0 21,DE0 74,10.269643243411064,16.118108587831355,0.0,0.0,scenario2,notwindy,fixed
7841,31,DE0 105,DE0 34,4.430969128534868,7.617081627124146,0.0,0.0,scenario2,notwindy,fixed
7842,310,DE0 210,DE0 305,16.12223141721037,39.32397297301351,0.0,0.0,scenario2,notwindy,fixed
7843,311,DE0 210,DE0 400,11.788690658685603,29.614717567050196,0.0,0.0,scenario2,notwindy,fixed
7844,312,DE0 211,DE0 247,30.87690445647917,35.97546489474603,0.0,0.0,scenario2,notwindy,fixed
7845,313,DE0 211,DE0 362,16.270796465946,18.715145880202037,0.0,0.0,scenario2,notwindy,fixed
7846,314,DE0 212,DE0 280,16.856526910505945,32.32998005241136,0.0,0.0,scenario2,notwindy,fixed
7847,315,DE0 212,DE0 300,19.0641072562051,45.366748922230904,0.0,0.0,scenario2,notwindy,fixed
7848,316,DE0 212,DE0 358,11.382660904648475,23.449092795119622,0.0,0.0,scenario2,notwindy,fixed
7849,317,DE0 212,DE0 77,12.219186498963097,26.79364773935633,0.0,0.0,scenario2,notwindy,fixed
7850,318,DE0 213,DE0 342,15.172206058500937,28.073100094321617,0.0,0.0,scenario2,notwindy,fixed
7851,319,DE0 214,DE0 45,1.3726059387559353,2.594455294542694,0.0,0.0,scenario2,notwindy,fixed
7852,32,DE0 105,DE0 354,15.885229336786425,40.78662338735186,0.0,0.0,scenario2,notwindy,fixed
7853,320,DE0 215,DE0 42,6.122435751035122,13.871812031069064,0.0,0.0,scenario2,notwindy,fixed
7854,321,DE0 216,DE0 277,3.47410586585697,9.51811416896239,0.0,0.0,scenario2,notwindy,fixed
7855,322,DE0 216,DE0 339,3.707021631795134,8.126758396910065,0.0,0.0,scenario2,notwindy,fixed
7856,323,DE0 216,DE0 429,2.6197215306518324,6.417410281005583,0.0,0.0,scenario2,notwindy,fixed
7857,324,DE0 217,DE0 388,6.302586429287202,10.9351679437175,0.0,0.0,scenario2,notwindy,fixed
7858,325,DE0 217,DE0 46,22.763461806488035,40.05115817091075,0.0,0.0,scenario2,notwindy,fixed
7859,326,DE0 217,DE0 57,6.974986073405155,12.387891427932352,0.0,0.0,scenario2,notwindy,fixed
7860,327,DE0 218,DE0 406,7.527683932148234,19.68666036749871,0.0,0.0,scenario2,notwindy,fixed
7861,328,DE0 218,DE0 73,15.197773218273413,43.65326275559593,0.0,0.0,scenario2,notwindy,fixed
7862,329,DE0 22,DE0 296,15.162586471735787,45.15365732715336,0.0,0.0,scenario2,notwindy,fixed
7863,33,DE0 106,DE0 180,8.156677472513824,20.698033098263384,0.0,0.0,scenario2,notwindy,fixed
7864,330,DE0 22,DE0 352,17.238501965286055,44.27395860532908,0.0,0.0,scenario2,notwindy,fixed
7865,331,DE0 22,DE0 8,14.767812672812683,44.353556535445286,0.0,0.0,scenario2,notwindy,fixed
7866,332,DE0 220,DE0 336,11.561350443108525,17.920263006987625,0.0,0.0,scenario2,notwindy,fixed
7867,333,DE0 220,DE0 379,17.038333640918466,22.064037428145074,0.0,0.0,scenario2,notwindy,fixed
7868,334,DE0 221,DE0 274,9.732703010215609,32.831934681808356,0.0,0.0,scenario2,notwindy,fixed
7869,335,DE0 222,DE0 292,29.73852999049505,63.26410017723782,1.0,0.0,scenario2,notwindy,fixed
7870,336,DE0 222,DE0 311,19.826015464418564,37.1226150595338,0.0,0.0,scenario2,notwindy,fixed
7871,337,DE0 222,DE0 381,13.431532023997198,21.914731046900915,0.0,0.0,scenario2,notwindy,fixed
7872,338,DE0 222,DE0 74,12.411751166950861,23.224229763170452,0.0,0.0,scenario2,notwindy,fixed
7873,339,DE0 222,DE0 87,16.824676715743635,36.55863484130472,0.0,0.0,scenario2,notwindy,fixed
7874,34,DE0 106,DE0 275,8.591747049866767,23.951820487229796,0.0,0.0,scenario2,notwindy,fixed
7875,340,DE0 223,DE0 286,12.089700567480799,29.46943983990358,0.0,0.0,scenario2,notwindy,fixed
7876,341,DE0 223,DE0 295,12.946178432484261,25.86640892562622,0.0,0.0,scenario2,notwindy,fixed
7877,342,DE0 224,DE0 40,10.021031509150703,17.463677637960494,0.0,0.0,scenario2,notwindy,fixed
7878,343,DE0 225,DE0 425,19.288165670928016,35.53754104174242,0.0,0.0,scenario2,notwindy,fixed
7879,344,DE0 225,DE0 6,18.807701426097882,35.60617634362492,0.0,0.0,scenario2,notwindy,fixed
7880,345,DE0 226,DE0 424,29.980067113795222,53.56781456271198,0.0,0.0,scenario2,notwindy,fixed
7881,346,DE0 227,DE0 289,2.8663937283708445,7.239543520777154,0.0,0.0,scenario2,notwindy,fixed
7882,347,DE0 227,DE0 334,10.632618224801368,15.896913390729653,0.0,0.0,scenario2,notwindy,fixed
7883,348,DE0 227,DE0 396,17.798655361280126,24.668849630699643,0.0,0.0,scenario2,notwindy,fixed
7884,349,DE0 228,DE0 325,2.572421201648961,5.894953347318791,0.0,0.0,scenario2,notwindy,fixed
7885,35,DE0 107,DE0 154,19.459453083878422,30.110481399621413,0.0,0.0,scenario2,notwindy,fixed
7886,350,DE0 228,DE0 8,2.931229470810847,7.090125049566924,0.0,0.0,scenario2,notwindy,fixed
7887,351,DE0 229,DE0 236,10.004420652378617,19.31229396382235,0.0,0.0,scenario2,notwindy,fixed
7888,352,DE0 229,DE0 332,8.738424208707514,16.90443540708612,0.0,0.0,scenario2,notwindy,fixed
7889,353,DE0 229,DE0 449,1.4150885868209937,1.6856943890120677,0.0,0.0,scenario2,notwindy,fixed
7890,354,DE0 23,DE0 380,8.15425139225251,16.30829773139876,0.0,0.0,scenario2,notwindy,fixed
7891,355,DE0 23,DE0 57,16.88280536999439,30.6645940934885,0.0,0.0,scenario2,notwindy,fixed
7892,356,DE0 230,DE0 24,21.261501031676936,46.657656571491515,0.0,0.0,scenario2,notwindy,fixed
7893,357,DE0 231,DE0 87,19.593516070148823,39.8488370869837,0.0,0.0,scenario2,notwindy,fixed
7894,358,DE0 232,DE0 382,15.266931031143423,20.307739369716767,0.0,0.0,scenario2,notwindy,fixed
7895,359,DE0 233,DE0 271,6.707949992292206,14.148068736891906,0.0,0.0,scenario2,notwindy,fixed
7896,36,DE0 107,DE0 38,20.559650941620703,35.08051167462513,0.0,0.0,scenario2,notwindy,fixed
7897,360,DE0 233,DE0 72,8.97342299323732,19.28026105586505,0.0,0.0,scenario2,notwindy,fixed
7898,361,DE0 234,DE0 88,12.970580068494627,20.493631261774333,0.0,0.0,scenario2,notwindy,fixed
7899,362,DE0 235,DE0 382,2.4261685504491632,5.285499537536801,0.0,0.0,scenario2,notwindy,fixed
7900,363,DE0 235,DE0 384,2.7341649743978373,6.446395148156032,0.0,0.0,scenario2,notwindy,fixed
7901,364,DE0 236,DE0 260,10.509038320734486,21.164345398235152,0.0,0.0,scenario2,notwindy,fixed
7902,365,DE0 236,DE0 31,12.297973881052782,19.194953239974147,0.0,0.0,scenario2,notwindy,fixed
7903,366,DE0 237,DE0 37,6.189330921841418,7.910272371012564,0.0,0.0,scenario2,notwindy,fixed
7904,367,DE0 238,DE0 250,4.115967838677027,13.729334423104833,0.0,0.0,scenario2,notwindy,fixed
7905,368,DE0 238,DE0 445,3.5604446276592085,15.437769965734361,0.0,0.0,scenario2,notwindy,fixed
7906,369,DE0 239,DE0 392,5.905665265485513,17.912319747326325,0.0,0.0,scenario2,notwindy,fixed
7907,37,DE0 108,DE0 246,11.909718276707682,22.510648404512025,0.0,0.0,scenario2,notwindy,fixed
7908,370,DE0 24,DE0 245,7.863434703854673,18.871267615634558,0.0,0.0,scenario2,notwindy,fixed
7909,371,DE0 24,DE0 259,12.196874060169867,33.79514930129606,0.0,0.0,scenario2,notwindy,fixed
7910,372,DE0 24,DE0 335,15.856771578734635,37.84527271420268,0.0,0.0,scenario2,notwindy,fixed
7911,373,DE0 24,DE0 68,22.269822659512762,50.216513420558925,0.0,0.0,scenario2,notwindy,fixed
7912,374,DE0 240,DE0 357,17.90564702558514,31.75306657817638,0.0,0.0,scenario2,notwindy,fixed
7913,375,DE0 241,DE0 322,10.555514259117652,18.57966548869751,0.0,0.0,scenario2,notwindy,fixed
7914,376,DE0 242,DE0 340,18.289597469234984,34.40823706937203,0.0,0.0,scenario2,notwindy,fixed
7915,377,DE0 242,DE0 99,16.837619755961754,30.193175065354914,0.0,0.0,scenario2,notwindy,fixed
7916,378,DE0 243,DE0 46,15.437667232957486,26.103806090891574,0.0,0.0,scenario2,notwindy,fixed
7917,379,DE0 244,DE0 366,10.031450157414856,21.81943744080771,0.0,0.0,scenario2,notwindy,fixed
7918,38,DE0 108,DE0 393,5.775911578511394,10.114660470203507,0.0,0.0,scenario2,notwindy,fixed
7919,380,DE0 244,DE0 448,9.79054592685644,15.768638648711514,0.0,0.0,scenario2,notwindy,fixed
7920,381,DE0 244,DE0 95,21.09739663557997,40.22886778475611,0.0,0.0,scenario2,notwindy,fixed
7921,382,DE0 245,DE0 422,3.724163128504718,9.232970082851445,0.0,0.0,scenario2,notwindy,fixed
7922,383,DE0 246,DE0 267,11.489664356701963,22.757057630146367,0.0,0.0,scenario2,notwindy,fixed
7923,384,DE0 247,DE0 74,19.254309677266534,36.534435233575266,0.0,0.0,scenario2,notwindy,fixed
7924,385,DE0 248,DE0 374,15.327261989227278,27.899304133985186,0.0,0.0,scenario2,notwindy,fixed
7925,386,DE0 248,DE0 66,13.50971447728528,22.26186286489812,0.0,0.0,scenario2,notwindy,fixed
7926,387,DE0 248,DE0 90,8.256101981955444,19.828090445863587,0.0,0.0,scenario2,notwindy,fixed
7927,388,DE0 249,DE0 36,10.223957407062672,19.811341496263154,0.0,0.0,scenario2,notwindy,fixed
7928,389,DE0 249,DE0 364,4.341202188218541,12.198643227250592,0.0,0.0,scenario2,notwindy,fixed
7929,39,DE0 108,DE0 417,0.7900969305638809,2.2971003482122394,0.0,0.0,scenario2,notwindy,fixed
7930,390,DE0 25,DE0 50,26.448691523211636,36.99749167552893,0.0,0.0,scenario2,notwindy,fixed
7931,391,DE0 25,DE0 92,26.79152964687111,34.47707168469002,0.0,0.0,scenario2,notwindy,fixed
7932,392,DE0 250,DE0 56,10.138862310960855,27.043916595995853,0.0,0.0,scenario2,notwindy,fixed
7933,393,DE0 251,DE0 343,17.154904200539267,43.54784996424997,0.0,0.0,scenario2,notwindy,fixed
7934,394,DE0 251,DE0 385,20.913689342506895,31.204639086641567,0.0,0.0,scenario2,notwindy,fixed
7935,395,DE0 252,DE0 293,14.172269653257496,24.24569080015945,0.0,0.0,scenario2,notwindy,fixed
7936,396,DE0 252,DE0 344,8.467154421783878,14.336787727017288,0.0,0.0,scenario2,notwindy,fixed
7937,397,DE0 253,DE0 75,5.531511758459625,15.188351867946809,0.0,0.0,scenario2,notwindy,fixed
7938,398,DE0 254,DE0 283,8.557975960263548,11.629520817116711,0.0,0.0,scenario2,notwindy,fixed
7939,399,DE0 254,DE0 378,10.296965449760128,13.240661570009044,0.0,0.0,scenario2,notwindy,fixed
7940,4,DE0 0,DE0 59,22.878320998496562,37.449153759589365,0.0,0.0,scenario2,notwindy,fixed
7941,40,DE0 109,DE0 162,3.0058765752800474,6.602619548956317,0.0,0.0,scenario2,notwindy,fixed
7942,400,DE0 254,DE0 99,16.06237417824431,19.130544625681075,0.0,0.0,scenario2,notwindy,fixed
7943,401,DE0 255,DE0 415,6.3810688387771375,12.129396197927326,0.0,0.0,scenario2,notwindy,fixed
7944,402,DE0 255,DE0 76,7.500834102013394,13.62909707851154,0.0,0.0,scenario2,notwindy,fixed
7945,403,DE0 257,DE0 328,5.8675361840549725,9.132963988055344,0.0,0.0,scenario2,notwindy,fixed
7946,404,DE0 257,DE0 336,9.44389286969672,17.155244548049424,0.0,0.0,scenario2,notwindy,fixed
7947,405,DE0 257,DE0 387,20.849184653439753,27.065988118046796,0.0,0.0,scenario2,notwindy,fixed
7948,406,DE0 258,DE0 34,10.343585150306817,18.726521185052484,0.0,0.0,scenario2,notwindy,fixed
7949,407,DE0 258,DE0 433,16.197477949709782,31.802958019301446,0.0,0.0,scenario2,notwindy,fixed
7950,408,DE0 26,DE0 69,21.209717653327584,30.85762764751399,0.0,0.0,scenario2,notwindy,fixed
7951,409,DE0 262,DE0 42,3.8554428313459934,7.497152186019839,0.0,0.0,scenario2,notwindy,fixed
7952,41,DE0 109,DE0 215,1.8733480526776969,4.364107497938725,0.0,0.0,scenario2,notwindy,fixed
7953,410,DE0 263,DE0 347,10.358905221953824,12.862313428580038,0.0,0.0,scenario2,notwindy,fixed
7954,411,DE0 263,DE0 9,8.093599277843296,10.485666381742943,0.0,0.0,scenario2,notwindy,fixed
7955,412,DE0 264,DE0 339,10.535491654331604,28.17310901582951,0.0,0.0,scenario2,notwindy,fixed
7956,413,DE0 264,DE0 363,15.03722902337214,23.881097998030214,0.0,0.0,scenario2,notwindy,fixed
7957,414,DE0 264,DE0 375,14.209703578748577,24.946417730711175,0.0,0.0,scenario2,notwindy,fixed
7958,415,DE0 265,DE0 306,9.306508244839794,19.910935143684508,0.0,0.0,scenario2,notwindy,fixed
7959,416,DE0 266,DE0 420,8.104971661881908,18.26704938092146,0.0,0.0,scenario2,notwindy,fixed
7960,417,DE0 266,DE0 67,7.994861085534042,19.59585286114276,0.0,0.0,scenario2,notwindy,fixed
7961,418,DE0 267,DE0 70,8.292341756978413,16.667077600644877,0.0,0.0,scenario2,notwindy,fixed
7962,419,DE0 268,DE0 336,3.9023696502854435,10.668307471985775,0.0,0.0,scenario2,notwindy,fixed
7963,42,DE0 11,DE0 360,27.294998727155967,37.78008632318724,0.0,0.0,scenario2,notwindy,fixed
7964,420,DE0 268,DE0 361,10.357926926361356,19.633084226448897,0.0,0.0,scenario2,notwindy,fixed
7965,421,DE0 268,DE0 366,4.626624256747517,10.490966472797744,0.0,0.0,scenario2,notwindy,fixed
7966,422,DE0 268,DE0 95,5.897353225422897,14.35572021049766,0.0,0.0,scenario2,notwindy,fixed
7967,423,DE0 269,DE0 29,12.122708080831423,20.651980724172667,0.0,0.0,scenario2,notwindy,fixed
7968,424,DE0 27,DE0 283,8.850710402957823,18.48607117947627,0.0,0.0,scenario2,notwindy,fixed
7969,425,DE0 27,DE0 333,13.759767844553808,33.488682597670774,0.0,0.0,scenario2,notwindy,fixed
7970,426,DE0 27,DE0 447,13.275324835212368,18.463545436553304,0.0,0.0,scenario2,notwindy,fixed
7971,427,DE0 270,DE0 350,2.3949052647080915,5.444534471058557,0.0,0.0,scenario2,notwindy,fixed
7972,428,DE0 270,DE0 423,2.316929927232858,5.839680288796998,0.0,0.0,scenario2,notwindy,fixed
7973,429,DE0 270,DE0 426,3.990698912265875,9.215726771115854,0.0,0.0,scenario2,notwindy,fixed
7974,43,DE0 11,DE0 67,6.689305988897126,13.613094612234935,0.0,0.0,scenario2,notwindy,fixed
7975,430,DE0 271,DE0 61,12.745586678544518,28.38662358180005,0.0,0.0,scenario2,notwindy,fixed
7976,431,DE0 271,DE0 91,7.763643934763009,18.416584517889063,0.0,0.0,scenario2,notwindy,fixed
7977,432,DE0 272,DE0 385,14.675603633957948,23.84120154897729,0.0,0.0,scenario2,notwindy,fixed
7978,433,DE0 272,DE0 406,4.462592089387113,7.172741319022339,0.0,0.0,scenario2,notwindy,fixed
7979,434,DE0 273,DE0 370,10.648928121096064,28.712308319968784,0.0,0.0,scenario2,notwindy,fixed
7980,435,DE0 273,DE0 407,9.094774850028037,26.604646135927627,0.0,0.0,scenario2,notwindy,fixed
7981,436,DE0 274,DE0 28,10.439759163296696,21.57892079281827,0.0,0.0,scenario2,notwindy,fixed
7982,437,DE0 275,DE0 309,10.42475585400898,29.55129247715404,0.0,0.0,scenario2,notwindy,fixed
7983,438,DE0 276,DE0 277,7.948364179534671,9.507719006014623,0.0,0.0,scenario2,notwindy,fixed
7984,439,DE0 276,DE0 396,7.2963126538898155,13.197079688173416,0.0,0.0,scenario2,notwindy,fixed
7985,44,DE0 110,DE0 415,13.928578466383845,35.897039926824654,0.0,0.0,scenario2,notwindy,fixed
7986,440,DE0 277,DE0 369,10.207125550663365,15.003686870335574,0.0,0.0,scenario2,notwindy,fixed
7987,441,DE0 277,DE0 376,10.43471665692092,15.855213046509295,0.0,0.0,scenario2,notwindy,fixed
7988,442,DE0 278,DE0 296,9.18678875697512,26.93144487978995,0.0,0.0,scenario2,notwindy,fixed
7989,443,DE0 278,DE0 324,11.995482227483771,27.78205833202147,0.0,0.0,scenario2,notwindy,fixed
7990,444,DE0 279,DE0 405,4.064759351224444,9.343127254623377,0.0,0.0,scenario2,notwindy,fixed
7991,445,DE0 280,DE0 439,17.379187035728574,32.41093244850033,0.0,0.0,scenario2,notwindy,fixed
7992,446,DE0 281,DE0 346,10.662470123444862,18.486463678206096,0.0,0.0,scenario2,notwindy,fixed
7993,447,DE0 281,DE0 52,5.173132390047788,13.986587353044094,0.0,0.0,scenario2,notwindy,fixed
7994,448,DE0 282,DE0 355,16.004371548511447,26.90707174147243,0.0,0.0,scenario2,notwindy,fixed
7995,449,DE0 282,DE0 365,20.4590557164828,32.82293247555348,0.0,0.0,scenario2,notwindy,fixed
7996,45,DE0 111,DE0 435,17.85957444768423,37.2335275639174,0.0,0.0,scenario2,notwindy,fixed
7997,450,DE0 282,DE0 389,16.602499716069218,23.528871843053643,0.0,0.0,scenario2,notwindy,fixed
7998,451,DE0 283,DE0 292,17.981756403798347,30.712753950544382,0.0,0.0,scenario2,notwindy,fixed
7999,452,DE0 283,DE0 331,10.449213596312186,17.968988397371227,0.0,0.0,scenario2,notwindy,fixed
8000,453,DE0 283,DE0 378,11.559574757337622,21.061916844949767,0.0,0.0,scenario2,notwindy,fixed
8001,454,DE0 284,DE0 308,9.803280496413898,19.56053788825721,0.0,0.0,scenario2,notwindy,fixed
8002,455,DE0 284,DE0 353,11.837693792210203,23.604466641270534,0.0,0.0,scenario2,notwindy,fixed
8003,456,DE0 285,DE0 301,9.089077506880676,19.446019250079488,0.0,0.0,scenario2,notwindy,fixed
8004,457,DE0 285,DE0 379,7.803508081408044,14.537889143073327,0.0,0.0,scenario2,notwindy,fixed
8005,458,DE0 285,DE0 382,14.946248680281318,25.57759772337661,0.0,0.0,scenario2,notwindy,fixed
8006,459,DE0 286,DE0 347,9.091352956063785,16.228248489219197,0.0,0.0,scenario2,notwindy,fixed
8007,46,DE0 111,DE0 66,12.20261660850505,19.692642561627597,0.0,0.0,scenario2,notwindy,fixed
8008,460,DE0 287,DE0 339,6.349561690267662,8.370423957596099,0.0,0.0,scenario2,notwindy,fixed
8009,461,DE0 287,DE0 413,8.430714002011207,10.163840113772013,0.0,0.0,scenario2,notwindy,fixed
8010,462,DE0 287,DE0 416,4.9655455174818295,5.806226442568675,0.0,0.0,scenario2,notwindy,fixed
8011,463,DE0 288,DE0 289,7.626722342811841,19.357528475053464,0.0,0.0,scenario2,notwindy,fixed
8012,464,DE0 289,DE0 337,12.206744120194129,15.131074272875722,0.0,0.0,scenario2,notwindy,fixed
8013,465,DE0 289,DE0 401,14.765520377392564,17.877226788059485,0.0,0.0,scenario2,notwindy,fixed
8014,466,DE0 29,DE0 383,12.635441516891829,23.754163640298234,0.0,0.0,scenario2,notwindy,fixed
8015,467,DE0 290,DE0 351,20.836917714994964,46.48983659388895,0.0,0.0,scenario2,notwindy,fixed
8016,468,DE0 291,DE0 356,19.971117470936015,35.226298326019574,0.0,0.0,scenario2,notwindy,fixed
8017,469,DE0 291,DE0 433,15.986168986777313,31.78971823164904,0.0,0.0,scenario2,notwindy,fixed
8018,47,DE0 112,DE0 349,8.33884732169297,22.34379620656324,0.0,0.0,scenario2,notwindy,fixed
8019,470,DE0 292,DE0 326,38.60514903300292,52.8088452669862,0.0,0.0,scenario2,notwindy,fixed
8020,471,DE0 292,DE0 340,29.627913794787204,52.50596356092922,0.0,0.0,scenario2,notwindy,fixed
8021,472,DE0 292,DE0 430,38.170811593674365,68.3248781370381,9.0,0.0,scenario2,notwindy,fixed
8022,473,DE0 293,DE0 344,16.707314383093244,28.624937004904698,0.0,0.0,scenario2,notwindy,fixed
8023,474,DE0 293,DE0 414,8.367878565630267,14.360308992675519,0.0,0.0,scenario2,notwindy,fixed
8024,475,DE0 294,DE0 394,11.316778953823576,32.42265872250595,0.0,0.0,scenario2,notwindy,fixed
8025,476,DE0 294,DE0 395,11.337533013728,32.014596624265074,0.0,0.0,scenario2,notwindy,fixed
8026,477,DE0 295,DE0 378,6.801776832782523,11.542137337184915,0.0,0.0,scenario2,notwindy,fixed
8027,478,DE0 296,DE0 8,13.751613755688306,24.201430822040564,0.0,0.0,scenario2,notwindy,fixed
8028,479,DE0 297,DE0 394,6.953428522675358,20.46277646988896,0.0,0.0,scenario2,notwindy,fixed
8029,48,DE0 112,DE0 391,11.172935103333181,21.41306860794947,0.0,0.0,scenario2,notwindy,fixed
8030,480,DE0 297,DE0 90,7.561034798606654,15.669923603476226,0.0,0.0,scenario2,notwindy,fixed
8031,481,DE0 298,DE0 67,13.216508748754244,28.734449875431846,0.0,0.0,scenario2,notwindy,fixed
8032,482,DE0 299,DE0 411,0.3058855275666456,0.5689584697684291,0.0,0.0,scenario2,notwindy,fixed
8033,483,DE0 299,DE0 60,6.332971105133012,26.515696002475796,0.0,0.0,scenario2,notwindy,fixed
8034,484,DE0 3,DE0 356,25.312163385549972,35.49511244622854,0.0,0.0,scenario2,notwindy,fixed
8035,485,DE0 30,DE0 399,3.1876999384331346,7.1870354400397725,0.0,0.0,scenario2,notwindy,fixed
8036,486,DE0 30,DE0 428,1.3548382936981773,3.0076401500812437,0.0,0.0,scenario2,notwindy,fixed
8037,487,DE0 30,DE0 77,14.531718296896859,34.321000626806274,0.0,0.0,scenario2,notwindy,fixed
8038,488,DE0 300,DE0 313,17.8376768464387,43.43154637820583,0.0,0.0,scenario2,notwindy,fixed
8039,489,DE0 302,DE0 447,9.185819134390583,12.529557619285491,0.0,0.0,scenario2,notwindy,fixed
8040,49,DE0 113,DE0 189,15.785994886984078,24.7338743452069,0.0,0.0,scenario2,notwindy,fixed
8041,490,DE0 302,DE0 99,15.293872278568257,20.1719627115568,0.0,0.0,scenario2,notwindy,fixed
8042,491,DE0 303,DE0 436,7.769374600465677,23.15983229493251,0.0,0.0,scenario2,notwindy,fixed
8043,492,DE0 304,DE0 98,24.76980871923077,48.52205156866499,0.0,0.0,scenario2,notwindy,fixed
8044,493,DE0 305,DE0 313,16.536174302446728,40.62698991943671,0.0,0.0,scenario2,notwindy,fixed
8045,494,DE0 308,DE0 431,18.07280657143209,33.986051666593426,0.0,0.0,scenario2,notwindy,fixed
8046,495,DE0 31,DE0 408,11.011890149912963,22.015237120287107,0.0,0.0,scenario2,notwindy,fixed
8047,496,DE0 310,DE0 340,11.110742843961653,25.866196632748306,0.0,0.0,scenario2,notwindy,fixed
8048,497,DE0 310,DE0 430,5.360400780781896,10.642180148991667,0.0,0.0,scenario2,notwindy,fixed
8049,498,DE0 312,DE0 364,34.970312580908676,55.640247714209565,0.0,0.0,scenario2,notwindy,fixed
8050,499,DE0 314,DE0 380,17.28096389079308,32.22836824318518,0.0,0.0,scenario2,notwindy,fixed
8051,5,DE0 0,DE0 65,19.022142788590912,55.271525668253055,0.0,0.0,scenario2,notwindy,fixed
8052,50,DE0 113,DE0 251,21.2358832114799,52.875424765869774,0.0,0.0,scenario2,notwindy,fixed
8053,500,DE0 314,DE0 86,7.9934373110629275,14.349050967749353,0.0,0.0,scenario2,notwindy,fixed
8054,501,DE0 315,DE0 365,5.9984763473719775,13.800609653088431,0.0,0.0,scenario2,notwindy,fixed
8055,502,DE0 315,DE0 448,25.71268887532246,40.37713338709536,0.0,0.0,scenario2,notwindy,fixed
8056,503,DE0 316,DE0 412,27.854140623567,45.85711412607053,0.0,0.0,scenario2,notwindy,fixed
8057,504,DE0 317,DE0 58,5.399180260776474,17.125719533875117,0.0,0.0,scenario2,notwindy,fixed
8058,505,DE0 317,DE0 81,26.936901441053124,42.196416813731545,0.0,0.0,scenario2,notwindy,fixed
8059,506,DE0 318,DE0 369,5.490106873705227,16.069497893690325,0.0,0.0,scenario2,notwindy,fixed
8060,507,DE0 318,DE0 392,11.539619369451788,34.95988699935323,0.0,0.0,scenario2,notwindy,fixed
8061,508,DE0 319,DE0 391,7.699886937637385,13.936298905901253,0.0,0.0,scenario2,notwindy,fixed
8062,509,DE0 32,DE0 96,21.62413979896559,36.027481700479015,0.0,0.0,scenario2,notwindy,fixed
8063,51,DE0 113,DE0 33,19.06938663998367,32.740933806071034,0.0,0.0,scenario2,notwindy,fixed
8064,510,DE0 320,DE0 409,3.036786066667767,8.784046569780022,0.0,0.0,scenario2,notwindy,fixed
8065,511,DE0 320,DE0 418,3.02819298922201,8.673549435699647,0.0,0.0,scenario2,notwindy,fixed
8066,512,DE0 321,DE0 384,5.16867606013422,9.294284008232841,0.0,0.0,scenario2,notwindy,fixed
8067,513,DE0 321,DE0 412,3.2935220275148134,7.508342735120298,0.0,0.0,scenario2,notwindy,fixed
8068,514,DE0 323,DE0 419,4.386289787218537,15.321572014268481,0.0,0.0,scenario2,notwindy,fixed
8069,515,DE0 323,DE0 445,4.392938595661326,16.03581802665202,0.0,0.0,scenario2,notwindy,fixed
8070,516,DE0 324,DE0 426,3.2017674920566535,7.537611746237816,0.0,0.0,scenario2,notwindy,fixed
8071,517,DE0 326,DE0 390,35.55252425174832,48.60792474257933,0.0,0.0,scenario2,notwindy,fixed
8072,518,DE0 327,DE0 53,9.002657861051839,18.0477671393197,0.0,0.0,scenario2,notwindy,fixed
8073,519,DE0 328,DE0 336,4.4691380352498955,9.582145119945293,0.0,0.0,scenario2,notwindy,fixed
8074,52,DE0 113,DE0 343,20.803041374204692,46.23429778494514,0.0,0.0,scenario2,notwindy,fixed
8075,520,DE0 330,DE0 362,69.90494947598603,69.90495096632291,24.0,0.0,scenario2,notwindy,fixed
8076,521,DE0 330,DE0 60,9.22319863265213,22.608505228482443,0.0,0.0,scenario2,notwindy,fixed
8077,522,DE0 331,DE0 421,5.640785595980596,9.225544333377572,0.0,0.0,scenario2,notwindy,fixed
8078,523,DE0 331,DE0 446,10.657793306179626,21.966489893513362,0.0,0.0,scenario2,notwindy,fixed
8079,524,DE0 332,DE0 431,8.748957538654219,18.374673874713764,0.0,0.0,scenario2,notwindy,fixed
8080,525,DE0 333,DE0 441,14.755143375917488,35.96870957477482,0.0,0.0,scenario2,notwindy,fixed
8081,526,DE0 334,DE0 376,10.128122752857934,17.17731016341922,0.0,0.0,scenario2,notwindy,fixed
8082,527,DE0 334,DE0 416,28.84706327953797,36.54218706919654,0.0,0.0,scenario2,notwindy,fixed
8083,528,DE0 334,DE0 63,23.342157036280216,29.41444599540978,0.0,0.0,scenario2,notwindy,fixed
8084,529,DE0 336,DE0 379,4.539282792736624,9.45925021711645,0.0,0.0,scenario2,notwindy,fixed
8085,53,DE0 113,DE0 35,19.594349441521178,36.92465223452932,0.0,0.0,scenario2,notwindy,fixed
8086,530,DE0 336,DE0 412,7.116935826266574,16.841397231351166,0.0,0.0,scenario2,notwindy,fixed
8087,531,DE0 338,DE0 379,4.816453703110754,11.71200354079122,0.0,0.0,scenario2,notwindy,fixed
8088,532,DE0 338,DE0 51,2.7218597790158308,7.1424061634850755,0.0,0.0,scenario2,notwindy,fixed
8089,533,DE0 339,DE0 363,5.00587417568564,11.021988924468213,0.0,0.0,scenario2,notwindy,fixed
8090,534,DE0 339,DE0 413,3.1579746183906696,5.590104769631084,0.0,0.0,scenario2,notwindy,fixed
8091,535,DE0 339,DE0 429,4.310788823590902,8.984881532193832,0.0,0.0,scenario2,notwindy,fixed
8092,536,DE0 341,DE0 363,19.25392167929242,29.307901233985255,0.0,0.0,scenario2,notwindy,fixed
8093,537,DE0 341,DE0 427,13.564822428052278,18.046019273465053,0.0,0.0,scenario2,notwindy,fixed
8094,538,DE0 345,DE0 41,13.692519785358579,23.087201924641057,0.0,0.0,scenario2,notwindy,fixed
8095,539,DE0 345,DE0 414,13.546567072762286,22.684743609339556,0.0,0.0,scenario2,notwindy,fixed
8096,54,DE0 113,DE0 55,19.67481621937452,50.91307717485526,0.0,0.0,scenario2,notwindy,fixed
8097,540,DE0 346,DE0 442,21.481370988592396,37.30769834125419,0.0,0.0,scenario2,notwindy,fixed
8098,541,DE0 348,DE0 444,3.004044299160519,8.726076372706506,0.0,0.0,scenario2,notwindy,fixed
8099,542,DE0 349,DE0 4,10.963556799722772,32.307200255090876,0.0,0.0,scenario2,notwindy,fixed
8100,543,DE0 349,DE0 70,7.610943510768011,19.200608481660783,0.0,0.0,scenario2,notwindy,fixed
8101,544,DE0 35,DE0 55,18.38888836951068,50.005865383333514,0.0,0.0,scenario2,notwindy,fixed
8102,545,DE0 350,DE0 423,8.301634078669252,27.099142167983786,0.0,0.0,scenario2,notwindy,fixed
8103,546,DE0 350,DE0 75,6.756474445535191,17.69060856555155,0.0,0.0,scenario2,notwindy,fixed
8104,547,DE0 351,DE0 425,22.906038698059426,51.52272268044719,0.0,0.0,scenario2,notwindy,fixed
8105,548,DE0 353,DE0 49,13.463649255196522,25.882447016674924,0.0,0.0,scenario2,notwindy,fixed
8106,549,DE0 354,DE0 385,3.692831882050094,6.904732090385064,0.0,0.0,scenario2,notwindy,fixed
8107,55,DE0 113,DE0 65,9.192353228158423,14.864254228253976,0.0,0.0,scenario2,notwindy,fixed
8108,550,DE0 354,DE0 406,8.198555502087187,16.789723632838864,0.0,0.0,scenario2,notwindy,fixed
8109,551,DE0 354,DE0 98,14.047263236790956,24.145958862294215,0.0,0.0,scenario2,notwindy,fixed
8110,552,DE0 356,DE0 364,19.780190282709462,29.719612570627092,0.0,0.0,scenario2,notwindy,fixed
8111,553,DE0 356,DE0 371,13.882237472453586,23.813206682816045,0.0,0.0,scenario2,notwindy,fixed
8112,554,DE0 356,DE0 412,20.76897110764854,34.86999280989976,0.0,0.0,scenario2,notwindy,fixed
8113,555,DE0 356,DE0 433,20.336579267129725,36.89898606566879,0.0,0.0,scenario2,notwindy,fixed
8114,556,DE0 357,DE0 439,11.88977235127397,21.611049973061025,0.0,0.0,scenario2,notwindy,fixed
8115,557,DE0 359,DE0 440,1.677507741733399,4.359746617718412,0.0,0.0,scenario2,notwindy,fixed
8116,558,DE0 359,DE0 5,8.266949378597534,14.702927141945214,0.0,0.0,scenario2,notwindy,fixed
8117,559,DE0 363,DE0 416,8.398448033204332,13.63020157614186,0.0,0.0,scenario2,notwindy,fixed
8118,56,DE0 114,DE0 175,16.334429158508463,36.05455930725973,0.0,0.0,scenario2,notwindy,fixed
8119,560,DE0 365,DE0 389,17.344060122114342,29.5810015991493,0.0,0.0,scenario2,notwindy,fixed
8120,561,DE0 365,DE0 448,11.675390940134251,18.96498010733481,0.0,0.0,scenario2,notwindy,fixed
8121,562,DE0 367,DE0 55,7.802036733963356,21.122183799365384,0.0,0.0,scenario2,notwindy,fixed
8122,563,DE0 367,DE0 92,15.486822838414469,25.395839881563813,0.0,0.0,scenario2,notwindy,fixed
8123,564,DE0 367,DE0 94,24.59186531490131,43.21132340176887,0.0,0.0,scenario2,notwindy,fixed
8124,565,DE0 368,DE0 424,15.092069518049417,26.901637160245222,0.0,0.0,scenario2,notwindy,fixed
8125,566,DE0 368,DE0 7,13.095452838952026,24.539401558522727,0.0,0.0,scenario2,notwindy,fixed
8126,567,DE0 369,DE0 376,16.42552111106482,19.332060698487425,0.0,0.0,scenario2,notwindy,fixed
8127,568,DE0 372,DE0 407,8.93771566994962,26.481459203157886,0.0,0.0,scenario2,notwindy,fixed
8128,569,DE0 372,DE0 44,18.04025164618097,53.090315117457365,0.0,0.0,scenario2,notwindy,fixed
8129,57,DE0 114,DE0 181,20.007715217496123,45.1359204800883,0.0,0.0,scenario2,notwindy,fixed
8130,570,DE0 373,DE0 449,0.2978030051920766,0.36206846353714855,0.0,0.0,scenario2,notwindy,fixed
8131,571,DE0 375,DE0 382,13.335315786312604,25.087118196312126,0.0,0.0,scenario2,notwindy,fixed
8132,572,DE0 375,DE0 51,5.117897922760473,9.023036020958772,0.0,0.0,scenario2,notwindy,fixed
8133,573,DE0 376,DE0 437,8.264348010100386,25.264963385157007,0.0,0.0,scenario2,notwindy,fixed
8134,574,DE0 377,DE0 414,14.762786550103337,24.879676601933763,0.0,0.0,scenario2,notwindy,fixed
8135,575,DE0 378,DE0 404,11.772417309944377,18.22649174094198,0.0,0.0,scenario2,notwindy,fixed
8136,576,DE0 38,DE0 58,15.455997768933985,28.700384145580564,0.0,0.0,scenario2,notwindy,fixed
8137,577,DE0 381,DE0 74,10.76690309525256,22.63710020402877,0.0,0.0,scenario2,notwindy,fixed
8138,578,DE0 382,DE0 412,3.828807351123669,7.506975639785541,0.0,0.0,scenario2,notwindy,fixed
8139,579,DE0 383,DE0 432,6.274597727942684,15.269280232262098,0.0,0.0,scenario2,notwindy,fixed
8140,58,DE0 115,DE0 12,6.438706424414392,12.322032687273207,0.0,0.0,scenario2,notwindy,fixed
8141,580,DE0 383,DE0 434,4.812679842127713,10.553241027411078,0.0,0.0,scenario2,notwindy,fixed
8142,581,DE0 383,DE0 97,11.837384009538777,24.929414877199616,0.0,0.0,scenario2,notwindy,fixed
8143,582,DE0 386,DE0 99,23.399475768651612,28.334701848806436,0.0,0.0,scenario2,notwindy,fixed
8144,583,DE0 387,DE0 412,13.776187672002028,17.952127708952105,0.0,0.0,scenario2,notwindy,fixed
8145,584,DE0 388,DE0 57,6.109767240179842,11.218322068699385,0.0,0.0,scenario2,notwindy,fixed
8146,585,DE0 39,DE0 425,14.93526965985954,28.276654286524554,0.0,0.0,scenario2,notwindy,fixed
8147,586,DE0 39,DE0 438,14.897012136194101,28.280766200907337,0.0,0.0,scenario2,notwindy,fixed
8148,587,DE0 390,DE0 5,31.736006646679556,56.53433186723621,0.0,0.0,scenario2,notwindy,fixed
8149,588,DE0 391,DE0 417,3.0750310835797645,8.51430003587028,0.0,0.0,scenario2,notwindy,fixed
8150,589,DE0 393,DE0 403,7.745755392573404,18.003416578470326,0.0,0.0,scenario2,notwindy,fixed
8151,59,DE0 115,DE0 398,15.199241879173398,25.072888814793874,0.0,0.0,scenario2,notwindy,fixed
8152,590,DE0 394,DE0 395,11.351498579739653,32.37593969030515,0.0,0.0,scenario2,notwindy,fixed
8153,591,DE0 394,DE0 443,6.846998371623774,18.319061664714248,0.0,0.0,scenario2,notwindy,fixed
8154,592,DE0 395,DE0 437,4.223612976310953,12.83705807268488,0.0,0.0,scenario2,notwindy,fixed
8155,593,DE0 396,DE0 416,10.911961496706812,18.71313044299415,0.0,0.0,scenario2,notwindy,fixed
8156,594,DE0 398,DE0 58,25.587448854181343,37.12092374065803,0.0,0.0,scenario2,notwindy,fixed
8157,595,DE0 398,DE0 81,9.405751419978662,13.029428047654786,0.0,0.0,scenario2,notwindy,fixed
8158,596,DE0 4,DE0 97,11.013653748510617,26.373797856711207,0.0,0.0,scenario2,notwindy,fixed
8159,597,DE0 40,DE0 410,12.548851045690043,34.36544197442767,0.0,0.0,scenario2,notwindy,fixed
8160,598,DE0 400,DE0 56,11.560782616844207,28.642191888956443,0.0,0.0,scenario2,notwindy,fixed
8161,599,DE0 401,DE0 427,18.189024466885442,22.53320117651818,0.0,0.0,scenario2,notwindy,fixed
8162,6,DE0 0,DE0 83,24.38752360448016,34.16966630287099,0.0,0.0,scenario2,notwindy,fixed
8163,60,DE0 115,DE0 46,29.895551348731598,40.172707415280755,0.0,0.0,scenario2,notwindy,fixed
8164,600,DE0 402,DE0 446,21.237445547037108,44.24691269521316,0.0,0.0,scenario2,notwindy,fixed
8165,601,DE0 404,DE0 84,5.10172853684431,8.201271318956831,0.0,0.0,scenario2,notwindy,fixed
8166,602,DE0 405,DE0 79,3.5804126369452636,11.023399399692128,0.0,0.0,scenario2,notwindy,fixed
8167,603,DE0 409,DE0 444,6.046497908498294,17.568158815531255,0.0,0.0,scenario2,notwindy,fixed
8168,604,DE0 41,DE0 79,23.630459483613475,40.28527381266067,0.0,0.0,scenario2,notwindy,fixed
8169,605,DE0 415,DE0 53,13.6197107832076,39.62804351771778,0.0,0.0,scenario2,notwindy,fixed
8170,606,DE0 415,DE0 76,7.774150430730345,14.114564000104284,0.0,0.0,scenario2,notwindy,fixed
8171,607,DE0 416,DE0 63,21.185175948874992,27.20725098431476,0.0,0.0,scenario2,notwindy,fixed
8172,608,DE0 421,DE0 84,9.756467120514907,16.819252165855218,0.0,0.0,scenario2,notwindy,fixed
8173,609,DE0 43,DE0 96,7.3910335301597785,17.388703856073345,0.0,0.0,scenario2,notwindy,fixed
8174,61,DE0 115,DE0 81,15.250967944400307,25.26802208316335,0.0,0.0,scenario2,notwindy,fixed
8175,610,DE0 430,DE0 5,6.81955694663565,12.79578447622538,0.0,0.0,scenario2,notwindy,fixed
8176,611,DE0 435,DE0 52,6.359248633027331,16.11146823992461,0.0,0.0,scenario2,notwindy,fixed
8177,612,DE0 435,DE0 6,13.81351033987228,30.812401465231424,0.0,0.0,scenario2,notwindy,fixed
8178,613,DE0 435,DE0 89,12.56038763148327,17.43147713130551,0.0,0.0,scenario2,notwindy,fixed
8179,614,DE0 440,DE0 5,12.731115944310167,22.109510675718745,0.0,0.0,scenario2,notwindy,fixed
8180,615,DE0 443,DE0 90,4.5605145169514225,12.477971004721129,0.0,0.0,scenario2,notwindy,fixed
8181,616,DE0 46,DE0 93,18.32768946653577,29.18090884196896,0.0,0.0,scenario2,notwindy,fixed
8182,617,DE0 46,DE0 94,26.9941073482514,39.674216353420604,0.0,0.0,scenario2,notwindy,fixed
8183,618,DE0 50,DE0 99,18.636137424447462,52.06032792355225,0.0,0.0,scenario2,notwindy,fixed
8184,619,DE0 58,DE0 72,22.038157271109256,42.853394001935406,0.0,0.0,scenario2,notwindy,fixed
8185,62,DE0 116,DE0 185,5.592394761586669,14.485556816230247,0.0,0.0,scenario2,notwindy,fixed
8186,620,DE0 60,DE0 85,8.847214330613314,31.63019393086185,0.0,0.0,scenario2,notwindy,fixed
8187,621,DE0 61,DE0 91,16.31580221417315,34.81375050303448,0.0,0.0,scenario2,notwindy,fixed
8188,622,DE0 61,DE0 96,30.72467509792181,49.74251850616992,0.0,0.0,scenario2,notwindy,fixed
8189,623,DE0 64,DE0 86,8.13119761318092,13.871270576445827,0.0,0.0,scenario2,notwindy,fixed
8190,624,DE0 7,DE0 80,6.218000694068589,15.39305010068926,0.0,0.0,scenario2,notwindy,fixed
8191,625,DE0 71,DE0 96,30.597898905259818,59.61144434501994,0.0,0.0,scenario2,notwindy,fixed
8192,626,DE0 74,DE0 88,10.78790051667159,16.66678486615904,0.0,0.0,scenario2,notwindy,fixed
8193,627,DE0 83,DE0 86,11.818093880511533,31.356945888162873,0.0,0.0,scenario2,notwindy,fixed
8194,63,DE0 116,DE0 190,18.75079979127442,47.08841608608279,0.0,0.0,scenario2,notwindy,fixed
8195,64,DE0 116,DE0 330,20.867038972447563,56.07436849531005,0.0,0.0,scenario2,notwindy,fixed
8196,65,DE0 117,DE0 203,10.392547525871993,20.98447478752811,0.0,0.0,scenario2,notwindy,fixed
8197,66,DE0 117,DE0 227,21.70154414986119,44.62627036482866,0.0,0.0,scenario2,notwindy,fixed
8198,67,DE0 118,DE0 145,7.734892985423264,16.37531481505742,0.0,0.0,scenario2,notwindy,fixed
8199,68,DE0 118,DE0 2,6.074158013066742,21.046714085346405,0.0,0.0,scenario2,notwindy,fixed
8200,69,DE0 119,DE0 149,7.465480727749746,12.702492379605415,0.0,0.0,scenario2,notwindy,fixed
8201,7,DE0 0,DE0 93,17.708542818155813,23.105748691833952,0.0,0.0,scenario2,notwindy,fixed
8202,70,DE0 119,DE0 198,16.10099709605206,28.631675364801623,0.0,0.0,scenario2,notwindy,fixed
8203,71,DE0 119,DE0 442,10.757482214268158,18.71223295738694,0.0,0.0,scenario2,notwindy,fixed
8204,72,DE0 12,DE0 96,5.648899986910335,10.297736408963411,0.0,0.0,scenario2,notwindy,fixed
8205,73,DE0 120,DE0 2,3.1770898403373113,7.315284947127811,0.0,0.0,scenario2,notwindy,fixed
8206,74,DE0 120,DE0 72,22.709449895019226,42.97583629841786,0.0,0.0,scenario2,notwindy,fixed
8207,75,DE0 121,DE0 290,11.709219121300448,28.986340933828554,0.0,0.0,scenario2,notwindy,fixed
8208,76,DE0 121,DE0 370,12.344443876834394,30.154874152521767,0.0,0.0,scenario2,notwindy,fixed
8209,77,DE0 122,DE0 226,36.91356181960923,62.69917585287801,1.0,0.0,scenario2,notwindy,fixed
8210,78,DE0 122,DE0 261,20.158523172163836,42.465211869012585,0.0,0.0,scenario2,notwindy,fixed
8211,79,DE0 122,DE0 64,12.632688897987862,34.33987991394585,0.0,0.0,scenario2,notwindy,fixed
8212,8,DE0 1,DE0 110,10.59789899716756,32.05851094939766,0.0,0.0,scenario2,notwindy,fixed
8213,80,DE0 122,DE0 86,8.857495045398462,13.069804553031458,0.0,0.0,scenario2,notwindy,fixed
8214,81,DE0 123,DE0 307,4.434556388460712,10.09106560162152,0.0,0.0,scenario2,notwindy,fixed
8215,82,DE0 123,DE0 325,2.5663964160362305,6.025524880272435,0.0,0.0,scenario2,notwindy,fixed
8216,83,DE0 124,DE0 240,16.749791885370755,29.48349850757181,0.0,0.0,scenario2,notwindy,fixed
8217,84,DE0 124,DE0 374,33.75457209882473,59.92080993100883,0.0,0.0,scenario2,notwindy,fixed
8218,85,DE0 124,DE0 77,22.80773216453719,37.97005964960717,0.0,0.0,scenario2,notwindy,fixed
8219,86,DE0 124,DE0 90,15.124375946939786,27.711192608189062,0.0,0.0,scenario2,notwindy,fixed
8220,87,DE0 125,DE0 233,6.188840843959866,13.21937958660474,0.0,0.0,scenario2,notwindy,fixed
8221,88,DE0 125,DE0 271,9.93668263343485,22.207242175999824,0.0,0.0,scenario2,notwindy,fixed
8222,89,DE0 126,DE0 181,9.498704524280074,27.12712691850796,0.0,0.0,scenario2,notwindy,fixed
8223,9,DE0 1,DE0 131,12.368394995439779,33.46294302577097,0.0,0.0,scenario2,notwindy,fixed
8224,90,DE0 126,DE0 250,14.89875506818791,40.09439749933086,0.0,0.0,scenario2,notwindy,fixed
8225,91,DE0 127,DE0 22,11.019444677106897,20.513752938612495,0.0,0.0,scenario2,notwindy,fixed
8226,92,DE0 127,DE0 233,7.100295762616894,17.903499061092536,0.0,0.0,scenario2,notwindy,fixed
8227,93,DE0 127,DE0 271,7.505683625096203,19.861075777989893,0.0,0.0,scenario2,notwindy,fixed
8228,94,DE0 128,DE0 174,15.884792813204276,30.037193208985506,0.0,0.0,scenario2,notwindy,fixed
8229,95,DE0 128,DE0 175,15.369036156795532,31.600189953291974,0.0,0.0,scenario2,notwindy,fixed
8230,96,DE0 129,DE0 330,9.381463512085235,31.157241969571896,0.0,0.0,scenario2,notwindy,fixed
8231,97,DE0 129,DE0 390,5.729194739082107,18.87277686138649,0.0,0.0,scenario2,notwindy,fixed
8232,98,DE0 13,DE0 329,32.4656078479282,46.7009541352991,0.0,0.0,scenario2,notwindy,fixed
8233,99,DE0 13,DE0 69,69.777747453778,69.77781306749661,24.0,0.0,scenario2,notwindy,fixed
8234,0,DE0 0,DE0 243,48.80264703713381,52.318381940026846,0.0,0.0,scenario2,windvariability,fixed
8235,1,DE0 0,DE0 329,31.478509841010084,44.33754046940193,0.0,0.0,scenario2,windvariability,fixed
8236,10,DE0 1,DE0 150,69.30460590024322,69.44721378881447,24.0,0.0,scenario2,windvariability,fixed
8237,100,DE0 130,DE0 153,4.23357173881396,9.678074354602296,0.0,0.0,scenario2,windvariability,fixed
8238,101,DE0 130,DE0 347,7.646526872107239,12.018640673761285,0.0,0.0,scenario2,windvariability,fixed
8239,102,DE0 130,DE0 402,8.760063497735176,12.869274042206778,0.0,0.0,scenario2,windvariability,fixed
8240,103,DE0 131,DE0 33,61.85052957073781,64.14068493424939,20.0,0.0,scenario2,windvariability,fixed
8241,104,DE0 131,DE0 415,33.510538238393046,44.59143400409582,0.0,0.0,scenario2,windvariability,fixed
8242,105,DE0 131,DE0 71,28.82659439710692,46.71524520859827,0.0,0.0,scenario2,windvariability,fixed
8243,106,DE0 131,DE0 96,28.618617978405798,45.589097276261796,0.0,0.0,scenario2,windvariability,fixed
8244,107,DE0 132,DE0 24,49.06607257843361,69.348477835866,6.0,0.0,scenario2,windvariability,fixed
8245,108,DE0 132,DE0 259,35.360379052917196,55.09346051680537,0.0,0.0,scenario2,windvariability,fixed
8246,109,DE0 132,DE0 42,14.893518784745593,46.07517896045113,0.0,0.0,scenario2,windvariability,fixed
8247,11,DE0 1,DE0 209,22.259824609819955,30.62556801080095,0.0,0.0,scenario2,windvariability,fixed
8248,110,DE0 133,DE0 312,12.03523179264763,22.63765220826971,0.0,0.0,scenario2,windvariability,fixed
8249,111,DE0 133,DE0 316,28.572125782513552,32.40091984016293,0.0,0.0,scenario2,windvariability,fixed
8250,112,DE0 133,DE0 371,39.89950817331247,46.182057599564516,0.0,0.0,scenario2,windvariability,fixed
8251,113,DE0 133,DE0 412,41.410631434649844,47.016811610739204,0.0,0.0,scenario2,windvariability,fixed
8252,114,DE0 134,DE0 145,16.368033005843994,29.812206255043343,0.0,0.0,scenario2,windvariability,fixed
8253,115,DE0 134,DE0 274,52.22463591151214,65.26376134509715,8.0,0.0,scenario2,windvariability,fixed
8254,116,DE0 134,DE0 423,32.215012550997905,37.551457144100716,0.0,0.0,scenario2,windvariability,fixed
8255,117,DE0 135,DE0 300,51.39503490174998,64.16388291009821,7.0,0.0,scenario2,windvariability,fixed
8256,118,DE0 135,DE0 313,51.97976333707018,64.95885020157982,6.0,0.0,scenario2,windvariability,fixed
8257,119,DE0 136,DE0 317,68.8792894065525,69.92000303036136,22.0,0.0,scenario2,windvariability,fixed
8258,12,DE0 10,DE0 219,69.19542003808702,69.76646896827657,24.0,0.0,scenario2,windvariability,fixed
8259,120,DE0 136,DE0 32,22.18978997477939,32.491753703797805,0.0,0.0,scenario2,windvariability,fixed
8260,121,DE0 136,DE0 43,7.190475989002337,13.095289609641467,0.0,0.0,scenario2,windvariability,fixed
8261,122,DE0 136,DE0 72,44.23825390380804,62.02479375956989,3.0,0.0,scenario2,windvariability,fixed
8262,123,DE0 137,DE0 22,37.552484199545184,61.86892515057725,2.0,0.0,scenario2,windvariability,fixed
8263,124,DE0 137,DE0 61,38.28983168473661,58.59928971680631,0.0,0.0,scenario2,windvariability,fixed
8264,125,DE0 138,DE0 174,14.940635828345936,20.556104628152376,0.0,0.0,scenario2,windvariability,fixed
8265,126,DE0 138,DE0 194,41.78357114892374,55.04556735590155,0.0,0.0,scenario2,windvariability,fixed
8266,127,DE0 138,DE0 420,17.974727053496345,25.94654627196421,0.0,0.0,scenario2,windvariability,fixed
8267,128,DE0 139,DE0 209,24.552999846278286,49.02751611612663,0.0,0.0,scenario2,windvariability,fixed
8268,129,DE0 139,DE0 281,11.162585897634386,22.347180682903765,0.0,0.0,scenario2,windvariability,fixed
8269,13,DE0 10,DE0 382,19.92468359702396,25.79018841720755,0.0,0.0,scenario2,windvariability,fixed
8270,130,DE0 14,DE0 38,18.433841917055602,24.869967274858045,0.0,0.0,scenario2,windvariability,fixed
8271,131,DE0 14,DE0 58,25.29529925689797,35.270373903931535,0.0,0.0,scenario2,windvariability,fixed
8272,132,DE0 140,DE0 219,27.318116265555226,28.576710958673857,0.0,0.0,scenario2,windvariability,fixed
8273,133,DE0 140,DE0 369,31.510392827346184,35.257974651220145,0.0,0.0,scenario2,windvariability,fixed
8274,134,DE0 140,DE0 429,7.062561883955428,10.154542933442992,0.0,0.0,scenario2,windvariability,fixed
8275,135,DE0 141,DE0 265,11.712003554831206,13.416450165684429,0.0,0.0,scenario2,windvariability,fixed
8276,136,DE0 141,DE0 337,17.56998929282357,18.502573845427108,0.0,0.0,scenario2,windvariability,fixed
8277,137,DE0 141,DE0 363,12.697866656024678,18.998840968296516,0.0,0.0,scenario2,windvariability,fixed
8278,138,DE0 141,DE0 427,22.729216180429958,24.174189040835227,0.0,0.0,scenario2,windvariability,fixed
8279,139,DE0 142,DE0 267,37.244803330303206,59.86965272880688,0.0,0.0,scenario2,windvariability,fixed
8280,14,DE0 10,DE0 49,34.43611094927736,37.992394041433016,0.0,0.0,scenario2,windvariability,fixed
8281,140,DE0 142,DE0 434,36.78979580721516,60.744667411091804,3.0,0.0,scenario2,windvariability,fixed
8282,141,DE0 143,DE0 373,0.8001445780321214,0.9323844113736792,0.0,0.0,scenario2,windvariability,fixed
8283,142,DE0 143,DE0 449,0.9401761102848764,1.0948851010203438,0.0,0.0,scenario2,windvariability,fixed
8284,143,DE0 144,DE0 213,35.59462991119404,40.30978390858005,0.0,0.0,scenario2,windvariability,fixed
8285,144,DE0 144,DE0 382,54.12712348913923,59.9490118780608,0.0,0.0,scenario2,windvariability,fixed
8286,145,DE0 146,DE0 187,53.11990760413856,69.57501253447596,12.0,0.0,scenario2,windvariability,fixed
8287,146,DE0 146,DE0 24,29.09019814328501,59.98238008801883,0.0,0.0,scenario2,windvariability,fixed
8288,147,DE0 146,DE0 262,38.40512818752042,53.86202151170275,0.0,0.0,scenario2,windvariability,fixed
8289,148,DE0 147,DE0 196,23.38091024898699,43.75394074794865,0.0,0.0,scenario2,windvariability,fixed
8290,149,DE0 147,DE0 36,18.80781203865062,36.51387672451167,0.0,0.0,scenario2,windvariability,fixed
8291,15,DE0 100,DE0 245,25.435880300516867,42.40184818829655,0.0,0.0,scenario2,windvariability,fixed
8292,150,DE0 148,DE0 214,26.577955627035593,32.56557526529235,0.0,0.0,scenario2,windvariability,fixed
8293,151,DE0 148,DE0 45,21.70742493886082,26.572456169131087,0.0,0.0,scenario2,windvariability,fixed
8294,152,DE0 148,DE0 60,14.015123280556654,28.69233109824203,0.0,0.0,scenario2,windvariability,fixed
8295,153,DE0 149,DE0 198,9.192003459821073,13.740549116432375,0.0,0.0,scenario2,windvariability,fixed
8296,154,DE0 15,DE0 250,17.738657190611132,36.95687954245025,0.0,0.0,scenario2,windvariability,fixed
8297,155,DE0 15,DE0 419,26.714298356687944,54.56689617223688,0.0,0.0,scenario2,windvariability,fixed
8298,156,DE0 150,DE0 189,46.8332978229637,53.34195873177998,0.0,0.0,scenario2,windvariability,fixed
8299,157,DE0 150,DE0 408,31.027793523259245,43.628479617226766,0.0,0.0,scenario2,windvariability,fixed
8300,158,DE0 151,DE0 20,3.15663256237956,7.888521571394304,0.0,0.0,scenario2,windvariability,fixed
8301,159,DE0 151,DE0 410,4.693715973646235,9.02214298575309,0.0,0.0,scenario2,windvariability,fixed
8302,16,DE0 100,DE0 303,3.899694016604131,8.25145225907016,0.0,0.0,scenario2,windvariability,fixed
8303,160,DE0 151,DE0 78,3.2566961953428266,8.448529977963268,0.0,0.0,scenario2,windvariability,fixed
8304,161,DE0 152,DE0 258,25.266749552012797,30.550612639510334,0.0,0.0,scenario2,windvariability,fixed
8305,162,DE0 152,DE0 356,30.510732911890177,36.015810766989695,0.0,0.0,scenario2,windvariability,fixed
8306,163,DE0 153,DE0 40,4.712477669201453,11.716094243342036,0.0,0.0,scenario2,windvariability,fixed
8307,164,DE0 154,DE0 256,37.229449250161764,49.612852212789086,0.0,0.0,scenario2,windvariability,fixed
8308,165,DE0 154,DE0 72,10.28125466872109,13.307010160772325,0.0,0.0,scenario2,windvariability,fixed
8309,166,DE0 155,DE0 247,22.193076578876244,33.10747077627704,0.0,0.0,scenario2,windvariability,fixed
8310,167,DE0 155,DE0 292,69.97163039420742,69.97163179568776,24.0,0.0,scenario2,windvariability,fixed
8311,168,DE0 156,DE0 22,38.82840068639879,58.7606190216599,0.0,0.0,scenario2,windvariability,fixed
8312,169,DE0 156,DE0 48,51.79388384898815,69.19700380324161,10.0,0.0,scenario2,windvariability,fixed
8313,17,DE0 100,DE0 352,43.86063348573816,59.4178230315455,0.0,0.0,scenario2,windvariability,fixed
8314,170,DE0 157,DE0 251,46.57137735774673,49.91537952913901,0.0,0.0,scenario2,windvariability,fixed
8315,171,DE0 157,DE0 304,41.95820526363885,44.784453738933315,0.0,0.0,scenario2,windvariability,fixed
8316,172,DE0 158,DE0 361,5.3592994013967115,15.555529202061653,0.0,0.0,scenario2,windvariability,fixed
8317,173,DE0 158,DE0 389,39.47681989292912,47.78200895218137,0.0,0.0,scenario2,windvariability,fixed
8318,174,DE0 159,DE0 234,16.80477346239698,23.006940504674887,0.0,0.0,scenario2,windvariability,fixed
8319,175,DE0 159,DE0 252,36.63428166656646,50.84139183141777,0.0,0.0,scenario2,windvariability,fixed
8320,176,DE0 159,DE0 279,2.064126018268163,2.953277441187399,0.0,0.0,scenario2,windvariability,fixed
8321,177,DE0 159,DE0 405,2.535772626857674,4.722666224522945,0.0,0.0,scenario2,windvariability,fixed
8322,178,DE0 16,DE0 304,69.84860280459445,69.84860742643822,24.0,0.0,scenario2,windvariability,fixed
8323,179,DE0 16,DE0 311,43.609013440919526,44.42737386441779,0.0,0.0,scenario2,windvariability,fixed
8324,18,DE0 100,DE0 422,25.47943924586344,38.785382276599385,0.0,0.0,scenario2,windvariability,fixed
8325,180,DE0 160,DE0 182,10.755958457081057,24.991102158022446,0.0,0.0,scenario2,windvariability,fixed
8326,181,DE0 160,DE0 237,9.883320800309615,21.949481627328534,0.0,0.0,scenario2,windvariability,fixed
8327,182,DE0 160,DE0 349,21.788839410519316,45.11631404855527,0.0,0.0,scenario2,windvariability,fixed
8328,183,DE0 160,DE0 37,9.263231240282472,21.713478224954503,0.0,0.0,scenario2,windvariability,fixed
8329,184,DE0 160,DE0 393,8.877423738896189,32.61621998057221,0.0,0.0,scenario2,windvariability,fixed
8330,185,DE0 160,DE0 62,13.8937475098321,32.750405378904226,0.0,0.0,scenario2,windvariability,fixed
8331,186,DE0 161,DE0 186,30.80433736377401,46.08340269800801,0.0,0.0,scenario2,windvariability,fixed
8332,187,DE0 161,DE0 230,49.88884102082886,67.84020078310988,9.0,0.0,scenario2,windvariability,fixed
8333,188,DE0 161,DE0 4,20.74395345845581,40.52776504212483,0.0,0.0,scenario2,windvariability,fixed
8334,189,DE0 161,DE0 68,53.12954045773844,68.32722799677788,11.0,0.0,scenario2,windvariability,fixed
8335,19,DE0 101,DE0 229,13.641295201919185,18.13584906283885,0.0,0.0,scenario2,windvariability,fixed
8336,190,DE0 162,DE0 324,42.5817460307711,52.941716148654905,0.0,0.0,scenario2,windvariability,fixed
8337,191,DE0 163,DE0 205,14.80552981774141,18.892406328711818,0.0,0.0,scenario2,windvariability,fixed
8338,192,DE0 163,DE0 330,6.548384717021813,14.177473108187963,0.0,0.0,scenario2,windvariability,fixed
8339,193,DE0 163,DE0 390,46.684143783701344,47.91100243103478,0.0,0.0,scenario2,windvariability,fixed
8340,194,DE0 164,DE0 180,4.532330105916914,7.864267224694076,0.0,0.0,scenario2,windvariability,fixed
8341,195,DE0 164,DE0 47,1.9748096924908902,5.293460891930222,0.0,0.0,scenario2,windvariability,fixed
8342,196,DE0 164,DE0 78,4.543197562408382,13.345655480844945,0.0,0.0,scenario2,windvariability,fixed
8343,197,DE0 165,DE0 249,17.272575115875842,25.42056081858571,0.0,0.0,scenario2,windvariability,fixed
8344,198,DE0 165,DE0 412,35.25199387829437,50.87223867928012,0.0,0.0,scenario2,windvariability,fixed
8345,199,DE0 166,DE0 253,15.779800418418485,28.357175361790993,0.0,0.0,scenario2,windvariability,fixed
8346,2,DE0 0,DE0 367,4.843142490385821,13.981782355664482,0.0,0.0,scenario2,windvariability,fixed
8347,20,DE0 101,DE0 232,15.28614320953278,17.895089563255926,0.0,0.0,scenario2,windvariability,fixed
8348,200,DE0 166,DE0 335,25.08590584142666,49.34372176854892,0.0,0.0,scenario2,windvariability,fixed
8349,201,DE0 167,DE0 174,11.104109567611868,19.50085170267491,0.0,0.0,scenario2,windvariability,fixed
8350,202,DE0 167,DE0 397,35.73982743355694,54.32107475606306,0.0,0.0,scenario2,windvariability,fixed
8351,203,DE0 167,DE0 67,10.575646928275988,28.77580671723375,0.0,0.0,scenario2,windvariability,fixed
8352,204,DE0 168,DE0 221,26.854407749799584,47.03468453630522,0.0,0.0,scenario2,windvariability,fixed
8353,205,DE0 168,DE0 233,25.428244992969706,42.28622739091833,0.0,0.0,scenario2,windvariability,fixed
8354,206,DE0 168,DE0 296,19.89443957929199,33.68662244094776,0.0,0.0,scenario2,windvariability,fixed
8355,207,DE0 169,DE0 200,57.936613880820175,69.45242774350322,11.0,0.0,scenario2,windvariability,fixed
8356,208,DE0 169,DE0 367,52.738242621073994,62.33742884773894,2.0,0.0,scenario2,windvariability,fixed
8357,209,DE0 17,DE0 177,24.00859673372439,37.47768635506108,0.0,0.0,scenario2,windvariability,fixed
8358,21,DE0 102,DE0 115,15.871672107773993,23.675240594391486,0.0,0.0,scenario2,windvariability,fixed
8359,210,DE0 17,DE0 330,44.53502914652693,53.43800623952213,0.0,0.0,scenario2,windvariability,fixed
8360,211,DE0 170,DE0 231,35.55538023573083,40.50066027918335,0.0,0.0,scenario2,windvariability,fixed
8361,212,DE0 170,DE0 258,24.619049518272558,29.822336987392973,0.0,0.0,scenario2,windvariability,fixed
8362,213,DE0 170,DE0 34,5.235022436747496,8.733284241847066,0.0,0.0,scenario2,windvariability,fixed
8363,214,DE0 171,DE0 288,15.495215007669746,17.082665722821673,0.0,0.0,scenario2,windvariability,fixed
8364,215,DE0 171,DE0 306,4.521077847894463,5.936962801146199,0.0,0.0,scenario2,windvariability,fixed
8365,216,DE0 171,DE0 348,12.038367638469357,14.45395517974675,0.0,0.0,scenario2,windvariability,fixed
8366,217,DE0 171,DE0 355,36.10724609783225,40.594845294052945,0.0,0.0,scenario2,windvariability,fixed
8367,218,DE0 172,DE0 59,16.241835369207905,31.3380498458446,0.0,0.0,scenario2,windvariability,fixed
8368,219,DE0 172,DE0 80,12.42472260206073,16.57711300616087,0.0,0.0,scenario2,windvariability,fixed
8369,22,DE0 102,DE0 46,60.38143524882741,69.59522299291325,11.0,0.0,scenario2,windvariability,fixed
8370,220,DE0 172,DE0 83,20.305098750451954,25.68047830313746,0.0,0.0,scenario2,windvariability,fixed
8371,221,DE0 173,DE0 222,14.379134872874749,15.945551028289673,0.0,0.0,scenario2,windvariability,fixed
8372,222,DE0 173,DE0 381,3.8512803208992317,6.05870100373729,0.0,0.0,scenario2,windvariability,fixed
8373,223,DE0 174,DE0 425,2.273739719918267,9.684122992890549,0.0,0.0,scenario2,windvariability,fixed
8374,224,DE0 175,DE0 199,36.93143956855165,56.00268831400238,0.0,0.0,scenario2,windvariability,fixed
8375,225,DE0 175,DE0 434,33.896677125211525,51.40105376200109,0.0,0.0,scenario2,windvariability,fixed
8376,226,DE0 175,DE0 438,53.400430148134916,68.43738888432831,13.0,0.0,scenario2,windvariability,fixed
8377,227,DE0 176,DE0 22,40.175354001972416,50.935869870222206,0.0,0.0,scenario2,windvariability,fixed
8378,228,DE0 176,DE0 303,51.16807679673631,68.33590838686736,13.0,0.0,scenario2,windvariability,fixed
8379,229,DE0 176,DE0 352,32.23710681111312,42.31777125707907,0.0,0.0,scenario2,windvariability,fixed
8380,23,DE0 102,DE0 96,51.17312249879246,67.5673099218933,6.0,0.0,scenario2,windvariability,fixed
8381,230,DE0 177,DE0 85,11.780753957812387,17.477805602663377,0.0,0.0,scenario2,windvariability,fixed
8382,231,DE0 178,DE0 276,31.427219351754427,36.98850843115052,0.0,0.0,scenario2,windvariability,fixed
8383,232,DE0 178,DE0 395,33.3736239509729,38.897846823536035,0.0,0.0,scenario2,windvariability,fixed
8384,233,DE0 179,DE0 224,24.25053159962762,29.289704718407037,0.0,0.0,scenario2,windvariability,fixed
8385,234,DE0 179,DE0 50,22.145617410210324,25.77953049367293,0.0,0.0,scenario2,windvariability,fixed
8386,235,DE0 18,DE0 282,52.083844247270406,57.50198484921994,0.0,0.0,scenario2,windvariability,fixed
8387,236,DE0 18,DE0 306,29.841161828151723,34.93815493981447,0.0,0.0,scenario2,windvariability,fixed
8388,237,DE0 18,DE0 418,22.479045840680442,27.54317227976558,0.0,0.0,scenario2,windvariability,fixed
8389,238,DE0 180,DE0 26,10.254098616372232,22.755405601066872,0.0,0.0,scenario2,windvariability,fixed
8390,239,DE0 180,DE0 47,7.344569090762441,12.549090649647738,0.0,0.0,scenario2,windvariability,fixed
8391,24,DE0 103,DE0 148,6.356619322731605,19.01710907113752,0.0,0.0,scenario2,windvariability,fixed
8392,240,DE0 181,DE0 250,54.26004822438054,69.77804021576347,11.0,0.0,scenario2,windvariability,fixed
8393,241,DE0 181,DE0 269,30.00551553880215,61.73434892026025,2.0,0.0,scenario2,windvariability,fixed
8394,242,DE0 181,DE0 44,39.066513275081235,49.006911473707774,0.0,0.0,scenario2,windvariability,fixed
8395,243,DE0 182,DE0 62,6.285585585800511,19.983163179865766,0.0,0.0,scenario2,windvariability,fixed
8396,244,DE0 183,DE0 241,40.112448889023035,63.02924031412649,5.0,0.0,scenario2,windvariability,fixed
8397,245,DE0 183,DE0 327,39.86988311964097,62.05657089123734,5.0,0.0,scenario2,windvariability,fixed
8398,246,DE0 184,DE0 26,21.998348193061027,30.491341749802288,0.0,0.0,scenario2,windvariability,fixed
8399,247,DE0 184,DE0 261,14.755924251236443,18.31541647707987,0.0,0.0,scenario2,windvariability,fixed
8400,248,DE0 184,DE0 329,67.1746317245061,68.35356653126487,24.0,0.0,scenario2,windvariability,fixed
8401,249,DE0 184,DE0 69,20.01572358972235,50.924003074210745,0.0,0.0,scenario2,windvariability,fixed
8402,25,DE0 103,DE0 54,3.4427779513661516,8.015370852479384,0.0,0.0,scenario2,windvariability,fixed
8403,250,DE0 185,DE0 205,12.052117285020703,15.868311938548937,0.0,0.0,scenario2,windvariability,fixed
8404,251,DE0 185,DE0 441,9.925401230262574,15.571166705643623,0.0,0.0,scenario2,windvariability,fixed
8405,252,DE0 186,DE0 82,34.03678514837975,47.59561773315719,0.0,0.0,scenario2,windvariability,fixed
8406,253,DE0 187,DE0 436,43.621906996173806,61.42158469600976,2.0,0.0,scenario2,windvariability,fixed
8407,254,DE0 188,DE0 309,14.02787306242149,38.557057992434515,0.0,0.0,scenario2,windvariability,fixed
8408,255,DE0 188,DE0 40,9.36916854464444,23.06493064843552,0.0,0.0,scenario2,windvariability,fixed
8409,256,DE0 188,DE0 410,1.8703589050043354,2.625396121840314,0.0,0.0,scenario2,windvariability,fixed
8410,257,DE0 189,DE0 73,31.28666783618525,34.814996334490814,0.0,0.0,scenario2,windvariability,fixed
8411,258,DE0 19,DE0 299,1.0609120136775756,1.55036375389777,0.0,0.0,scenario2,windvariability,fixed
8412,259,DE0 19,DE0 411,1.325655751045183,2.0017208458070352,0.0,0.0,scenario2,windvariability,fixed
8413,26,DE0 103,DE0 9,11.605310374810134,19.396933099342426,0.0,0.0,scenario2,windvariability,fixed
8414,260,DE0 190,DE0 330,34.955815394681125,46.210276925004244,0.0,0.0,scenario2,windvariability,fixed
8415,261,DE0 191,DE0 435,27.289511297658404,36.60538172104498,0.0,0.0,scenario2,windvariability,fixed
8416,262,DE0 191,DE0 89,16.810250620804677,23.378388252714114,0.0,0.0,scenario2,windvariability,fixed
8417,263,DE0 192,DE0 319,19.358225018621166,39.69791157463938,0.0,0.0,scenario2,windvariability,fixed
8418,264,DE0 192,DE0 349,25.940671079145677,39.73074502848661,0.0,0.0,scenario2,windvariability,fixed
8419,265,DE0 192,DE0 403,38.115953845554614,63.186739781645194,2.0,0.0,scenario2,windvariability,fixed
8420,266,DE0 193,DE0 229,6.194367088719294,10.536253281429834,0.0,0.0,scenario2,windvariability,fixed
8421,267,DE0 193,DE0 3,7.610069307737266,11.108072585003608,0.0,0.0,scenario2,windvariability,fixed
8422,268,DE0 193,DE0 342,9.155064129382684,14.111845211831836,0.0,0.0,scenario2,windvariability,fixed
8423,269,DE0 193,DE0 356,12.841651612510862,18.007424327373016,0.0,0.0,scenario2,windvariability,fixed
8424,27,DE0 104,DE0 201,12.603023725526471,17.834965411244944,0.0,0.0,scenario2,windvariability,fixed
8425,270,DE0 194,DE0 76,47.79142441508635,65.00282022046657,6.0,0.0,scenario2,windvariability,fixed
8426,271,DE0 195,DE0 264,37.830961027009735,42.92167264257362,0.0,0.0,scenario2,windvariability,fixed
8427,272,DE0 195,DE0 301,32.54581541147946,38.84053268478,0.0,0.0,scenario2,windvariability,fixed
8428,273,DE0 196,DE0 377,47.843677967287974,69.95509803279643,4.0,0.0,scenario2,windvariability,fixed
8429,274,DE0 197,DE0 356,8.455794851630278,11.10420896074986,0.0,0.0,scenario2,windvariability,fixed
8430,275,DE0 197,DE0 371,22.686550760271725,25.911586242456004,0.0,0.0,scenario2,windvariability,fixed
8431,276,DE0 198,DE0 239,29.47596286857695,34.80978125909576,0.0,0.0,scenario2,windvariability,fixed
8432,277,DE0 198,DE0 248,7.632840401970148,8.997527118378477,0.0,0.0,scenario2,windvariability,fixed
8433,278,DE0 199,DE0 432,17.53857404918165,27.813655675878717,0.0,0.0,scenario2,windvariability,fixed
8434,279,DE0 2,DE0 233,3.8252300327949276,12.50860694954619,0.0,0.0,scenario2,windvariability,fixed
8435,28,DE0 104,DE0 206,34.00831968765505,40.46599979590303,0.0,0.0,scenario2,windvariability,fixed
8436,280,DE0 2,DE0 256,32.498252675859824,44.92627878771868,0.0,0.0,scenario2,windvariability,fixed
8437,281,DE0 2,DE0 72,28.045772861272955,37.42947358083499,0.0,0.0,scenario2,windvariability,fixed
8438,282,DE0 20,DE0 410,5.814343003175148,9.698799492224179,0.0,0.0,scenario2,windvariability,fixed
8439,283,DE0 200,DE0 242,4.184112821352911,8.682724102676461,0.0,0.0,scenario2,windvariability,fixed
8440,284,DE0 200,DE0 386,48.42438404219588,54.013984184689654,0.0,0.0,scenario2,windvariability,fixed
8441,285,DE0 200,DE0 440,7.055669385813711,11.565435543990162,0.0,0.0,scenario2,windvariability,fixed
8442,286,DE0 200,DE0 99,49.43731808544633,54.97078915919329,0.0,0.0,scenario2,windvariability,fixed
8443,287,DE0 201,DE0 206,25.338258905200494,30.675720238355765,0.0,0.0,scenario2,windvariability,fixed
8444,288,DE0 201,DE0 212,31.398941200422342,48.3205728911898,0.0,0.0,scenario2,windvariability,fixed
8445,289,DE0 201,DE0 399,5.183394232199399,6.200429382453636,0.0,0.0,scenario2,windvariability,fixed
8446,29,DE0 104,DE0 428,12.464391561118065,17.128914024516444,0.0,0.0,scenario2,windvariability,fixed
8447,290,DE0 201,DE0 428,3.202753144640117,4.931308278389539,0.0,0.0,scenario2,windvariability,fixed
8448,291,DE0 202,DE0 298,58.347832533869656,69.92331326014383,13.0,0.0,scenario2,windvariability,fixed
8449,292,DE0 202,DE0 322,39.13666623049073,58.07641712652628,0.0,0.0,scenario2,windvariability,fixed
8450,293,DE0 202,DE0 360,30.590358690095115,39.21376091191184,0.0,0.0,scenario2,windvariability,fixed
8451,294,DE0 202,DE0 397,6.432476642497946,14.223513677838074,0.0,0.0,scenario2,windvariability,fixed
8452,295,DE0 202,DE0 48,36.70230333409943,50.33599394451605,0.0,0.0,scenario2,windvariability,fixed
8453,296,DE0 202,DE0 82,44.46110188256482,64.20284809374903,5.0,0.0,scenario2,windvariability,fixed
8454,297,DE0 203,DE0 212,42.01666673824886,50.14244616807139,0.0,0.0,scenario2,windvariability,fixed
8455,298,DE0 203,DE0 227,59.14880685911269,62.026727615983944,9.0,0.0,scenario2,windvariability,fixed
8456,299,DE0 203,DE0 358,40.499561513571464,48.055932957718994,0.0,0.0,scenario2,windvariability,fixed
8457,3,DE0 0,DE0 55,4.7437102843010415,13.71673748175943,0.0,0.0,scenario2,windvariability,fixed
8458,30,DE0 105,DE0 260,24.564664954974454,26.915243948420674,0.0,0.0,scenario2,windvariability,fixed
8459,300,DE0 204,DE0 367,54.79337913370143,63.95264348244459,3.0,0.0,scenario2,windvariability,fixed
8460,301,DE0 204,DE0 46,54.31277539030982,63.413504244885864,2.0,0.0,scenario2,windvariability,fixed
8461,302,DE0 206,DE0 212,31.291473060564567,43.875876949474836,0.0,0.0,scenario2,windvariability,fixed
8462,303,DE0 206,DE0 290,41.350956872318726,50.90725842419515,0.0,0.0,scenario2,windvariability,fixed
8463,304,DE0 207,DE0 40,12.829097515526621,17.0930736927021,0.0,0.0,scenario2,windvariability,fixed
8464,305,DE0 207,DE0 54,10.524413547855012,15.423420052292006,0.0,0.0,scenario2,windvariability,fixed
8465,306,DE0 208,DE0 28,24.230865551955098,32.41978041545071,0.0,0.0,scenario2,windvariability,fixed
8466,307,DE0 208,DE0 307,27.175938962406114,39.96643423698311,0.0,0.0,scenario2,windvariability,fixed
8467,308,DE0 21,DE0 234,24.66807322917371,30.2190386656081,0.0,0.0,scenario2,windvariability,fixed
8468,309,DE0 21,DE0 74,15.477608686276954,20.87327144998903,0.0,0.0,scenario2,windvariability,fixed
8469,31,DE0 105,DE0 34,2.811547732620749,9.360633898028295,0.0,0.0,scenario2,windvariability,fixed
8470,310,DE0 210,DE0 305,51.89405062852555,61.93182867931548,3.0,0.0,scenario2,windvariability,fixed
8471,311,DE0 210,DE0 400,51.177545269145774,63.25177682103177,1.0,0.0,scenario2,windvariability,fixed
8472,312,DE0 211,DE0 247,63.12467710542642,67.9315975979015,22.0,0.0,scenario2,windvariability,fixed
8473,313,DE0 211,DE0 362,36.23074548096564,40.025651078547234,0.0,0.0,scenario2,windvariability,fixed
8474,314,DE0 212,DE0 280,33.21943899487694,37.55107990764953,0.0,0.0,scenario2,windvariability,fixed
8475,315,DE0 212,DE0 300,52.38978010720802,66.74344765119208,7.0,0.0,scenario2,windvariability,fixed
8476,316,DE0 212,DE0 358,42.6336476752339,50.99710915818873,0.0,0.0,scenario2,windvariability,fixed
8477,317,DE0 212,DE0 77,7.81257772058052,12.986285319743876,0.0,0.0,scenario2,windvariability,fixed
8478,318,DE0 213,DE0 342,14.990110302352763,18.854779550108212,0.0,0.0,scenario2,windvariability,fixed
8479,319,DE0 214,DE0 45,1.936067089549654,3.108014369524942,0.0,0.0,scenario2,windvariability,fixed
8480,32,DE0 105,DE0 354,44.320728507080915,54.7950937637923,0.0,0.0,scenario2,windvariability,fixed
8481,320,DE0 215,DE0 42,61.383456145134886,68.71783830054711,18.0,0.0,scenario2,windvariability,fixed
8482,321,DE0 216,DE0 277,19.66034555060213,22.923709840692194,0.0,0.0,scenario2,windvariability,fixed
8483,322,DE0 216,DE0 339,15.016935928507689,18.29393972309171,0.0,0.0,scenario2,windvariability,fixed
8484,323,DE0 216,DE0 429,13.237241018537627,15.775656414746736,0.0,0.0,scenario2,windvariability,fixed
8485,324,DE0 217,DE0 388,13.010395929405364,16.37869957610445,0.0,0.0,scenario2,windvariability,fixed
8486,325,DE0 217,DE0 46,44.36565901280587,55.99596137768999,0.0,0.0,scenario2,windvariability,fixed
8487,326,DE0 217,DE0 57,15.815370892864197,19.157825469277203,0.0,0.0,scenario2,windvariability,fixed
8488,327,DE0 218,DE0 406,25.38492866021035,26.831056515768914,0.0,0.0,scenario2,windvariability,fixed
8489,328,DE0 218,DE0 73,54.85510561497674,58.48368903595722,0.0,0.0,scenario2,windvariability,fixed
8490,329,DE0 22,DE0 296,15.74225511217287,33.00615784488747,0.0,0.0,scenario2,windvariability,fixed
8491,33,DE0 106,DE0 180,7.146925005480374,19.928406189480004,0.0,0.0,scenario2,windvariability,fixed
8492,330,DE0 22,DE0 352,57.75696846899786,69.29197699615001,15.0,0.0,scenario2,windvariability,fixed
8493,331,DE0 22,DE0 8,15.661674491880436,32.52800268250876,0.0,0.0,scenario2,windvariability,fixed
8494,332,DE0 220,DE0 336,8.94842277522745,16.978633362958103,0.0,0.0,scenario2,windvariability,fixed
8495,333,DE0 220,DE0 379,13.147161540785564,19.361125736345336,0.0,0.0,scenario2,windvariability,fixed
8496,334,DE0 221,DE0 274,55.07407683496843,69.81909155430941,15.0,0.0,scenario2,windvariability,fixed
8497,335,DE0 222,DE0 292,62.152927605575634,69.78709431864604,17.0,0.0,scenario2,windvariability,fixed
8498,336,DE0 222,DE0 311,40.85127646163297,41.748342249607425,0.0,0.0,scenario2,windvariability,fixed
8499,337,DE0 222,DE0 381,24.55566923328003,26.77912712456367,0.0,0.0,scenario2,windvariability,fixed
8500,338,DE0 222,DE0 74,29.069551939920395,31.975426338317998,0.0,0.0,scenario2,windvariability,fixed
8501,339,DE0 222,DE0 87,36.57861697717017,44.3254445230738,0.0,0.0,scenario2,windvariability,fixed
8502,34,DE0 106,DE0 275,6.93806477587779,19.448386434716085,0.0,0.0,scenario2,windvariability,fixed
8503,340,DE0 223,DE0 286,8.713482781996447,13.470614789192926,0.0,0.0,scenario2,windvariability,fixed
8504,341,DE0 223,DE0 295,13.164008112348682,17.504274820776395,0.0,0.0,scenario2,windvariability,fixed
8505,342,DE0 224,DE0 40,24.033009592682138,28.89433648867187,0.0,0.0,scenario2,windvariability,fixed
8506,343,DE0 225,DE0 425,58.28696912960035,69.60052446736655,14.0,0.0,scenario2,windvariability,fixed
8507,344,DE0 225,DE0 6,58.101453237566645,69.64819805355195,14.0,0.0,scenario2,windvariability,fixed
8508,345,DE0 226,DE0 424,25.393062575883967,33.87083333008724,0.0,0.0,scenario2,windvariability,fixed
8509,346,DE0 227,DE0 289,14.032785470948683,15.815364910225844,0.0,0.0,scenario2,windvariability,fixed
8510,347,DE0 227,DE0 334,7.535454414263054,11.916497095857544,0.0,0.0,scenario2,windvariability,fixed
8511,348,DE0 227,DE0 396,14.581502361018316,19.008018820165972,0.0,0.0,scenario2,windvariability,fixed
8512,349,DE0 228,DE0 325,1.5507290369547337,5.073757111582871,0.0,0.0,scenario2,windvariability,fixed
8513,35,DE0 107,DE0 154,29.675306260988005,36.614139236073726,0.0,0.0,scenario2,windvariability,fixed
8514,350,DE0 228,DE0 8,3.0798158473087356,7.500685192778913,0.0,0.0,scenario2,windvariability,fixed
8515,351,DE0 229,DE0 236,7.7314969020890345,11.406229790869814,0.0,0.0,scenario2,windvariability,fixed
8516,352,DE0 229,DE0 332,14.361634869956843,21.16650556959633,0.0,0.0,scenario2,windvariability,fixed
8517,353,DE0 229,DE0 449,1.539080787617194,1.7907141609673674,0.0,0.0,scenario2,windvariability,fixed
8518,354,DE0 23,DE0 380,25.371297234471733,28.825750157372532,0.0,0.0,scenario2,windvariability,fixed
8519,355,DE0 23,DE0 57,51.7340118859909,58.8233890441993,0.0,0.0,scenario2,windvariability,fixed
8520,356,DE0 230,DE0 24,37.807252683488834,56.19222983028668,0.0,0.0,scenario2,windvariability,fixed
8521,357,DE0 231,DE0 87,37.91947370450441,42.96882513846352,0.0,0.0,scenario2,windvariability,fixed
8522,358,DE0 232,DE0 382,17.278027218179425,19.730529356345848,0.0,0.0,scenario2,windvariability,fixed
8523,359,DE0 233,DE0 271,6.767258793027208,16.238448336816287,0.0,0.0,scenario2,windvariability,fixed
8524,36,DE0 107,DE0 38,32.33746806620748,41.552328777270844,0.0,0.0,scenario2,windvariability,fixed
8525,360,DE0 233,DE0 72,38.19180755439157,51.04840301707956,0.0,0.0,scenario2,windvariability,fixed
8526,361,DE0 234,DE0 88,18.315579182144205,23.64817576212219,0.0,0.0,scenario2,windvariability,fixed
8527,362,DE0 235,DE0 382,2.647350572640343,6.10123435546944,0.0,0.0,scenario2,windvariability,fixed
8528,363,DE0 235,DE0 384,2.7809454947827663,7.152906833644081,0.0,0.0,scenario2,windvariability,fixed
8529,364,DE0 236,DE0 260,26.984000931815615,29.54211150698886,0.0,0.0,scenario2,windvariability,fixed
8530,365,DE0 236,DE0 31,11.790201295626595,17.40762827292327,0.0,0.0,scenario2,windvariability,fixed
8531,366,DE0 237,DE0 37,9.753737617902004,12.305007111460709,0.0,0.0,scenario2,windvariability,fixed
8532,367,DE0 238,DE0 250,27.13686201501144,56.10444109424362,0.0,0.0,scenario2,windvariability,fixed
8533,368,DE0 238,DE0 445,26.839184720728138,55.59088259067851,0.0,0.0,scenario2,windvariability,fixed
8534,369,DE0 239,DE0 392,28.07550024070611,33.89680581674906,0.0,0.0,scenario2,windvariability,fixed
8535,37,DE0 108,DE0 246,47.1558630556381,69.91267572205457,12.0,0.0,scenario2,windvariability,fixed
8536,370,DE0 24,DE0 245,33.1489027034777,69.54097818845794,4.0,0.0,scenario2,windvariability,fixed
8537,371,DE0 24,DE0 259,51.84722279839892,69.1496710001447,8.0,0.0,scenario2,windvariability,fixed
8538,372,DE0 24,DE0 335,15.199851142403087,31.537650442284253,0.0,0.0,scenario2,windvariability,fixed
8539,373,DE0 24,DE0 68,40.96204296271903,62.275992836415504,1.0,0.0,scenario2,windvariability,fixed
8540,374,DE0 240,DE0 357,34.70198862241239,38.05235392807089,0.0,0.0,scenario2,windvariability,fixed
8541,375,DE0 241,DE0 322,40.10591118392925,60.756873361509214,3.0,0.0,scenario2,windvariability,fixed
8542,376,DE0 242,DE0 340,23.787321161906714,29.010452456793455,0.0,0.0,scenario2,windvariability,fixed
8543,377,DE0 242,DE0 99,28.077815584213095,32.83877428721081,0.0,0.0,scenario2,windvariability,fixed
8544,378,DE0 243,DE0 46,47.89014633977151,52.23104791863069,0.0,0.0,scenario2,windvariability,fixed
8545,379,DE0 244,DE0 366,9.850510460846484,17.519290979743904,0.0,0.0,scenario2,windvariability,fixed
8546,38,DE0 108,DE0 393,23.76885102845774,36.79123185304781,0.0,0.0,scenario2,windvariability,fixed
8547,380,DE0 244,DE0 448,12.631280015162396,16.619939767095765,0.0,0.0,scenario2,windvariability,fixed
8548,381,DE0 244,DE0 95,22.351164050853665,34.9977835747244,0.0,0.0,scenario2,windvariability,fixed
8549,382,DE0 245,DE0 422,24.34233944798595,40.8435217869617,0.0,0.0,scenario2,windvariability,fixed
8550,383,DE0 246,DE0 267,47.41061426350494,69.7904367186021,13.0,0.0,scenario2,windvariability,fixed
8551,384,DE0 247,DE0 74,43.7190009543427,49.61720679363267,0.0,0.0,scenario2,windvariability,fixed
8552,385,DE0 248,DE0 374,31.304011785169568,33.514768734269055,0.0,0.0,scenario2,windvariability,fixed
8553,386,DE0 248,DE0 66,20.99596652551339,30.65784902610153,0.0,0.0,scenario2,windvariability,fixed
8554,387,DE0 248,DE0 90,36.84911606288057,48.22871042575808,0.0,0.0,scenario2,windvariability,fixed
8555,388,DE0 249,DE0 36,8.990143433301444,26.037136365258057,0.0,0.0,scenario2,windvariability,fixed
8556,389,DE0 249,DE0 364,7.3857428216611245,12.930282803886978,0.0,0.0,scenario2,windvariability,fixed
8557,39,DE0 108,DE0 417,1.5511126178122785,3.5990598453270883,0.0,0.0,scenario2,windvariability,fixed
8558,390,DE0 25,DE0 50,47.69087650264256,53.008548506391676,0.0,0.0,scenario2,windvariability,fixed
8559,391,DE0 25,DE0 92,45.69640146061787,51.60169619979946,0.0,0.0,scenario2,windvariability,fixed
8560,392,DE0 250,DE0 56,50.57685628167876,60.72947865169303,2.0,0.0,scenario2,windvariability,fixed
8561,393,DE0 251,DE0 343,44.35361335016584,49.16734685100547,0.0,0.0,scenario2,windvariability,fixed
8562,394,DE0 251,DE0 385,1.6607870190183696,6.1073169274211985,0.0,0.0,scenario2,windvariability,fixed
8563,395,DE0 252,DE0 293,23.164887744547567,33.88736651419088,0.0,0.0,scenario2,windvariability,fixed
8564,396,DE0 252,DE0 344,13.595854452626119,19.948046373197002,0.0,0.0,scenario2,windvariability,fixed
8565,397,DE0 253,DE0 75,37.4468973846531,50.11326996169456,0.0,0.0,scenario2,windvariability,fixed
8566,398,DE0 254,DE0 283,14.38077669792365,15.833189297329323,0.0,0.0,scenario2,windvariability,fixed
8567,399,DE0 254,DE0 378,19.075633394655203,21.50694225695384,0.0,0.0,scenario2,windvariability,fixed
8568,4,DE0 0,DE0 59,33.54319783289246,40.75086577252583,0.0,0.0,scenario2,windvariability,fixed
8569,40,DE0 109,DE0 162,39.83229306764957,48.578939719948075,0.0,0.0,scenario2,windvariability,fixed
8570,400,DE0 254,DE0 99,27.16335238518233,30.462015164759165,0.0,0.0,scenario2,windvariability,fixed
8571,401,DE0 255,DE0 415,30.957429553453125,47.35230441795205,0.0,0.0,scenario2,windvariability,fixed
8572,402,DE0 255,DE0 76,38.1136603155134,53.14258787680106,0.0,0.0,scenario2,windvariability,fixed
8573,403,DE0 257,DE0 328,2.9384240410796068,5.9024592470047565,0.0,0.0,scenario2,windvariability,fixed
8574,404,DE0 257,DE0 336,8.39952056054807,11.842418076533221,0.0,0.0,scenario2,windvariability,fixed
8575,405,DE0 257,DE0 387,23.57580200142635,26.44844437163086,0.0,0.0,scenario2,windvariability,fixed
8576,406,DE0 258,DE0 34,13.30015518169329,16.693176501868113,0.0,0.0,scenario2,windvariability,fixed
8577,407,DE0 258,DE0 433,25.267664532470686,30.322589029435072,0.0,0.0,scenario2,windvariability,fixed
8578,408,DE0 26,DE0 69,24.11239428780849,35.947888259682784,0.0,0.0,scenario2,windvariability,fixed
8579,409,DE0 262,DE0 42,32.09309250654318,49.23653211970728,0.0,0.0,scenario2,windvariability,fixed
8580,41,DE0 109,DE0 215,36.21953242358418,42.66381277683375,0.0,0.0,scenario2,windvariability,fixed
8581,410,DE0 263,DE0 347,15.829700736458255,19.0772053806241,0.0,0.0,scenario2,windvariability,fixed
8582,411,DE0 263,DE0 9,13.285577646382615,17.224449343711253,0.0,0.0,scenario2,windvariability,fixed
8583,412,DE0 264,DE0 339,60.48011627812285,69.90057942207835,12.0,0.0,scenario2,windvariability,fixed
8584,413,DE0 264,DE0 363,32.188383727368574,36.525757107721674,0.0,0.0,scenario2,windvariability,fixed
8585,414,DE0 264,DE0 375,38.49721155559756,45.81538799622241,0.0,0.0,scenario2,windvariability,fixed
8586,415,DE0 265,DE0 306,32.90100792989415,37.61755510533042,0.0,0.0,scenario2,windvariability,fixed
8587,416,DE0 266,DE0 420,25.54498967228624,35.82541418134053,0.0,0.0,scenario2,windvariability,fixed
8588,417,DE0 266,DE0 67,26.4974681652906,35.008231297566326,0.0,0.0,scenario2,windvariability,fixed
8589,418,DE0 267,DE0 70,28.17992514713455,50.61911771017261,0.0,0.0,scenario2,windvariability,fixed
8590,419,DE0 268,DE0 336,3.0990120914689516,6.752646945831076,0.0,0.0,scenario2,windvariability,fixed
8591,42,DE0 11,DE0 360,29.137571383909794,37.48867487892651,0.0,0.0,scenario2,windvariability,fixed
8592,420,DE0 268,DE0 361,5.7704463300988476,10.540733824565018,0.0,0.0,scenario2,windvariability,fixed
8593,421,DE0 268,DE0 366,4.41309597898324,8.1848218336124,0.0,0.0,scenario2,windvariability,fixed
8594,422,DE0 268,DE0 95,4.19679151110425,9.794606396348929,0.0,0.0,scenario2,windvariability,fixed
8595,423,DE0 269,DE0 29,30.003029213833443,62.70580706448793,2.0,0.0,scenario2,windvariability,fixed
8596,424,DE0 27,DE0 283,6.0694814208909715,9.429347620780558,0.0,0.0,scenario2,windvariability,fixed
8597,425,DE0 27,DE0 333,7.190055787990164,12.339472694251635,0.0,0.0,scenario2,windvariability,fixed
8598,426,DE0 27,DE0 447,19.855225299026355,22.114999227956698,0.0,0.0,scenario2,windvariability,fixed
8599,427,DE0 270,DE0 350,20.15059798274235,26.459608515610643,0.0,0.0,scenario2,windvariability,fixed
8600,428,DE0 270,DE0 423,30.640527896061936,37.99568609433975,0.0,0.0,scenario2,windvariability,fixed
8601,429,DE0 270,DE0 426,43.384489511061844,55.449879322250084,0.0,0.0,scenario2,windvariability,fixed
8602,43,DE0 11,DE0 67,16.317064757434487,25.367018037323962,0.0,0.0,scenario2,windvariability,fixed
8603,430,DE0 271,DE0 61,33.22686450846688,57.52146652074461,0.0,0.0,scenario2,windvariability,fixed
8604,431,DE0 271,DE0 91,32.80237967592748,58.22443847369709,0.0,0.0,scenario2,windvariability,fixed
8605,432,DE0 272,DE0 385,17.52587534295456,20.762360572663184,0.0,0.0,scenario2,windvariability,fixed
8606,433,DE0 272,DE0 406,2.9461022131080443,4.395927499114475,0.0,0.0,scenario2,windvariability,fixed
8607,434,DE0 273,DE0 370,36.408593395385466,42.45666890698038,0.0,0.0,scenario2,windvariability,fixed
8608,435,DE0 273,DE0 407,32.622164942076154,38.91240401515421,0.0,0.0,scenario2,windvariability,fixed
8609,436,DE0 274,DE0 28,20.615780035097146,26.811270549751594,0.0,0.0,scenario2,windvariability,fixed
8610,437,DE0 275,DE0 309,6.067124199632482,16.82665714073111,0.0,0.0,scenario2,windvariability,fixed
8611,438,DE0 276,DE0 277,10.231027831445923,11.175477467047356,0.0,0.0,scenario2,windvariability,fixed
8612,439,DE0 276,DE0 396,17.75603924080539,21.383917068730906,0.0,0.0,scenario2,windvariability,fixed
8613,44,DE0 110,DE0 415,48.65586875966998,62.05095620015392,3.0,0.0,scenario2,windvariability,fixed
8614,440,DE0 277,DE0 369,4.02741192954622,8.07533487549675,0.0,0.0,scenario2,windvariability,fixed
8615,441,DE0 277,DE0 376,20.48283387023574,22.545893447877194,0.0,0.0,scenario2,windvariability,fixed
8616,442,DE0 278,DE0 296,37.207241746956974,48.563568096714064,0.0,0.0,scenario2,windvariability,fixed
8617,443,DE0 278,DE0 324,42.236083634033314,54.43111092819895,0.0,0.0,scenario2,windvariability,fixed
8618,444,DE0 279,DE0 405,1.5732347793132837,4.572662156368351,0.0,0.0,scenario2,windvariability,fixed
8619,445,DE0 280,DE0 439,33.26670496107661,36.85847104304851,0.0,0.0,scenario2,windvariability,fixed
8620,446,DE0 281,DE0 346,6.85053989925542,14.031948318271706,0.0,0.0,scenario2,windvariability,fixed
8621,447,DE0 281,DE0 52,23.824921227751226,35.83851057198644,0.0,0.0,scenario2,windvariability,fixed
8622,448,DE0 282,DE0 355,36.12252061574161,42.37895915019343,0.0,0.0,scenario2,windvariability,fixed
8623,449,DE0 282,DE0 365,39.04245968019032,44.43705735905088,0.0,0.0,scenario2,windvariability,fixed
8624,45,DE0 111,DE0 435,62.18436402215812,69.44341073005212,15.0,0.0,scenario2,windvariability,fixed
8625,450,DE0 282,DE0 389,25.506860359630508,27.907126747659827,0.0,0.0,scenario2,windvariability,fixed
8626,451,DE0 283,DE0 292,30.78994818560816,34.97689559028345,0.0,0.0,scenario2,windvariability,fixed
8627,452,DE0 283,DE0 331,14.857288791833339,18.39996980846241,0.0,0.0,scenario2,windvariability,fixed
8628,453,DE0 283,DE0 378,12.841919389830862,16.923905125333214,0.0,0.0,scenario2,windvariability,fixed
8629,454,DE0 284,DE0 308,16.722486621984977,21.348640584992175,0.0,0.0,scenario2,windvariability,fixed
8630,455,DE0 284,DE0 353,20.532055377356006,24.964877289283326,0.0,0.0,scenario2,windvariability,fixed
8631,456,DE0 285,DE0 301,30.381602990093313,37.13563462508968,0.0,0.0,scenario2,windvariability,fixed
8632,457,DE0 285,DE0 379,5.932337183197104,11.189403778484783,0.0,0.0,scenario2,windvariability,fixed
8633,458,DE0 285,DE0 382,23.150347347896545,25.628322663827852,0.0,0.0,scenario2,windvariability,fixed
8634,459,DE0 286,DE0 347,14.418532864955905,17.27339358393694,0.0,0.0,scenario2,windvariability,fixed
8635,46,DE0 111,DE0 66,21.17835994738347,28.22393225420991,0.0,0.0,scenario2,windvariability,fixed
8636,460,DE0 287,DE0 339,1.8948844805435956,3.723208040020671,0.0,0.0,scenario2,windvariability,fixed
8637,461,DE0 287,DE0 413,4.23088033320676,6.258791006677446,0.0,0.0,scenario2,windvariability,fixed
8638,462,DE0 287,DE0 416,2.962149990453967,4.055426762978286,0.0,0.0,scenario2,windvariability,fixed
8639,463,DE0 288,DE0 289,31.2557760518028,34.539400081409106,0.0,0.0,scenario2,windvariability,fixed
8640,464,DE0 289,DE0 337,18.641976860011464,19.59684154728748,0.0,0.0,scenario2,windvariability,fixed
8641,465,DE0 289,DE0 401,20.674934340523034,21.674096212184544,0.0,0.0,scenario2,windvariability,fixed
8642,466,DE0 29,DE0 383,25.652959634605704,48.163993723834395,0.0,0.0,scenario2,windvariability,fixed
8643,467,DE0 290,DE0 351,12.8274938413678,23.72080717511775,0.0,0.0,scenario2,windvariability,fixed
8644,468,DE0 291,DE0 356,29.571352720777845,35.06203131818712,0.0,0.0,scenario2,windvariability,fixed
8645,469,DE0 291,DE0 433,24.996588406550927,30.181572887688134,0.0,0.0,scenario2,windvariability,fixed
8646,47,DE0 112,DE0 349,47.613802451945745,69.97598645377201,13.0,0.0,scenario2,windvariability,fixed
8647,470,DE0 292,DE0 326,68.98602851679017,69.85834289960981,24.0,0.0,scenario2,windvariability,fixed
8648,471,DE0 292,DE0 340,45.61944926290786,52.35017611567911,0.0,0.0,scenario2,windvariability,fixed
8649,472,DE0 292,DE0 430,61.09376675165096,69.20399642380647,16.0,0.0,scenario2,windvariability,fixed
8650,473,DE0 293,DE0 344,27.513858359403105,40.178493658640726,0.0,0.0,scenario2,windvariability,fixed
8651,474,DE0 293,DE0 414,13.729195837863667,19.912007121730518,0.0,0.0,scenario2,windvariability,fixed
8652,475,DE0 294,DE0 394,54.06036369228474,65.86512802729571,5.0,0.0,scenario2,windvariability,fixed
8653,476,DE0 294,DE0 395,52.566733377006045,64.22006541604925,5.0,0.0,scenario2,windvariability,fixed
8654,477,DE0 295,DE0 378,8.168619796425997,10.419763308557755,0.0,0.0,scenario2,windvariability,fixed
8655,478,DE0 296,DE0 8,5.261262472708921,15.539794058542022,0.0,0.0,scenario2,windvariability,fixed
8656,479,DE0 297,DE0 394,33.76582875222283,40.46160428957257,0.0,0.0,scenario2,windvariability,fixed
8657,48,DE0 112,DE0 391,19.684423547379804,30.943660229331567,0.0,0.0,scenario2,windvariability,fixed
8658,480,DE0 297,DE0 90,30.409018057050712,41.48174246067251,0.0,0.0,scenario2,windvariability,fixed
8659,481,DE0 298,DE0 67,29.74390177980156,35.97216274151995,0.0,0.0,scenario2,windvariability,fixed
8660,482,DE0 299,DE0 411,0.862273082547267,1.231728726522132,0.0,0.0,scenario2,windvariability,fixed
8661,483,DE0 299,DE0 60,1.0441565829781867,2.214355697362751,0.0,0.0,scenario2,windvariability,fixed
8662,484,DE0 3,DE0 356,20.114457422138706,27.563244401068225,0.0,0.0,scenario2,windvariability,fixed
8663,485,DE0 30,DE0 399,11.530970255308807,12.626256629430937,0.0,0.0,scenario2,windvariability,fixed
8664,486,DE0 30,DE0 428,6.512840105985891,7.524088593704452,0.0,0.0,scenario2,windvariability,fixed
8665,487,DE0 30,DE0 77,57.10530292984024,68.29202576163709,12.0,0.0,scenario2,windvariability,fixed
8666,488,DE0 300,DE0 313,52.7436997577137,65.87924802500089,8.0,0.0,scenario2,windvariability,fixed
8667,489,DE0 302,DE0 447,13.602235027168346,15.153036105514586,0.0,0.0,scenario2,windvariability,fixed
8668,49,DE0 113,DE0 189,12.679346339285512,19.53004905557993,0.0,0.0,scenario2,windvariability,fixed
8669,490,DE0 302,DE0 99,22.14402296794223,24.627598603946893,0.0,0.0,scenario2,windvariability,fixed
8670,491,DE0 303,DE0 436,45.8589651684287,63.76399210289757,7.0,0.0,scenario2,windvariability,fixed
8671,492,DE0 304,DE0 98,30.70486858889318,32.4645451616687,0.0,0.0,scenario2,windvariability,fixed
8672,493,DE0 305,DE0 313,52.20062475519993,63.21426786021822,5.0,0.0,scenario2,windvariability,fixed
8673,494,DE0 308,DE0 431,30.441894977878242,42.53770097376958,0.0,0.0,scenario2,windvariability,fixed
8674,495,DE0 31,DE0 408,14.046477877897164,20.333167801766635,0.0,0.0,scenario2,windvariability,fixed
8675,496,DE0 310,DE0 340,8.838395399589393,12.885237410068376,0.0,0.0,scenario2,windvariability,fixed
8676,497,DE0 310,DE0 430,6.194870732014487,7.688933104821713,0.0,0.0,scenario2,windvariability,fixed
8677,498,DE0 312,DE0 364,37.8950148686722,50.83599278442041,0.0,0.0,scenario2,windvariability,fixed
8678,499,DE0 314,DE0 380,51.769557536829545,57.5936073944471,0.0,0.0,scenario2,windvariability,fixed
8679,5,DE0 0,DE0 65,6.207510122352847,17.893138472990906,0.0,0.0,scenario2,windvariability,fixed
8680,50,DE0 113,DE0 251,54.06692403719661,59.92549599067393,0.0,0.0,scenario2,windvariability,fixed
8681,500,DE0 314,DE0 86,24.574362623996482,27.04543574054203,0.0,0.0,scenario2,windvariability,fixed
8682,501,DE0 315,DE0 365,18.47078562873649,22.71211031145687,0.0,0.0,scenario2,windvariability,fixed
8683,502,DE0 315,DE0 448,18.556148961648102,40.43194478267249,0.0,0.0,scenario2,windvariability,fixed
8684,503,DE0 316,DE0 412,38.08252010938582,43.31545723200706,0.0,0.0,scenario2,windvariability,fixed
8685,504,DE0 317,DE0 58,20.60260162845758,32.047773924049146,0.0,0.0,scenario2,windvariability,fixed
8686,505,DE0 317,DE0 81,47.229164672730704,54.233356718593605,0.0,0.0,scenario2,windvariability,fixed
8687,506,DE0 318,DE0 369,25.50884934870418,31.898439590930465,0.0,0.0,scenario2,windvariability,fixed
8688,507,DE0 318,DE0 392,54.432728887197094,66.34594471301575,5.0,0.0,scenario2,windvariability,fixed
8689,508,DE0 319,DE0 391,17.69030118542875,33.65355209918694,0.0,0.0,scenario2,windvariability,fixed
8690,509,DE0 32,DE0 96,24.68940051755694,31.262222626286995,0.0,0.0,scenario2,windvariability,fixed
8691,51,DE0 113,DE0 33,56.508556181040206,59.80803650748038,0.0,0.0,scenario2,windvariability,fixed
8692,510,DE0 320,DE0 409,11.315945436596818,13.789055772283195,0.0,0.0,scenario2,windvariability,fixed
8693,511,DE0 320,DE0 418,11.205954993384678,13.679317204662256,0.0,0.0,scenario2,windvariability,fixed
8694,512,DE0 321,DE0 384,2.3933871309506403,5.039590069821886,0.0,0.0,scenario2,windvariability,fixed
8695,513,DE0 321,DE0 412,1.644476043772242,3.8894865193566477,0.0,0.0,scenario2,windvariability,fixed
8696,514,DE0 323,DE0 419,26.657764794292177,54.89222616618705,0.0,0.0,scenario2,windvariability,fixed
8697,515,DE0 323,DE0 445,26.863850414135122,55.15394094912438,0.0,0.0,scenario2,windvariability,fixed
8698,516,DE0 324,DE0 426,45.15229110631906,57.11516341404975,0.0,0.0,scenario2,windvariability,fixed
8699,517,DE0 326,DE0 390,64.79973633623189,66.63299618151821,22.0,0.0,scenario2,windvariability,fixed
8700,518,DE0 327,DE0 53,39.66400940129973,61.329405560772244,3.0,0.0,scenario2,windvariability,fixed
8701,519,DE0 328,DE0 336,5.681997320787169,8.327284710182264,0.0,0.0,scenario2,windvariability,fixed
8702,52,DE0 113,DE0 343,48.21355624780719,53.2875341003147,0.0,0.0,scenario2,windvariability,fixed
8703,520,DE0 330,DE0 362,69.90495585729663,69.90495627611374,24.0,0.0,scenario2,windvariability,fixed
8704,521,DE0 330,DE0 60,13.185403672021048,15.868092997201389,0.0,0.0,scenario2,windvariability,fixed
8705,522,DE0 331,DE0 421,4.623003814723984,6.930278391880101,0.0,0.0,scenario2,windvariability,fixed
8706,523,DE0 331,DE0 446,9.341756672696881,13.331067723588982,0.0,0.0,scenario2,windvariability,fixed
8707,524,DE0 332,DE0 431,14.100211886467998,20.552356477308383,0.0,0.0,scenario2,windvariability,fixed
8708,525,DE0 333,DE0 441,9.134848756540288,14.735225264341556,0.0,0.0,scenario2,windvariability,fixed
8709,526,DE0 334,DE0 376,15.933136081430192,20.87748367123882,0.0,0.0,scenario2,windvariability,fixed
8710,527,DE0 334,DE0 416,49.28314519381971,52.765684122913605,0.0,0.0,scenario2,windvariability,fixed
8711,528,DE0 334,DE0 63,39.44686950341761,42.16702560708202,0.0,0.0,scenario2,windvariability,fixed
8712,529,DE0 336,DE0 379,6.87727166938223,9.579198361066378,0.0,0.0,scenario2,windvariability,fixed
8713,53,DE0 113,DE0 35,11.601379115915545,20.60564215065411,0.0,0.0,scenario2,windvariability,fixed
8714,530,DE0 336,DE0 412,9.13406399112507,12.153340094696327,0.0,0.0,scenario2,windvariability,fixed
8715,531,DE0 338,DE0 379,3.303792418921988,11.563220160070022,0.0,0.0,scenario2,windvariability,fixed
8716,532,DE0 338,DE0 51,8.316724840591887,16.197632812663045,0.0,0.0,scenario2,windvariability,fixed
8717,533,DE0 339,DE0 363,15.754885953227523,19.73693374657213,0.0,0.0,scenario2,windvariability,fixed
8718,534,DE0 339,DE0 413,1.6245876439092324,2.622859397356658,0.0,0.0,scenario2,windvariability,fixed
8719,535,DE0 339,DE0 429,9.76684309024836,12.694285660933263,0.0,0.0,scenario2,windvariability,fixed
8720,536,DE0 341,DE0 363,19.63829991792546,23.95900427538063,0.0,0.0,scenario2,windvariability,fixed
8721,537,DE0 341,DE0 427,14.140328236440558,16.48388778737565,0.0,0.0,scenario2,windvariability,fixed
8722,538,DE0 345,DE0 41,22.972175181868025,31.698070571770977,0.0,0.0,scenario2,windvariability,fixed
8723,539,DE0 345,DE0 414,22.466546572994563,31.98860756595851,0.0,0.0,scenario2,windvariability,fixed
8724,54,DE0 113,DE0 55,5.599566367615233,16.691639061542432,0.0,0.0,scenario2,windvariability,fixed
8725,540,DE0 346,DE0 442,24.924910893263778,33.04423859447733,0.0,0.0,scenario2,windvariability,fixed
8726,541,DE0 348,DE0 444,11.373962366414595,13.828434174698295,0.0,0.0,scenario2,windvariability,fixed
8727,542,DE0 349,DE0 4,23.75792442761639,39.80556797203849,0.0,0.0,scenario2,windvariability,fixed
8728,543,DE0 349,DE0 70,31.42949252809621,52.59083395244745,0.0,0.0,scenario2,windvariability,fixed
8729,544,DE0 35,DE0 55,6.8894912034844085,18.76263878461442,0.0,0.0,scenario2,windvariability,fixed
8730,545,DE0 350,DE0 423,60.812848480258864,69.97517832742905,17.0,0.0,scenario2,windvariability,fixed
8731,546,DE0 350,DE0 75,38.9423071380848,49.14955774423152,0.0,0.0,scenario2,windvariability,fixed
8732,547,DE0 351,DE0 425,10.721188979037414,22.979257180801675,0.0,0.0,scenario2,windvariability,fixed
8733,548,DE0 353,DE0 49,22.593719507565314,27.361821560656484,0.0,0.0,scenario2,windvariability,fixed
8734,549,DE0 354,DE0 385,3.6553155023754043,5.08648289324108,0.0,0.0,scenario2,windvariability,fixed
8735,55,DE0 113,DE0 65,7.991820992341377,25.608486196906515,0.0,0.0,scenario2,windvariability,fixed
8736,550,DE0 354,DE0 406,19.93850676633347,23.28153553871928,0.0,0.0,scenario2,windvariability,fixed
8737,551,DE0 354,DE0 98,43.37143016734279,45.72614062493396,0.0,0.0,scenario2,windvariability,fixed
8738,552,DE0 356,DE0 364,23.576144348174154,30.838588615132235,0.0,0.0,scenario2,windvariability,fixed
8739,553,DE0 356,DE0 371,17.923455854175984,20.959748688034455,0.0,0.0,scenario2,windvariability,fixed
8740,554,DE0 356,DE0 412,27.514455374800452,31.015204316540746,0.0,0.0,scenario2,windvariability,fixed
8741,555,DE0 356,DE0 433,30.494688924940117,36.32286105685657,0.0,0.0,scenario2,windvariability,fixed
8742,556,DE0 357,DE0 439,22.773729857697308,25.133076377647846,0.0,0.0,scenario2,windvariability,fixed
8743,557,DE0 359,DE0 440,0.6254588852774513,1.405108354886405,0.0,0.0,scenario2,windvariability,fixed
8744,558,DE0 359,DE0 5,5.745166478812554,8.289431331542398,0.0,0.0,scenario2,windvariability,fixed
8745,559,DE0 363,DE0 416,22.92955840982659,25.389604441315722,0.0,0.0,scenario2,windvariability,fixed
8746,56,DE0 114,DE0 175,29.19744700387555,59.91683913910214,0.0,0.0,scenario2,windvariability,fixed
8747,560,DE0 365,DE0 389,36.595228491872014,42.93085720403311,0.0,0.0,scenario2,windvariability,fixed
8748,561,DE0 365,DE0 448,19.252313755675456,21.750837601746642,0.0,0.0,scenario2,windvariability,fixed
8749,562,DE0 367,DE0 55,3.169802063016147,7.980276624339629,0.0,0.0,scenario2,windvariability,fixed
8750,563,DE0 367,DE0 92,34.34978471356098,40.45546326754762,0.0,0.0,scenario2,windvariability,fixed
8751,564,DE0 367,DE0 94,48.09009653412738,56.18288769749532,0.0,0.0,scenario2,windvariability,fixed
8752,565,DE0 368,DE0 424,12.803212143693163,17.01954788959048,0.0,0.0,scenario2,windvariability,fixed
8753,566,DE0 368,DE0 7,12.187016203893569,16.382814187092627,0.0,0.0,scenario2,windvariability,fixed
8754,567,DE0 369,DE0 376,19.63715318821929,21.78905630006135,0.0,0.0,scenario2,windvariability,fixed
8755,568,DE0 372,DE0 407,32.643357503844754,38.827899112893434,0.0,0.0,scenario2,windvariability,fixed
8756,569,DE0 372,DE0 44,65.22631980238525,69.83727934210374,19.0,0.0,scenario2,windvariability,fixed
8757,57,DE0 114,DE0 181,22.994501522801546,43.573199745532285,0.0,0.0,scenario2,windvariability,fixed
8758,570,DE0 373,DE0 449,0.33344637564605273,0.3867760825271862,0.0,0.0,scenario2,windvariability,fixed
8759,571,DE0 375,DE0 382,25.012105607145536,28.850258570257402,0.0,0.0,scenario2,windvariability,fixed
8760,572,DE0 375,DE0 51,7.784394490707706,17.234478303468006,0.0,0.0,scenario2,windvariability,fixed
8761,573,DE0 376,DE0 437,36.8449405161573,42.834474117444366,0.0,0.0,scenario2,windvariability,fixed
8762,574,DE0 377,DE0 414,24.293907961953817,35.10348745623289,0.0,0.0,scenario2,windvariability,fixed
8763,575,DE0 378,DE0 404,17.016050043026812,20.746405554667323,0.0,0.0,scenario2,windvariability,fixed
8764,576,DE0 38,DE0 58,21.477593739801634,29.130235954337348,0.0,0.0,scenario2,windvariability,fixed
8765,577,DE0 381,DE0 74,29.58163838189129,33.09456599604666,0.0,0.0,scenario2,windvariability,fixed
8766,578,DE0 382,DE0 412,1.6559509837744464,5.257676090755966,0.0,0.0,scenario2,windvariability,fixed
8767,579,DE0 383,DE0 432,32.821737658614154,53.54988874332046,0.0,0.0,scenario2,windvariability,fixed
8768,58,DE0 115,DE0 12,25.104763099820442,33.07692861356545,0.0,0.0,scenario2,windvariability,fixed
8769,580,DE0 383,DE0 434,20.01487939120945,35.65582943698039,0.0,0.0,scenario2,windvariability,fixed
8770,581,DE0 383,DE0 97,11.975311364576593,25.7938845828892,0.0,0.0,scenario2,windvariability,fixed
8771,582,DE0 386,DE0 99,38.08088157721124,42.35570316837349,0.0,0.0,scenario2,windvariability,fixed
8772,583,DE0 387,DE0 412,15.658125549511611,17.649399097057728,0.0,0.0,scenario2,windvariability,fixed
8773,584,DE0 388,DE0 57,16.203926199566656,18.398779607552548,0.0,0.0,scenario2,windvariability,fixed
8774,585,DE0 39,DE0 425,54.02650798446986,69.4796841322411,14.0,0.0,scenario2,windvariability,fixed
8775,586,DE0 39,DE0 438,53.18107733126802,67.74308519736408,13.0,0.0,scenario2,windvariability,fixed
8776,587,DE0 390,DE0 5,57.65983261788995,67.19780896271263,6.0,0.0,scenario2,windvariability,fixed
8777,588,DE0 391,DE0 417,4.2113661258291,11.052503405337722,0.0,0.0,scenario2,windvariability,fixed
8778,589,DE0 393,DE0 403,38.913004440635305,62.90387354560099,2.0,0.0,scenario2,windvariability,fixed
8779,59,DE0 115,DE0 398,31.125564751812835,37.982640558589296,0.0,0.0,scenario2,windvariability,fixed
8780,590,DE0 394,DE0 395,53.65146775242151,65.45357088218124,5.0,0.0,scenario2,windvariability,fixed
8781,591,DE0 394,DE0 443,32.08356324459533,40.4230810857527,0.0,0.0,scenario2,windvariability,fixed
8782,592,DE0 395,DE0 437,18.653817693348337,21.635992002074953,0.0,0.0,scenario2,windvariability,fixed
8783,593,DE0 396,DE0 416,29.636433720635548,32.60653320591149,0.0,0.0,scenario2,windvariability,fixed
8784,594,DE0 398,DE0 58,52.976131549694294,65.29454945462967,7.0,0.0,scenario2,windvariability,fixed
8785,595,DE0 398,DE0 81,20.305252668316943,25.3841425176018,0.0,0.0,scenario2,windvariability,fixed
8786,596,DE0 4,DE0 97,26.174460829614343,36.98107727884625,0.0,0.0,scenario2,windvariability,fixed
8787,597,DE0 40,DE0 410,8.638456916118638,21.150347275678154,0.0,0.0,scenario2,windvariability,fixed
8788,598,DE0 400,DE0 56,50.31954675958785,61.33080890726945,1.0,0.0,scenario2,windvariability,fixed
8789,599,DE0 401,DE0 427,25.480523483154467,26.54145716481162,0.0,0.0,scenario2,windvariability,fixed
8790,6,DE0 0,DE0 83,28.690486154940224,37.68194934389685,0.0,0.0,scenario2,windvariability,fixed
8791,60,DE0 115,DE0 46,69.55890518335754,69.55890558952504,24.0,0.0,scenario2,windvariability,fixed
8792,600,DE0 402,DE0 446,18.32494009994586,26.351746948216064,0.0,0.0,scenario2,windvariability,fixed
8793,601,DE0 404,DE0 84,7.615944772006104,9.32940194640185,0.0,0.0,scenario2,windvariability,fixed
8794,602,DE0 405,DE0 79,3.229850618922841,6.63235203381148,0.0,0.0,scenario2,windvariability,fixed
8795,603,DE0 409,DE0 444,22.686987817957963,27.600682633566898,0.0,0.0,scenario2,windvariability,fixed
8796,604,DE0 41,DE0 79,39.63529033378346,55.125481231741624,0.0,0.0,scenario2,windvariability,fixed
8797,605,DE0 415,DE0 53,67.4863670735054,68.9846438596981,22.0,0.0,scenario2,windvariability,fixed
8798,606,DE0 415,DE0 76,39.559573948395006,55.31584479277256,0.0,0.0,scenario2,windvariability,fixed
8799,607,DE0 416,DE0 63,36.880871877383804,39.594533206318616,0.0,0.0,scenario2,windvariability,fixed
8800,608,DE0 421,DE0 84,7.4971576581225285,11.849108668699596,0.0,0.0,scenario2,windvariability,fixed
8801,609,DE0 43,DE0 96,27.40523796411349,40.37969741648081,0.0,0.0,scenario2,windvariability,fixed
8802,61,DE0 115,DE0 81,31.19756990960616,38.050657135616284,0.0,0.0,scenario2,windvariability,fixed
8803,610,DE0 430,DE0 5,11.674877704665583,13.074670015819304,0.0,0.0,scenario2,windvariability,fixed
8804,611,DE0 435,DE0 52,8.73672861850036,14.160395265739375,0.0,0.0,scenario2,windvariability,fixed
8805,612,DE0 435,DE0 6,51.025755979967734,63.973108818120195,7.0,0.0,scenario2,windvariability,fixed
8806,613,DE0 435,DE0 89,17.8362627776356,24.68521826390884,0.0,0.0,scenario2,windvariability,fixed
8807,614,DE0 440,DE0 5,7.948854260669486,11.916415777120406,0.0,0.0,scenario2,windvariability,fixed
8808,615,DE0 443,DE0 90,20.067539870486506,24.572051948056114,0.0,0.0,scenario2,windvariability,fixed
8809,616,DE0 46,DE0 93,52.74667214291795,60.4606979408195,1.0,0.0,scenario2,windvariability,fixed
8810,617,DE0 46,DE0 94,53.39004285752159,62.29069102442376,2.0,0.0,scenario2,windvariability,fixed
8811,618,DE0 50,DE0 99,13.486189784963218,22.60639744627022,0.0,0.0,scenario2,windvariability,fixed
8812,619,DE0 58,DE0 72,42.03226575837717,56.01750672626219,0.0,0.0,scenario2,windvariability,fixed
8813,62,DE0 116,DE0 185,1.547257059421114,4.098230617597297,0.0,0.0,scenario2,windvariability,fixed
8814,620,DE0 60,DE0 85,3.47349071703614,10.723930542218953,0.0,0.0,scenario2,windvariability,fixed
8815,621,DE0 61,DE0 91,26.41739202012388,44.065147319512334,0.0,0.0,scenario2,windvariability,fixed
8816,622,DE0 61,DE0 96,66.14570672340705,69.41259748426745,20.0,0.0,scenario2,windvariability,fixed
8817,623,DE0 64,DE0 86,31.73304065857178,36.25847683506902,0.0,0.0,scenario2,windvariability,fixed
8818,624,DE0 7,DE0 80,9.671323524643876,13.800165912748314,0.0,0.0,scenario2,windvariability,fixed
8819,625,DE0 71,DE0 96,28.279981296684813,46.65430954258808,0.0,0.0,scenario2,windvariability,fixed
8820,626,DE0 74,DE0 88,16.88343027405177,23.33705459007952,0.0,0.0,scenario2,windvariability,fixed
8821,627,DE0 83,DE0 86,12.041529308311215,18.140403351889333,0.0,0.0,scenario2,windvariability,fixed
8822,63,DE0 116,DE0 190,6.654745058676147,11.82707342613741,0.0,0.0,scenario2,windvariability,fixed
8823,64,DE0 116,DE0 330,14.461638789331996,23.337622506112158,0.0,0.0,scenario2,windvariability,fixed
8824,65,DE0 117,DE0 203,37.04393051332406,44.95940270433754,0.0,0.0,scenario2,windvariability,fixed
8825,66,DE0 117,DE0 227,69.70093386426277,69.7009347637441,24.0,0.0,scenario2,windvariability,fixed
8826,67,DE0 118,DE0 145,34.85086575888478,49.9361800918288,0.0,0.0,scenario2,windvariability,fixed
8827,68,DE0 118,DE0 2,44.63770917724794,62.850268062849764,5.0,0.0,scenario2,windvariability,fixed
8828,69,DE0 119,DE0 149,9.458292998755232,12.029405655844355,0.0,0.0,scenario2,windvariability,fixed
8829,7,DE0 0,DE0 93,36.684360602911234,48.96703987097912,0.0,0.0,scenario2,windvariability,fixed
8830,70,DE0 119,DE0 198,17.539172851445205,23.516963805145288,0.0,0.0,scenario2,windvariability,fixed
8831,71,DE0 119,DE0 442,13.26519677737419,16.834175346195508,0.0,0.0,scenario2,windvariability,fixed
8832,72,DE0 12,DE0 96,26.07495980679572,33.27331667208242,0.0,0.0,scenario2,windvariability,fixed
8833,73,DE0 120,DE0 2,14.002700309687475,19.43439683857367,0.0,0.0,scenario2,windvariability,fixed
8834,74,DE0 120,DE0 72,38.546312297678156,54.3473974086759,0.0,0.0,scenario2,windvariability,fixed
8835,75,DE0 121,DE0 290,38.49222431693227,44.07416240708124,0.0,0.0,scenario2,windvariability,fixed
8836,76,DE0 121,DE0 370,39.072251772466764,44.71095880982049,0.0,0.0,scenario2,windvariability,fixed
8837,77,DE0 122,DE0 226,27.22040899452947,35.456886635951754,0.0,0.0,scenario2,windvariability,fixed
8838,78,DE0 122,DE0 261,24.615098608706365,29.257166478467155,0.0,0.0,scenario2,windvariability,fixed
8839,79,DE0 122,DE0 64,28.37097480163113,34.11330534346392,0.0,0.0,scenario2,windvariability,fixed
8840,8,DE0 1,DE0 110,43.39319514514126,58.34974218191178,0.0,0.0,scenario2,windvariability,fixed
8841,80,DE0 122,DE0 86,31.203699610639617,35.58972960292654,0.0,0.0,scenario2,windvariability,fixed
8842,81,DE0 123,DE0 307,7.524714806351368,12.517257090277711,0.0,0.0,scenario2,windvariability,fixed
8843,82,DE0 123,DE0 325,4.051049069054364,8.031863221195366,0.0,0.0,scenario2,windvariability,fixed
8844,83,DE0 124,DE0 240,33.38696261172514,36.26228511998925,0.0,0.0,scenario2,windvariability,fixed
8845,84,DE0 124,DE0 374,65.3364673532694,69.979428577005,22.0,0.0,scenario2,windvariability,fixed
8846,85,DE0 124,DE0 77,60.95139475171787,65.72485677211992,16.0,0.0,scenario2,windvariability,fixed
8847,86,DE0 124,DE0 90,47.93079780163723,52.36805407035088,0.0,0.0,scenario2,windvariability,fixed
8848,87,DE0 125,DE0 233,4.500390427369409,16.401495850664354,0.0,0.0,scenario2,windvariability,fixed
8849,88,DE0 125,DE0 271,29.83546615644354,53.79381776863876,0.0,0.0,scenario2,windvariability,fixed
8850,89,DE0 126,DE0 181,18.65906057166804,27.16395979705698,0.0,0.0,scenario2,windvariability,fixed
8851,9,DE0 1,DE0 131,4.831259694372142,15.372802339256628,0.0,0.0,scenario2,windvariability,fixed
8852,90,DE0 126,DE0 250,32.814415398021566,46.84158026060938,0.0,0.0,scenario2,windvariability,fixed
8853,91,DE0 127,DE0 22,5.565599500782441,18.9215749169808,0.0,0.0,scenario2,windvariability,fixed
8854,92,DE0 127,DE0 233,5.518777434841463,13.140689275678808,0.0,0.0,scenario2,windvariability,fixed
8855,93,DE0 127,DE0 271,11.498282633321201,26.37558566562389,0.0,0.0,scenario2,windvariability,fixed
8856,94,DE0 128,DE0 174,60.836481366657466,69.7017689602843,15.0,0.0,scenario2,windvariability,fixed
8857,95,DE0 128,DE0 175,47.53579572213728,69.2339927463039,12.0,0.0,scenario2,windvariability,fixed
8858,96,DE0 129,DE0 330,27.604311304251368,34.90357661345454,0.0,0.0,scenario2,windvariability,fixed
8859,97,DE0 129,DE0 390,10.49992752219903,17.98162582518163,0.0,0.0,scenario2,windvariability,fixed
8860,98,DE0 13,DE0 329,69.0275812958173,69.02758930239,24.0,0.0,scenario2,windvariability,fixed
8861,99,DE0 13,DE0 69,69.77782608174921,69.77782718684196,24.0,0.0,scenario2,windvariability,fixed
8862,0,DE0 0,DE0 243,53.994887115426934,57.17924963325519,0.0,0.0,scenario2,windy,fixed
8863,1,DE0 0,DE0 329,39.699542826610106,44.89926556750265,0.0,0.0,scenario2,windy,fixed
8864,10,DE0 1,DE0 150,69.29790865200381,69.44721437962842,24.0,0.0,scenario2,windy,fixed
8865,100,DE0 130,DE0 153,8.400007495708845,27.41568295385842,0.0,0.0,scenario2,windy,fixed
8866,101,DE0 130,DE0 347,8.73442477883873,24.221808624521167,0.0,0.0,scenario2,windy,fixed
8867,102,DE0 130,DE0 402,9.876160765026652,19.34737316922278,0.0,0.0,scenario2,windy,fixed
8868,103,DE0 131,DE0 33,63.4449799724247,68.88075041612919,23.0,0.0,scenario2,windy,fixed
8869,104,DE0 131,DE0 415,34.94906543963871,43.24079886411201,0.0,0.0,scenario2,windy,fixed
8870,105,DE0 131,DE0 71,34.35430200502883,63.85231921550145,1.0,0.0,scenario2,windy,fixed
8871,106,DE0 131,DE0 96,26.252362267658096,51.96510732046662,0.0,0.0,scenario2,windy,fixed
8872,107,DE0 132,DE0 24,6.67268679205739,23.813985406519773,0.0,0.0,scenario2,windy,fixed
8873,108,DE0 132,DE0 259,7.789488368329615,14.514415636482203,0.0,0.0,scenario2,windy,fixed
8874,109,DE0 132,DE0 42,7.564842428949153,15.613914378675734,0.0,0.0,scenario2,windy,fixed
8875,11,DE0 1,DE0 209,10.413801953478037,30.64542620405121,0.0,0.0,scenario2,windy,fixed
8876,110,DE0 133,DE0 312,5.795939418120174,10.393270794213066,0.0,0.0,scenario2,windy,fixed
8877,111,DE0 133,DE0 316,15.936488905499138,21.067426685198818,0.0,0.0,scenario2,windy,fixed
8878,112,DE0 133,DE0 371,21.451535635848547,28.421379514300792,0.0,0.0,scenario2,windy,fixed
8879,113,DE0 133,DE0 412,23.170705195831506,30.53463946143849,0.0,0.0,scenario2,windy,fixed
8880,114,DE0 134,DE0 145,11.41293771336511,26.296973519803164,0.0,0.0,scenario2,windy,fixed
8881,115,DE0 134,DE0 274,35.64308534043208,47.43553728396528,0.0,0.0,scenario2,windy,fixed
8882,116,DE0 134,DE0 423,22.06580619035622,32.40947373298804,0.0,0.0,scenario2,windy,fixed
8883,117,DE0 135,DE0 300,32.21486614556825,43.74092480067085,0.0,0.0,scenario2,windy,fixed
8884,118,DE0 135,DE0 313,33.417171999862695,44.37763243091522,0.0,0.0,scenario2,windy,fixed
8885,119,DE0 136,DE0 317,69.91996441312747,69.91998846351851,24.0,0.0,scenario2,windy,fixed
8886,12,DE0 10,DE0 219,54.22601873740614,61.980781059488876,3.0,0.0,scenario2,windy,fixed
8887,120,DE0 136,DE0 32,12.541817956792292,25.691986360435347,0.0,0.0,scenario2,windy,fixed
8888,121,DE0 136,DE0 43,5.383801001361268,10.577262276163765,0.0,0.0,scenario2,windy,fixed
8889,122,DE0 136,DE0 72,30.635590571603828,46.21808425328924,0.0,0.0,scenario2,windy,fixed
8890,123,DE0 137,DE0 22,22.057610465492385,34.118371729144535,0.0,0.0,scenario2,windy,fixed
8891,124,DE0 137,DE0 61,39.56241046662578,44.895169354339814,0.0,0.0,scenario2,windy,fixed
8892,125,DE0 138,DE0 174,10.040055580950318,22.94475296487145,0.0,0.0,scenario2,windy,fixed
8893,126,DE0 138,DE0 194,38.80261643248459,48.427409451560706,0.0,0.0,scenario2,windy,fixed
8894,127,DE0 138,DE0 420,18.41641594133322,22.57940927613486,0.0,0.0,scenario2,windy,fixed
8895,128,DE0 139,DE0 209,10.365620178943303,30.481050698426987,0.0,0.0,scenario2,windy,fixed
8896,129,DE0 139,DE0 281,5.8562537197244495,15.85184648175209,0.0,0.0,scenario2,windy,fixed
8897,13,DE0 10,DE0 382,26.25033080632317,27.071787464547263,0.0,0.0,scenario2,windy,fixed
8898,130,DE0 14,DE0 38,12.936945832296617,17.996253488797,0.0,0.0,scenario2,windy,fixed
8899,131,DE0 14,DE0 58,22.029077879331993,28.892117313706002,0.0,0.0,scenario2,windy,fixed
8900,132,DE0 140,DE0 219,23.55598142790384,25.512362023904167,0.0,0.0,scenario2,windy,fixed
8901,133,DE0 140,DE0 369,29.727988277253203,34.44847905883744,0.0,0.0,scenario2,windy,fixed
8902,134,DE0 140,DE0 429,13.095193159492188,14.349767583047807,0.0,0.0,scenario2,windy,fixed
8903,135,DE0 141,DE0 265,10.598318320247207,11.871985643243955,0.0,0.0,scenario2,windy,fixed
8904,136,DE0 141,DE0 337,15.539072907223431,16.16217964679642,0.0,0.0,scenario2,windy,fixed
8905,137,DE0 141,DE0 363,8.27731334404385,12.319530838387326,0.0,0.0,scenario2,windy,fixed
8906,138,DE0 141,DE0 427,20.594537642251616,21.23442547556994,0.0,0.0,scenario2,windy,fixed
8907,139,DE0 142,DE0 267,42.57106964171466,55.633780908106885,0.0,0.0,scenario2,windy,fixed
8908,14,DE0 10,DE0 49,24.67630550201436,35.681852652994266,0.0,0.0,scenario2,windy,fixed
8909,140,DE0 142,DE0 434,41.86380303981392,56.7065098202847,0.0,0.0,scenario2,windy,fixed
8910,141,DE0 143,DE0 373,0.7056463412555443,0.8121296010712866,0.0,0.0,scenario2,windy,fixed
8911,142,DE0 143,DE0 449,0.8294735956928774,0.9549620785603803,0.0,0.0,scenario2,windy,fixed
8912,143,DE0 144,DE0 213,21.752937580214585,27.574681386681576,0.0,0.0,scenario2,windy,fixed
8913,144,DE0 144,DE0 382,38.13705298307533,41.737050324560165,0.0,0.0,scenario2,windy,fixed
8914,145,DE0 146,DE0 187,21.098311541631013,40.742871153609286,0.0,0.0,scenario2,windy,fixed
8915,146,DE0 146,DE0 24,10.599860479076213,26.01626972874077,0.0,0.0,scenario2,windy,fixed
8916,147,DE0 146,DE0 262,5.926969764536738,19.876068812954827,0.0,0.0,scenario2,windy,fixed
8917,148,DE0 147,DE0 196,18.292464693251254,33.371468557573245,0.0,0.0,scenario2,windy,fixed
8918,149,DE0 147,DE0 36,8.710290477416905,17.45421816344532,0.0,0.0,scenario2,windy,fixed
8919,15,DE0 100,DE0 245,10.539594765164777,36.747815217464755,0.0,0.0,scenario2,windy,fixed
8920,150,DE0 148,DE0 214,20.40419826058816,29.177404747398455,0.0,0.0,scenario2,windy,fixed
8921,151,DE0 148,DE0 45,16.626307062933726,23.854856554174024,0.0,0.0,scenario2,windy,fixed
8922,152,DE0 148,DE0 60,13.007230940204643,25.506247486662943,0.0,0.0,scenario2,windy,fixed
8923,153,DE0 149,DE0 198,9.574097400158061,16.580436850051864,0.0,0.0,scenario2,windy,fixed
8924,154,DE0 15,DE0 250,6.702901262666927,16.75912903846482,0.0,0.0,scenario2,windy,fixed
8925,155,DE0 15,DE0 419,6.179301297752823,18.19809252141192,0.0,0.0,scenario2,windy,fixed
8926,156,DE0 150,DE0 189,49.488184166519325,55.17022624043884,0.0,0.0,scenario2,windy,fixed
8927,157,DE0 150,DE0 408,28.84337774619466,43.36502257945777,0.0,0.0,scenario2,windy,fixed
8928,158,DE0 151,DE0 20,7.271531320196951,13.311959581658769,0.0,0.0,scenario2,windy,fixed
8929,159,DE0 151,DE0 410,9.204830769271767,15.042717073289033,0.0,0.0,scenario2,windy,fixed
8930,16,DE0 100,DE0 303,4.740358545063784,15.596384003811552,0.0,0.0,scenario2,windy,fixed
8931,160,DE0 151,DE0 78,6.08283577703172,12.649917120647677,0.0,0.0,scenario2,windy,fixed
8932,161,DE0 152,DE0 258,13.860047337900658,20.272328906191213,0.0,0.0,scenario2,windy,fixed
8933,162,DE0 152,DE0 356,18.352697332044063,24.224104422320654,0.0,0.0,scenario2,windy,fixed
8934,163,DE0 153,DE0 40,8.265039988926338,22.80201376240346,0.0,0.0,scenario2,windy,fixed
8935,164,DE0 154,DE0 256,31.02819218791569,37.84929486495349,0.0,0.0,scenario2,windy,fixed
8936,165,DE0 154,DE0 72,8.031827438118768,11.10904504055231,0.0,0.0,scenario2,windy,fixed
8937,166,DE0 155,DE0 247,31.540778806618004,37.306143940042034,0.0,0.0,scenario2,windy,fixed
8938,167,DE0 155,DE0 292,49.045447100674586,58.370206878317546,0.0,0.0,scenario2,windy,fixed
8939,168,DE0 156,DE0 22,27.15039621182734,68.87291491254692,1.0,0.0,scenario2,windy,fixed
8940,169,DE0 156,DE0 48,35.98004679834734,68.61634702806579,1.0,0.0,scenario2,windy,fixed
8941,17,DE0 100,DE0 352,7.660248983133316,25.81151075556679,0.0,0.0,scenario2,windy,fixed
8942,170,DE0 157,DE0 251,45.67716946568259,51.284917413073636,0.0,0.0,scenario2,windy,fixed
8943,171,DE0 157,DE0 304,41.15295263007919,46.22999240228691,0.0,0.0,scenario2,windy,fixed
8944,172,DE0 158,DE0 361,19.93718297262949,26.53396273879013,0.0,0.0,scenario2,windy,fixed
8945,173,DE0 158,DE0 389,30.8885146491306,33.33868840093916,0.0,0.0,scenario2,windy,fixed
8946,174,DE0 159,DE0 234,22.731550116516253,30.425761823081903,0.0,0.0,scenario2,windy,fixed
8947,175,DE0 159,DE0 252,53.37603777913574,66.95963017729665,6.0,0.0,scenario2,windy,fixed
8948,176,DE0 159,DE0 279,1.64276142005218,3.0739790052716067,0.0,0.0,scenario2,windy,fixed
8949,177,DE0 159,DE0 405,6.430847291288759,9.840142452271362,0.0,0.0,scenario2,windy,fixed
8950,178,DE0 16,DE0 304,65.40813162136044,69.8486087558616,22.0,0.0,scenario2,windy,fixed
8951,179,DE0 16,DE0 311,41.154919721197054,44.53010499611196,0.0,0.0,scenario2,windy,fixed
8952,18,DE0 100,DE0 422,9.07224361804937,34.06125935305065,0.0,0.0,scenario2,windy,fixed
8953,180,DE0 160,DE0 182,15.524468975759032,19.80130584861682,0.0,0.0,scenario2,windy,fixed
8954,181,DE0 160,DE0 237,10.218348855311376,27.08633078016621,0.0,0.0,scenario2,windy,fixed
8955,182,DE0 160,DE0 349,30.175493870054805,40.43879685409296,0.0,0.0,scenario2,windy,fixed
8956,183,DE0 160,DE0 37,8.76525384062487,19.924606103936842,0.0,0.0,scenario2,windy,fixed
8957,184,DE0 160,DE0 393,15.931501419453642,21.413233809908878,0.0,0.0,scenario2,windy,fixed
8958,185,DE0 160,DE0 62,15.011133772626398,19.197201408561135,0.0,0.0,scenario2,windy,fixed
8959,186,DE0 161,DE0 186,21.25927593498881,42.16204145485576,0.0,0.0,scenario2,windy,fixed
8960,187,DE0 161,DE0 230,17.104315925856376,39.675792983120964,0.0,0.0,scenario2,windy,fixed
8961,188,DE0 161,DE0 4,12.842111603915612,25.975736287090832,0.0,0.0,scenario2,windy,fixed
8962,189,DE0 161,DE0 68,25.505068541099934,52.0603376965049,0.0,0.0,scenario2,windy,fixed
8963,19,DE0 101,DE0 229,4.797189146589581,10.939590699134191,0.0,0.0,scenario2,windy,fixed
8964,190,DE0 162,DE0 324,15.155434771088638,21.025517525745254,0.0,0.0,scenario2,windy,fixed
8965,191,DE0 163,DE0 205,13.520999152347033,18.406727384784617,0.0,0.0,scenario2,windy,fixed
8966,192,DE0 163,DE0 330,7.400963241145085,13.514067232872595,0.0,0.0,scenario2,windy,fixed
8967,193,DE0 163,DE0 390,44.85199135914982,47.64363593179372,0.0,0.0,scenario2,windy,fixed
8968,194,DE0 164,DE0 180,2.7632578544307362,4.1663138868653515,0.0,0.0,scenario2,windy,fixed
8969,195,DE0 164,DE0 47,2.252629193689082,4.2941566712047745,0.0,0.0,scenario2,windy,fixed
8970,196,DE0 164,DE0 78,4.662511326903749,9.638622624913804,0.0,0.0,scenario2,windy,fixed
8971,197,DE0 165,DE0 249,3.1530361640343405,8.128218096019415,0.0,0.0,scenario2,windy,fixed
8972,198,DE0 165,DE0 412,6.232281509772092,16.827161041535092,0.0,0.0,scenario2,windy,fixed
8973,199,DE0 166,DE0 253,21.356365804372366,29.80563618047796,0.0,0.0,scenario2,windy,fixed
8974,2,DE0 0,DE0 367,11.983898761032057,19.04851662973977,0.0,0.0,scenario2,windy,fixed
8975,20,DE0 101,DE0 232,9.52171554566607,11.679059459599541,0.0,0.0,scenario2,windy,fixed
8976,200,DE0 166,DE0 335,23.925710020158444,46.01780404155401,0.0,0.0,scenario2,windy,fixed
8977,201,DE0 167,DE0 174,14.77263829711363,32.920942184604144,0.0,0.0,scenario2,windy,fixed
8978,202,DE0 167,DE0 397,31.297895378926903,52.85544066642088,0.0,0.0,scenario2,windy,fixed
8979,203,DE0 167,DE0 67,12.043727054487324,24.355584161876138,0.0,0.0,scenario2,windy,fixed
8980,204,DE0 168,DE0 221,11.862262772037594,30.63574272533903,0.0,0.0,scenario2,windy,fixed
8981,205,DE0 168,DE0 233,14.56987398143358,26.166699826515817,0.0,0.0,scenario2,windy,fixed
8982,206,DE0 168,DE0 296,15.473126207462137,23.188018834838616,0.0,0.0,scenario2,windy,fixed
8983,207,DE0 169,DE0 200,61.226107342219436,69.64665763216765,16.0,0.0,scenario2,windy,fixed
8984,208,DE0 169,DE0 367,47.188058848844115,68.27698944481217,3.0,0.0,scenario2,windy,fixed
8985,209,DE0 17,DE0 177,17.656907870564456,25.470620041706287,0.0,0.0,scenario2,windy,fixed
8986,21,DE0 102,DE0 115,11.842876059040847,25.024002388582527,0.0,0.0,scenario2,windy,fixed
8987,210,DE0 17,DE0 330,32.29241573102453,41.36630232280772,0.0,0.0,scenario2,windy,fixed
8988,211,DE0 170,DE0 231,27.774430568916063,34.57013437314686,0.0,0.0,scenario2,windy,fixed
8989,212,DE0 170,DE0 258,11.35332551559841,18.28612259046399,0.0,0.0,scenario2,windy,fixed
8990,213,DE0 170,DE0 34,2.8940872719213764,8.769831269539829,0.0,0.0,scenario2,windy,fixed
8991,214,DE0 171,DE0 288,11.625541878208482,14.314393524846219,0.0,0.0,scenario2,windy,fixed
8992,215,DE0 171,DE0 306,10.119392043292098,12.123193637511232,0.0,0.0,scenario2,windy,fixed
8993,216,DE0 171,DE0 348,16.45464550118362,17.604931356903517,0.0,0.0,scenario2,windy,fixed
8994,217,DE0 171,DE0 355,36.573441618707484,38.25505096543543,0.0,0.0,scenario2,windy,fixed
8995,218,DE0 172,DE0 59,9.167581563253695,16.822568648861438,0.0,0.0,scenario2,windy,fixed
8996,219,DE0 172,DE0 80,24.905587484081558,32.85966182613976,0.0,0.0,scenario2,windy,fixed
8997,22,DE0 102,DE0 46,64.33868621990014,69.5952358404488,16.0,0.0,scenario2,windy,fixed
8998,220,DE0 172,DE0 83,26.23848723585272,33.906745845782496,0.0,0.0,scenario2,windy,fixed
8999,221,DE0 173,DE0 222,22.81600466189626,29.118314518199046,0.0,0.0,scenario2,windy,fixed
9000,222,DE0 173,DE0 381,4.976535004697078,8.350397820032898,0.0,0.0,scenario2,windy,fixed
9001,223,DE0 174,DE0 425,10.89203891812195,18.238451020655294,0.0,0.0,scenario2,windy,fixed
9002,224,DE0 175,DE0 199,33.96368575072775,52.191943118193265,0.0,0.0,scenario2,windy,fixed
9003,225,DE0 175,DE0 434,30.24282449391526,44.801694529564,0.0,0.0,scenario2,windy,fixed
9004,226,DE0 175,DE0 438,49.821316012722164,67.7338938028912,4.0,0.0,scenario2,windy,fixed
9005,227,DE0 176,DE0 22,18.020363844079846,34.215435243338234,0.0,0.0,scenario2,windy,fixed
9006,228,DE0 176,DE0 303,14.752425331003586,34.529215016877636,0.0,0.0,scenario2,windy,fixed
9007,229,DE0 176,DE0 352,54.5486103780339,69.67391587630863,12.0,0.0,scenario2,windy,fixed
9008,23,DE0 102,DE0 96,57.94037378718514,68.53363801566984,8.0,0.0,scenario2,windy,fixed
9009,230,DE0 177,DE0 85,9.938755589225444,16.74172088365001,0.0,0.0,scenario2,windy,fixed
9010,231,DE0 178,DE0 276,34.498340169198485,37.01225436453592,0.0,0.0,scenario2,windy,fixed
9011,232,DE0 178,DE0 395,35.91624756347866,38.647535634610286,0.0,0.0,scenario2,windy,fixed
9012,233,DE0 179,DE0 224,30.237189588754937,36.85446439360556,0.0,0.0,scenario2,windy,fixed
9013,234,DE0 179,DE0 50,26.530118949561693,32.38615489981005,0.0,0.0,scenario2,windy,fixed
9014,235,DE0 18,DE0 282,47.79796539817071,51.73337640232831,0.0,0.0,scenario2,windy,fixed
9015,236,DE0 18,DE0 306,31.19696221116407,34.510580854281706,0.0,0.0,scenario2,windy,fixed
9016,237,DE0 18,DE0 418,32.92255720465502,35.41893700674044,0.0,0.0,scenario2,windy,fixed
9017,238,DE0 180,DE0 26,5.066027692518051,13.34221657955769,0.0,0.0,scenario2,windy,fixed
9018,239,DE0 180,DE0 47,8.0634422562272,10.621699763506117,0.0,0.0,scenario2,windy,fixed
9019,24,DE0 103,DE0 148,7.589217842836909,22.097749160387046,0.0,0.0,scenario2,windy,fixed
9020,240,DE0 181,DE0 250,45.80221910100619,69.77837030009198,12.0,0.0,scenario2,windy,fixed
9021,241,DE0 181,DE0 269,44.70399814301289,59.407745893771526,0.0,0.0,scenario2,windy,fixed
9022,242,DE0 181,DE0 44,21.5647401310768,30.395562654978946,0.0,0.0,scenario2,windy,fixed
9023,243,DE0 182,DE0 62,15.797261567500767,20.101847734334534,0.0,0.0,scenario2,windy,fixed
9024,244,DE0 183,DE0 241,38.51667578019447,43.466161550931986,0.0,0.0,scenario2,windy,fixed
9025,245,DE0 183,DE0 327,38.071877948227375,42.18657325866316,0.0,0.0,scenario2,windy,fixed
9026,246,DE0 184,DE0 26,16.21998900142411,25.347572790826884,0.0,0.0,scenario2,windy,fixed
9027,247,DE0 184,DE0 261,12.258942567199167,24.619390746216,0.0,0.0,scenario2,windy,fixed
9028,248,DE0 184,DE0 329,59.888512510996904,67.19455683205085,13.0,0.0,scenario2,windy,fixed
9029,249,DE0 184,DE0 69,9.62863484817007,20.611288272277196,0.0,0.0,scenario2,windy,fixed
9030,25,DE0 103,DE0 54,7.476220134606421,14.279644642591919,0.0,0.0,scenario2,windy,fixed
9031,250,DE0 185,DE0 205,11.121652727578791,15.513907757722084,0.0,0.0,scenario2,windy,fixed
9032,251,DE0 185,DE0 441,9.863233284843693,17.037130158507512,0.0,0.0,scenario2,windy,fixed
9033,252,DE0 186,DE0 82,29.49572379154955,49.51826613293395,0.0,0.0,scenario2,windy,fixed
9034,253,DE0 187,DE0 436,10.011043092739946,19.545152172677565,0.0,0.0,scenario2,windy,fixed
9035,254,DE0 188,DE0 309,27.697486940933167,47.93196571159401,0.0,0.0,scenario2,windy,fixed
9036,255,DE0 188,DE0 40,18.874896928946704,30.820998815159,0.0,0.0,scenario2,windy,fixed
9037,256,DE0 188,DE0 410,3.108414420867527,5.296995696484663,0.0,0.0,scenario2,windy,fixed
9038,257,DE0 189,DE0 73,37.41308719715954,41.3055972582115,0.0,0.0,scenario2,windy,fixed
9039,258,DE0 19,DE0 299,1.2469400383511264,1.6818970885446272,0.0,0.0,scenario2,windy,fixed
9040,259,DE0 19,DE0 411,1.6319508608767586,2.228368021200992,0.0,0.0,scenario2,windy,fixed
9041,26,DE0 103,DE0 9,6.9503309976044605,10.69110196310751,0.0,0.0,scenario2,windy,fixed
9042,260,DE0 190,DE0 330,30.14212522358716,47.89135707054737,0.0,0.0,scenario2,windy,fixed
9043,261,DE0 191,DE0 435,14.455349663724897,29.200967018988315,0.0,0.0,scenario2,windy,fixed
9044,262,DE0 191,DE0 89,9.09624822900477,15.919580276304867,0.0,0.0,scenario2,windy,fixed
9045,263,DE0 192,DE0 319,21.218984947373595,32.69700928659707,0.0,0.0,scenario2,windy,fixed
9046,264,DE0 192,DE0 349,25.8260013931464,36.84707794624206,0.0,0.0,scenario2,windy,fixed
9047,265,DE0 192,DE0 403,20.443715191925715,37.808361994704,0.0,0.0,scenario2,windy,fixed
9048,266,DE0 193,DE0 229,2.165248489486711,5.833663990280489,0.0,0.0,scenario2,windy,fixed
9049,267,DE0 193,DE0 3,4.259528424823563,6.757641741357889,0.0,0.0,scenario2,windy,fixed
9050,268,DE0 193,DE0 342,4.210839618552736,8.743339233295883,0.0,0.0,scenario2,windy,fixed
9051,269,DE0 193,DE0 356,7.802520057039773,11.152442578433217,0.0,0.0,scenario2,windy,fixed
9052,27,DE0 104,DE0 201,11.691605507286756,17.074046702907573,0.0,0.0,scenario2,windy,fixed
9053,270,DE0 194,DE0 76,51.58268360061844,59.474491158027874,0.0,0.0,scenario2,windy,fixed
9054,271,DE0 195,DE0 264,38.725480562211565,40.92462519170174,0.0,0.0,scenario2,windy,fixed
9055,272,DE0 195,DE0 301,34.083631624955466,37.03250923283828,0.0,0.0,scenario2,windy,fixed
9056,273,DE0 196,DE0 377,48.27483134533142,69.9561483372917,4.0,0.0,scenario2,windy,fixed
9057,274,DE0 197,DE0 356,2.071492692413859,5.306840292135691,0.0,0.0,scenario2,windy,fixed
9058,275,DE0 197,DE0 371,12.807072136253453,16.000809837646337,0.0,0.0,scenario2,windy,fixed
9059,276,DE0 198,DE0 239,33.86428990667842,37.49321006459838,0.0,0.0,scenario2,windy,fixed
9060,277,DE0 198,DE0 248,8.497587769007552,13.8395947826454,0.0,0.0,scenario2,windy,fixed
9061,278,DE0 199,DE0 432,16.168708257054334,22.793833701988497,0.0,0.0,scenario2,windy,fixed
9062,279,DE0 2,DE0 233,7.981736775550329,16.030442541317345,0.0,0.0,scenario2,windy,fixed
9063,28,DE0 104,DE0 206,32.42851529325243,47.70437125095836,0.0,0.0,scenario2,windy,fixed
9064,280,DE0 2,DE0 256,26.996425364259853,33.598774311158245,0.0,0.0,scenario2,windy,fixed
9065,281,DE0 2,DE0 72,22.851840767723665,27.787513392266618,0.0,0.0,scenario2,windy,fixed
9066,282,DE0 20,DE0 410,10.433454374864377,17.437184780414015,0.0,0.0,scenario2,windy,fixed
9067,283,DE0 200,DE0 242,3.8639008963736456,8.424292559072564,0.0,0.0,scenario2,windy,fixed
9068,284,DE0 200,DE0 386,47.057987071010274,52.055607470041565,0.0,0.0,scenario2,windy,fixed
9069,285,DE0 200,DE0 440,5.628215751427782,10.469472540197147,0.0,0.0,scenario2,windy,fixed
9070,286,DE0 200,DE0 99,51.234255588439545,57.937838075121896,0.0,0.0,scenario2,windy,fixed
9071,287,DE0 201,DE0 206,23.998557552563284,34.74489322127002,0.0,0.0,scenario2,windy,fixed
9072,288,DE0 201,DE0 212,39.346603620068194,50.8054045972403,0.0,0.0,scenario2,windy,fixed
9073,289,DE0 201,DE0 399,2.746981871262051,7.3607330776182,0.0,0.0,scenario2,windy,fixed
9074,29,DE0 104,DE0 428,11.170248259755981,16.200291813186286,0.0,0.0,scenario2,windy,fixed
9075,290,DE0 201,DE0 428,2.2616270004732857,3.8744436709716514,0.0,0.0,scenario2,windy,fixed
9076,291,DE0 202,DE0 298,42.6047573277085,65.69718557127977,2.0,0.0,scenario2,windy,fixed
9077,292,DE0 202,DE0 322,38.76064260198272,46.03616531071849,0.0,0.0,scenario2,windy,fixed
9078,293,DE0 202,DE0 360,12.767330997977355,20.74558698950898,0.0,0.0,scenario2,windy,fixed
9079,294,DE0 202,DE0 397,7.117489614350643,25.802268576705977,0.0,0.0,scenario2,windy,fixed
9080,295,DE0 202,DE0 48,27.158111768415775,57.23154309712911,0.0,0.0,scenario2,windy,fixed
9081,296,DE0 202,DE0 82,34.03599619571828,56.89645134335429,0.0,0.0,scenario2,windy,fixed
9082,297,DE0 203,DE0 212,41.90735441721352,42.59806413496028,0.0,0.0,scenario2,windy,fixed
9083,298,DE0 203,DE0 227,59.086135299928756,59.21686139422854,0.0,0.0,scenario2,windy,fixed
9084,299,DE0 203,DE0 358,40.35401075960901,40.812674660338935,0.0,0.0,scenario2,windy,fixed
9085,3,DE0 0,DE0 55,11.700208524128698,18.697937895608824,0.0,0.0,scenario2,windy,fixed
9086,30,DE0 105,DE0 260,22.762388349193582,26.95723886159064,0.0,0.0,scenario2,windy,fixed
9087,300,DE0 204,DE0 367,52.00048966797416,61.80237577725505,2.0,0.0,scenario2,windy,fixed
9088,301,DE0 204,DE0 46,50.61569684077464,58.03729911106588,0.0,0.0,scenario2,windy,fixed
9089,302,DE0 206,DE0 212,35.90419815021161,44.16758955544613,0.0,0.0,scenario2,windy,fixed
9090,303,DE0 206,DE0 290,42.51206356016338,56.76645895603056,0.0,0.0,scenario2,windy,fixed
9091,304,DE0 207,DE0 40,9.484250347649379,20.589805546559177,0.0,0.0,scenario2,windy,fixed
9092,305,DE0 207,DE0 54,6.720523075318198,20.26478318959032,0.0,0.0,scenario2,windy,fixed
9093,306,DE0 208,DE0 28,14.951333842976602,23.492998327654092,0.0,0.0,scenario2,windy,fixed
9094,307,DE0 208,DE0 307,12.673358462664241,27.323851113404523,0.0,0.0,scenario2,windy,fixed
9095,308,DE0 21,DE0 234,27.63465163590019,33.463453313049364,0.0,0.0,scenario2,windy,fixed
9096,309,DE0 21,DE0 74,21.990027590830028,30.31600524778938,0.0,0.0,scenario2,windy,fixed
9097,31,DE0 105,DE0 34,4.925399105593924,10.212573333641538,0.0,0.0,scenario2,windy,fixed
9098,310,DE0 210,DE0 305,33.00304892344333,42.73547564844823,0.0,0.0,scenario2,windy,fixed
9099,311,DE0 210,DE0 400,28.188907021351163,40.631279761659925,0.0,0.0,scenario2,windy,fixed
9100,312,DE0 211,DE0 247,62.95879135246841,67.25800902291941,18.0,0.0,scenario2,windy,fixed
9101,313,DE0 211,DE0 362,36.741380933087584,39.59544294095264,0.0,0.0,scenario2,windy,fixed
9102,314,DE0 212,DE0 280,21.761539283524385,27.67127776776876,0.0,0.0,scenario2,windy,fixed
9103,315,DE0 212,DE0 300,31.971005919330754,43.28185865274125,0.0,0.0,scenario2,windy,fixed
9104,316,DE0 212,DE0 358,42.46236369100291,43.42589625987582,0.0,0.0,scenario2,windy,fixed
9105,317,DE0 212,DE0 77,10.40964081458558,19.099704778608732,0.0,0.0,scenario2,windy,fixed
9106,318,DE0 213,DE0 342,4.60449429417219,11.950022623507124,0.0,0.0,scenario2,windy,fixed
9107,319,DE0 214,DE0 45,1.3077555683315618,2.2366607667224305,0.0,0.0,scenario2,windy,fixed
9108,32,DE0 105,DE0 354,47.70519386293703,56.28587742303147,0.0,0.0,scenario2,windy,fixed
9109,320,DE0 215,DE0 42,18.66323564050354,35.195180289402636,0.0,0.0,scenario2,windy,fixed
9110,321,DE0 216,DE0 277,23.78731251877529,24.98097817568465,0.0,0.0,scenario2,windy,fixed
9111,322,DE0 216,DE0 339,19.045343313445574,19.959383689748435,0.0,0.0,scenario2,windy,fixed
9112,323,DE0 216,DE0 429,16.091910317196707,16.75749127161289,0.0,0.0,scenario2,windy,fixed
9113,324,DE0 217,DE0 388,14.288812517060768,18.986245398306597,0.0,0.0,scenario2,windy,fixed
9114,325,DE0 217,DE0 46,46.96032243720851,63.42872441764188,4.0,0.0,scenario2,windy,fixed
9115,326,DE0 217,DE0 57,17.936661774710284,22.066369758021786,0.0,0.0,scenario2,windy,fixed
9116,327,DE0 218,DE0 406,22.525026883940676,24.373827382045967,0.0,0.0,scenario2,windy,fixed
9117,328,DE0 218,DE0 73,48.42623876881824,53.01798663414024,0.0,0.0,scenario2,windy,fixed
9118,329,DE0 22,DE0 296,12.042324593063784,32.607583682791265,0.0,0.0,scenario2,windy,fixed
9119,33,DE0 106,DE0 180,10.562301692801562,18.696508017699497,0.0,0.0,scenario2,windy,fixed
9120,330,DE0 22,DE0 352,37.00189481898621,53.52648262126903,0.0,0.0,scenario2,windy,fixed
9121,331,DE0 22,DE0 8,12.248501363036944,32.16538163536472,0.0,0.0,scenario2,windy,fixed
9122,332,DE0 220,DE0 336,1.246019403372204,2.9368426683205273,0.0,0.0,scenario2,windy,fixed
9123,333,DE0 220,DE0 379,8.374462709574892,8.9218329679898,0.0,0.0,scenario2,windy,fixed
9124,334,DE0 221,DE0 274,35.90530241464265,52.03883127985925,0.0,0.0,scenario2,windy,fixed
9125,335,DE0 222,DE0 292,64.6451984172468,69.80023270948288,21.0,0.0,scenario2,windy,fixed
9126,336,DE0 222,DE0 311,38.70280779626438,42.63792552713897,0.0,0.0,scenario2,windy,fixed
9127,337,DE0 222,DE0 381,32.375128080347146,42.984626587946195,0.0,0.0,scenario2,windy,fixed
9128,338,DE0 222,DE0 74,27.369089289551045,40.17429094529009,0.0,0.0,scenario2,windy,fixed
9129,339,DE0 222,DE0 87,45.5109697046921,55.7557637170364,0.0,0.0,scenario2,windy,fixed
9130,34,DE0 106,DE0 275,10.763522984346325,19.938516657798697,0.0,0.0,scenario2,windy,fixed
9131,340,DE0 223,DE0 286,12.530224427856004,25.87907599495513,0.0,0.0,scenario2,windy,fixed
9132,341,DE0 223,DE0 295,16.351982958443145,29.127076005458676,0.0,0.0,scenario2,windy,fixed
9133,342,DE0 224,DE0 40,29.437740568638244,35.820821654703124,0.0,0.0,scenario2,windy,fixed
9134,343,DE0 225,DE0 425,64.53079633192166,69.60073682707294,18.0,0.0,scenario2,windy,fixed
9135,344,DE0 225,DE0 6,65.48695238975955,69.64812422044058,18.0,0.0,scenario2,windy,fixed
9136,345,DE0 226,DE0 424,7.9103738048218,22.419309296001998,0.0,0.0,scenario2,windy,fixed
9137,346,DE0 227,DE0 289,18.033987211408366,19.152883743768243,0.0,0.0,scenario2,windy,fixed
9138,347,DE0 227,DE0 334,4.755348091619754,6.792878729486447,0.0,0.0,scenario2,windy,fixed
9139,348,DE0 227,DE0 396,10.313497014562662,12.404295329253582,0.0,0.0,scenario2,windy,fixed
9140,349,DE0 228,DE0 325,7.404739076159165,16.40682007857139,0.0,0.0,scenario2,windy,fixed
9141,35,DE0 107,DE0 154,22.303597909013952,28.700282806738503,0.0,0.0,scenario2,windy,fixed
9142,350,DE0 228,DE0 8,10.280315380313628,19.62514514412426,0.0,0.0,scenario2,windy,fixed
9143,351,DE0 229,DE0 236,3.9679154969518384,8.88611686336492,0.0,0.0,scenario2,windy,fixed
9144,352,DE0 229,DE0 332,16.233487483911034,20.309754506850837,0.0,0.0,scenario2,windy,fixed
9145,353,DE0 229,DE0 449,1.3611281630764214,1.568856339377249,0.0,0.0,scenario2,windy,fixed
9146,354,DE0 23,DE0 380,28.519192539515743,33.75833348329179,0.0,0.0,scenario2,windy,fixed
9147,355,DE0 23,DE0 57,59.83745736789774,68.36459036369288,12.0,0.0,scenario2,windy,fixed
9148,356,DE0 230,DE0 24,11.696632948751144,40.32068403549871,0.0,0.0,scenario2,windy,fixed
9149,357,DE0 231,DE0 87,40.66230551917051,47.14607498612809,0.0,0.0,scenario2,windy,fixed
9150,358,DE0 232,DE0 382,13.583618026201869,15.224323696623959,0.0,0.0,scenario2,windy,fixed
9151,359,DE0 233,DE0 271,10.441822569157804,20.203885414438215,0.0,0.0,scenario2,windy,fixed
9152,36,DE0 107,DE0 38,25.946759807293574,31.274417966622103,0.0,0.0,scenario2,windy,fixed
9153,360,DE0 233,DE0 72,35.532984825884725,40.095830230874625,0.0,0.0,scenario2,windy,fixed
9154,361,DE0 234,DE0 88,24.01459941250462,30.089476447584673,0.0,0.0,scenario2,windy,fixed
9155,362,DE0 235,DE0 382,5.578835481051279,6.641741262595387,0.0,0.0,scenario2,windy,fixed
9156,363,DE0 235,DE0 384,3.968643398340154,5.5218373819106645,0.0,0.0,scenario2,windy,fixed
9157,364,DE0 236,DE0 260,24.914434531004947,29.287723510378015,0.0,0.0,scenario2,windy,fixed
9158,365,DE0 236,DE0 31,15.683954476485628,22.26663529436009,0.0,0.0,scenario2,windy,fixed
9159,366,DE0 237,DE0 37,19.69551051441988,27.876838155239277,0.0,0.0,scenario2,windy,fixed
9160,367,DE0 238,DE0 250,4.793801398411544,16.571309531696947,0.0,0.0,scenario2,windy,fixed
9161,368,DE0 238,DE0 445,2.223903058259509,10.174053750117691,0.0,0.0,scenario2,windy,fixed
9162,369,DE0 239,DE0 392,32.2536154509174,35.53124021293467,0.0,0.0,scenario2,windy,fixed
9163,37,DE0 108,DE0 246,47.65115598922598,69.89714115411046,8.0,0.0,scenario2,windy,fixed
9164,370,DE0 24,DE0 245,17.683061159365945,40.69010303663506,0.0,0.0,scenario2,windy,fixed
9165,371,DE0 24,DE0 259,19.423094480951168,37.296927282266736,0.0,0.0,scenario2,windy,fixed
9166,372,DE0 24,DE0 335,24.08882165231491,67.96243290190822,1.0,0.0,scenario2,windy,fixed
9167,373,DE0 24,DE0 68,8.326413972345707,28.57317566213635,0.0,0.0,scenario2,windy,fixed
9168,374,DE0 240,DE0 357,30.700948759111597,33.09074211589543,0.0,0.0,scenario2,windy,fixed
9169,375,DE0 241,DE0 322,38.681058236685836,45.33807858008122,0.0,0.0,scenario2,windy,fixed
9170,376,DE0 242,DE0 340,21.304311239399766,25.89342749767972,0.0,0.0,scenario2,windy,fixed
9171,377,DE0 242,DE0 99,27.95982258217093,33.495877147051836,0.0,0.0,scenario2,windy,fixed
9172,378,DE0 243,DE0 46,52.399516249131054,55.74440070733072,0.0,0.0,scenario2,windy,fixed
9173,379,DE0 244,DE0 366,9.661190070301974,13.579944923178788,0.0,0.0,scenario2,windy,fixed
9174,38,DE0 108,DE0 393,20.98001687489306,32.2536630891182,0.0,0.0,scenario2,windy,fixed
9175,380,DE0 244,DE0 448,11.78257414823959,13.375042955799415,0.0,0.0,scenario2,windy,fixed
9176,381,DE0 244,DE0 95,21.47837122902072,26.885411550225058,0.0,0.0,scenario2,windy,fixed
9177,382,DE0 245,DE0 422,10.13762728300515,35.337460503667366,0.0,0.0,scenario2,windy,fixed
9178,383,DE0 246,DE0 267,55.307061436681636,69.7889108284221,9.0,0.0,scenario2,windy,fixed
9179,384,DE0 247,DE0 74,47.60919702568815,51.94362412420196,0.0,0.0,scenario2,windy,fixed
9180,385,DE0 248,DE0 374,31.88259489626824,34.88139034306633,0.0,0.0,scenario2,windy,fixed
9181,386,DE0 248,DE0 66,29.84147770677555,36.02392506280464,0.0,0.0,scenario2,windy,fixed
9182,387,DE0 248,DE0 90,46.604483062232795,51.18611985710471,0.0,0.0,scenario2,windy,fixed
9183,388,DE0 249,DE0 36,18.530239071466767,32.730021047192665,0.0,0.0,scenario2,windy,fixed
9184,389,DE0 249,DE0 364,19.37988420139034,26.47186793821098,0.0,0.0,scenario2,windy,fixed
9185,39,DE0 108,DE0 417,5.735809297125124,7.522803519546003,0.0,0.0,scenario2,windy,fixed
9186,390,DE0 25,DE0 50,49.250892277506814,59.240474639001064,0.0,0.0,scenario2,windy,fixed
9187,391,DE0 25,DE0 92,38.80628766832626,46.28612489859524,0.0,0.0,scenario2,windy,fixed
9188,392,DE0 250,DE0 56,28.455635066409467,42.88977793555925,0.0,0.0,scenario2,windy,fixed
9189,393,DE0 251,DE0 343,45.06309367892954,51.457260048012145,0.0,0.0,scenario2,windy,fixed
9190,394,DE0 251,DE0 385,4.136077062281879,9.809636263900485,0.0,0.0,scenario2,windy,fixed
9191,395,DE0 252,DE0 293,27.03500011594245,36.69646740532552,0.0,0.0,scenario2,windy,fixed
9192,396,DE0 252,DE0 344,16.039252881070677,21.63910695665612,0.0,0.0,scenario2,windy,fixed
9193,397,DE0 253,DE0 75,25.017888350118938,40.08463235533666,0.0,0.0,scenario2,windy,fixed
9194,398,DE0 254,DE0 283,15.931977200931193,19.10586682441722,0.0,0.0,scenario2,windy,fixed
9195,399,DE0 254,DE0 378,22.2798211608102,25.998539903186014,0.0,0.0,scenario2,windy,fixed
9196,4,DE0 0,DE0 59,33.77056935500652,44.190286164199414,0.0,0.0,scenario2,windy,fixed
9197,40,DE0 109,DE0 162,11.070241142742017,18.091455897481996,0.0,0.0,scenario2,windy,fixed
9198,400,DE0 254,DE0 99,30.211120052407818,34.94294712384993,0.0,0.0,scenario2,windy,fixed
9199,401,DE0 255,DE0 415,38.07460904986247,43.825133655060824,0.0,0.0,scenario2,windy,fixed
9200,402,DE0 255,DE0 76,44.4341621494553,49.69033157013886,0.0,0.0,scenario2,windy,fixed
9201,403,DE0 257,DE0 328,19.419200890534896,24.43263002168543,0.0,0.0,scenario2,windy,fixed
9202,404,DE0 257,DE0 336,1.91468315512577,4.428294394160227,0.0,0.0,scenario2,windy,fixed
9203,405,DE0 257,DE0 387,7.82261141388868,10.326311226635005,0.0,0.0,scenario2,windy,fixed
9204,406,DE0 258,DE0 34,9.93401226647247,13.520216443362473,0.0,0.0,scenario2,windy,fixed
9205,407,DE0 258,DE0 433,14.301307077608328,20.469452733816876,0.0,0.0,scenario2,windy,fixed
9206,408,DE0 26,DE0 69,17.643956460975495,25.89482829908946,0.0,0.0,scenario2,windy,fixed
9207,409,DE0 262,DE0 42,5.586101661442674,11.379607625867298,0.0,0.0,scenario2,windy,fixed
9208,41,DE0 109,DE0 215,10.089488543729408,17.383094991431715,0.0,0.0,scenario2,windy,fixed
9209,410,DE0 263,DE0 347,12.29172722816708,16.776767240597774,0.0,0.0,scenario2,windy,fixed
9210,411,DE0 263,DE0 9,10.086373766843622,14.425256887237314,0.0,0.0,scenario2,windy,fixed
9211,412,DE0 264,DE0 339,69.90055071845424,69.9005933273683,24.0,0.0,scenario2,windy,fixed
9212,413,DE0 264,DE0 363,32.23856833203707,34.402963684094075,0.0,0.0,scenario2,windy,fixed
9213,414,DE0 264,DE0 375,41.01866858392293,43.587855024021096,0.0,0.0,scenario2,windy,fixed
9214,415,DE0 265,DE0 306,30.71817630368689,35.727427253586214,0.0,0.0,scenario2,windy,fixed
9215,416,DE0 266,DE0 420,24.04143112237182,29.836864808981193,0.0,0.0,scenario2,windy,fixed
9216,417,DE0 266,DE0 67,23.46082830956803,29.087628513167356,0.0,0.0,scenario2,windy,fixed
9217,418,DE0 267,DE0 70,30.205794838729695,41.90703842750926,0.0,0.0,scenario2,windy,fixed
9218,419,DE0 268,DE0 336,5.09176486067662,8.413882693270484,0.0,0.0,scenario2,windy,fixed
9219,42,DE0 11,DE0 360,12.177275892443703,20.018872678784582,0.0,0.0,scenario2,windy,fixed
9220,420,DE0 268,DE0 361,12.667651239928492,20.047971952315986,0.0,0.0,scenario2,windy,fixed
9221,421,DE0 268,DE0 366,4.564698500640604,6.6072100458032885,0.0,0.0,scenario2,windy,fixed
9222,422,DE0 268,DE0 95,4.108677688553939,7.860693236248453,0.0,0.0,scenario2,windy,fixed
9223,423,DE0 269,DE0 29,45.74793075450111,60.35475065889341,1.0,0.0,scenario2,windy,fixed
9224,424,DE0 27,DE0 283,2.9160531589658016,6.960604606655149,0.0,0.0,scenario2,windy,fixed
9225,425,DE0 27,DE0 333,7.420501291796105,13.952305031678355,0.0,0.0,scenario2,windy,fixed
9226,426,DE0 27,DE0 447,19.77047635898205,23.050328627249336,0.0,0.0,scenario2,windy,fixed
9227,427,DE0 270,DE0 350,5.288769004074789,11.371783905185067,0.0,0.0,scenario2,windy,fixed
9228,428,DE0 270,DE0 423,13.816297793133911,19.457676626092237,0.0,0.0,scenario2,windy,fixed
9229,429,DE0 270,DE0 426,12.398962583076917,26.01232634268449,0.0,0.0,scenario2,windy,fixed
9230,43,DE0 11,DE0 67,17.901515783440846,26.62359166524509,0.0,0.0,scenario2,windy,fixed
9231,430,DE0 271,DE0 61,19.98171273854297,39.85364805981714,0.0,0.0,scenario2,windy,fixed
9232,431,DE0 271,DE0 91,20.322731050393795,39.73398740921224,0.0,0.0,scenario2,windy,fixed
9233,432,DE0 272,DE0 385,11.732486140417114,13.489453535047177,0.0,0.0,scenario2,windy,fixed
9234,433,DE0 272,DE0 406,3.8495122592271316,4.120158856754194,0.0,0.0,scenario2,windy,fixed
9235,434,DE0 273,DE0 370,21.89577531918683,31.962468543070628,0.0,0.0,scenario2,windy,fixed
9236,435,DE0 273,DE0 407,21.094148808861473,31.452028877357723,0.0,0.0,scenario2,windy,fixed
9237,436,DE0 274,DE0 28,13.798593490708475,19.878254062553655,0.0,0.0,scenario2,windy,fixed
9238,437,DE0 275,DE0 309,11.709287592880901,21.44039489301701,0.0,0.0,scenario2,windy,fixed
9239,438,DE0 276,DE0 277,8.190284650954325,9.174895368933447,0.0,0.0,scenario2,windy,fixed
9240,439,DE0 276,DE0 396,22.701450830420335,24.9502304446378,0.0,0.0,scenario2,windy,fixed
9241,44,DE0 110,DE0 415,58.411521077497795,64.7576469144226,10.0,0.0,scenario2,windy,fixed
9242,440,DE0 277,DE0 369,11.202020442935169,13.057246642037008,0.0,0.0,scenario2,windy,fixed
9243,441,DE0 277,DE0 376,19.405883191817708,21.061069965406656,0.0,0.0,scenario2,windy,fixed
9244,442,DE0 278,DE0 296,13.21673947198683,27.085110978116962,0.0,0.0,scenario2,windy,fixed
9245,443,DE0 278,DE0 324,18.03363627867143,31.461345733578554,0.0,0.0,scenario2,windy,fixed
9246,444,DE0 279,DE0 405,12.866336161706979,17.6237965892933,0.0,0.0,scenario2,windy,fixed
9247,445,DE0 280,DE0 439,23.27215344652872,26.911931598568405,0.0,0.0,scenario2,windy,fixed
9248,446,DE0 281,DE0 346,9.461923549115154,17.10048080079907,0.0,0.0,scenario2,windy,fixed
9249,447,DE0 281,DE0 52,22.30308741700936,34.13499786004843,0.0,0.0,scenario2,windy,fixed
9250,448,DE0 282,DE0 355,42.96604303415837,46.79121985537319,0.0,0.0,scenario2,windy,fixed
9251,449,DE0 282,DE0 365,40.929418619210686,44.754548775098925,0.0,0.0,scenario2,windy,fixed
9252,45,DE0 111,DE0 435,62.193617446937154,69.44335713931548,15.0,0.0,scenario2,windy,fixed
9253,450,DE0 282,DE0 389,20.956127464061534,22.680648811736148,0.0,0.0,scenario2,windy,fixed
9254,451,DE0 283,DE0 292,30.61596413021202,34.534992559502506,0.0,0.0,scenario2,windy,fixed
9255,452,DE0 283,DE0 331,19.075367816769774,25.70685982240827,0.0,0.0,scenario2,windy,fixed
9256,453,DE0 283,DE0 378,18.76835224637148,26.08719603286151,0.0,0.0,scenario2,windy,fixed
9257,454,DE0 284,DE0 308,15.756216968935414,20.09802019553819,0.0,0.0,scenario2,windy,fixed
9258,455,DE0 284,DE0 353,16.65663065529051,21.2677860061387,0.0,0.0,scenario2,windy,fixed
9259,456,DE0 285,DE0 301,32.18347153500128,35.409037213978955,0.0,0.0,scenario2,windy,fixed
9260,457,DE0 285,DE0 379,10.174687882860468,11.621526569720762,0.0,0.0,scenario2,windy,fixed
9261,458,DE0 285,DE0 382,20.695727460762246,23.362696709162172,0.0,0.0,scenario2,windy,fixed
9262,459,DE0 286,DE0 347,9.335970919252828,16.092412512588023,0.0,0.0,scenario2,windy,fixed
9263,46,DE0 111,DE0 66,24.261314852961682,29.643418512278107,0.0,0.0,scenario2,windy,fixed
9264,460,DE0 287,DE0 339,0.6273718461017528,1.430831823729469,0.0,0.0,scenario2,windy,fixed
9265,461,DE0 287,DE0 413,1.4701321452411964,2.090005281067105,0.0,0.0,scenario2,windy,fixed
9266,462,DE0 287,DE0 416,1.4547027726333073,1.8480168665080579,0.0,0.0,scenario2,windy,fixed
9267,463,DE0 288,DE0 289,22.6489482597063,28.438512579572734,0.0,0.0,scenario2,windy,fixed
9268,464,DE0 289,DE0 337,16.219736683730908,16.891701037404903,0.0,0.0,scenario2,windy,fixed
9269,465,DE0 289,DE0 401,17.72397614311875,18.618528837236966,0.0,0.0,scenario2,windy,fixed
9270,466,DE0 29,DE0 383,29.800335628808316,45.19167736630479,0.0,0.0,scenario2,windy,fixed
9271,467,DE0 290,DE0 351,26.404304740718693,35.34403360031085,0.0,0.0,scenario2,windy,fixed
9272,468,DE0 291,DE0 356,17.673856530149994,23.384343902458443,0.0,0.0,scenario2,windy,fixed
9273,469,DE0 291,DE0 433,13.104433486154187,19.37602595193722,0.0,0.0,scenario2,windy,fixed
9274,47,DE0 112,DE0 349,69.3424498572616,69.96418614272942,23.0,0.0,scenario2,windy,fixed
9275,470,DE0 292,DE0 326,67.02231981048497,69.85834825851187,21.0,0.0,scenario2,windy,fixed
9276,471,DE0 292,DE0 340,42.120334268607834,47.775667073018255,0.0,0.0,scenario2,windy,fixed
9277,472,DE0 292,DE0 430,56.87809085602189,64.19484637109684,7.0,0.0,scenario2,windy,fixed
9278,473,DE0 293,DE0 344,31.84220080827151,43.45255031292343,0.0,0.0,scenario2,windy,fixed
9279,474,DE0 293,DE0 414,15.873771463150588,21.673677184985543,0.0,0.0,scenario2,windy,fixed
9280,475,DE0 294,DE0 394,65.08058387384607,69.89466810198847,23.0,0.0,scenario2,windy,fixed
9281,476,DE0 294,DE0 395,63.696157312511794,68.3781055096817,22.0,0.0,scenario2,windy,fixed
9282,477,DE0 295,DE0 378,9.676138640590674,15.961790911626373,0.0,0.0,scenario2,windy,fixed
9283,478,DE0 296,DE0 8,12.086188028217244,22.24344104398615,0.0,0.0,scenario2,windy,fixed
9284,479,DE0 297,DE0 394,39.6894463555238,42.71467457435504,0.0,0.0,scenario2,windy,fixed
9285,48,DE0 112,DE0 391,27.925196128456637,38.414494364267384,0.0,0.0,scenario2,windy,fixed
9286,480,DE0 297,DE0 90,40.68417960058644,43.87531926850213,0.0,0.0,scenario2,windy,fixed
9287,481,DE0 298,DE0 67,22.61661752955788,34.19132717370751,0.0,0.0,scenario2,windy,fixed
9288,482,DE0 299,DE0 411,0.9809949557943327,1.311240511163379,0.0,0.0,scenario2,windy,fixed
9289,483,DE0 299,DE0 60,1.6420847409891752,6.6567526277997615,0.0,0.0,scenario2,windy,fixed
9290,484,DE0 3,DE0 356,12.770124964810279,17.248536537302623,0.0,0.0,scenario2,windy,fixed
9291,485,DE0 30,DE0 399,8.418514354745,16.94819317977027,0.0,0.0,scenario2,windy,fixed
9292,486,DE0 30,DE0 428,3.8091734819483936,8.755170712899856,0.0,0.0,scenario2,windy,fixed
9293,487,DE0 30,DE0 77,55.38674541745,66.86333747517652,11.0,0.0,scenario2,windy,fixed
9294,488,DE0 300,DE0 313,33.41338441078359,44.60371718956573,0.0,0.0,scenario2,windy,fixed
9295,489,DE0 302,DE0 447,13.331213148405894,15.468506952914288,0.0,0.0,scenario2,windy,fixed
9296,49,DE0 113,DE0 189,9.041353354001453,16.915260452029564,0.0,0.0,scenario2,windy,fixed
9297,490,DE0 302,DE0 99,21.511393923693554,24.78706277850806,0.0,0.0,scenario2,windy,fixed
9298,491,DE0 303,DE0 436,9.984887650452674,19.485253927322052,0.0,0.0,scenario2,windy,fixed
9299,492,DE0 304,DE0 98,26.964863085569952,31.32022622295892,0.0,0.0,scenario2,windy,fixed
9300,493,DE0 305,DE0 313,32.625523405062125,42.31950018207483,0.0,0.0,scenario2,windy,fixed
9301,494,DE0 308,DE0 431,37.34552115404008,46.43568482090012,0.0,0.0,scenario2,windy,fixed
9302,495,DE0 31,DE0 408,13.80092989855247,20.840473712656973,0.0,0.0,scenario2,windy,fixed
9303,496,DE0 310,DE0 340,6.54089403857797,11.14335745755516,0.0,0.0,scenario2,windy,fixed
9304,497,DE0 310,DE0 430,5.77664988209741,7.222446705878825,0.0,0.0,scenario2,windy,fixed
9305,498,DE0 312,DE0 364,7.517857937244857,12.134577886807174,0.0,0.0,scenario2,windy,fixed
9306,499,DE0 314,DE0 380,56.68694885645257,68.12916231461298,9.0,0.0,scenario2,windy,fixed
9307,5,DE0 0,DE0 65,12.712614634580834,21.431685931663726,0.0,0.0,scenario2,windy,fixed
9308,50,DE0 113,DE0 251,54.786447636824676,63.26655457567466,4.0,0.0,scenario2,windy,fixed
9309,500,DE0 314,DE0 86,27.023018154869906,32.53569191708234,0.0,0.0,scenario2,windy,fixed
9310,501,DE0 315,DE0 365,20.377659929432937,22.167059355103692,0.0,0.0,scenario2,windy,fixed
9311,502,DE0 315,DE0 448,13.090853710959461,16.06027354094452,0.0,0.0,scenario2,windy,fixed
9312,503,DE0 316,DE0 412,21.402728145473368,28.081043637269758,0.0,0.0,scenario2,windy,fixed
9313,504,DE0 317,DE0 58,12.954010757141118,23.521348530393283,0.0,0.0,scenario2,windy,fixed
9314,505,DE0 317,DE0 81,45.418801044493335,53.35602487732868,0.0,0.0,scenario2,windy,fixed
9315,506,DE0 318,DE0 369,29.91782645577609,32.95307142075026,0.0,0.0,scenario2,windy,fixed
9316,507,DE0 318,DE0 392,62.82278944740435,69.23368951328538,15.0,0.0,scenario2,windy,fixed
9317,508,DE0 319,DE0 391,49.68651267567856,56.40687701608482,0.0,0.0,scenario2,windy,fixed
9318,509,DE0 32,DE0 96,17.044211029833857,27.829941466363078,0.0,0.0,scenario2,windy,fixed
9319,51,DE0 113,DE0 33,60.49304043514769,64.39359103297544,17.0,0.0,scenario2,windy,fixed
9320,510,DE0 320,DE0 409,16.31819767531595,17.545025087601474,0.0,0.0,scenario2,windy,fixed
9321,511,DE0 320,DE0 418,16.22348743889049,17.44026223327846,0.0,0.0,scenario2,windy,fixed
9322,512,DE0 321,DE0 384,1.674339632729176,3.59807172566868,0.0,0.0,scenario2,windy,fixed
9323,513,DE0 321,DE0 412,1.1442983553525696,2.40155685598568,0.0,0.0,scenario2,windy,fixed
9324,514,DE0 323,DE0 419,6.1571489412746425,18.391223871409267,0.0,0.0,scenario2,windy,fixed
9325,515,DE0 323,DE0 445,6.142678003966604,18.615483870710207,0.0,0.0,scenario2,windy,fixed
9326,516,DE0 324,DE0 426,13.57124422212326,27.594197472040577,0.0,0.0,scenario2,windy,fixed
9327,517,DE0 326,DE0 390,63.53050981423931,67.08583848165229,18.0,0.0,scenario2,windy,fixed
9328,518,DE0 327,DE0 53,38.56581207702921,41.29455727400791,0.0,0.0,scenario2,windy,fixed
9329,519,DE0 328,DE0 336,5.287938501284253,7.725844233394705,0.0,0.0,scenario2,windy,fixed
9330,52,DE0 113,DE0 343,47.78316392059279,58.08550591733044,0.0,0.0,scenario2,windy,fixed
9331,520,DE0 330,DE0 362,69.90496040736713,69.90496059151197,24.0,0.0,scenario2,windy,fixed
9332,521,DE0 330,DE0 60,10.860921613319423,18.42041691582031,0.0,0.0,scenario2,windy,fixed
9333,522,DE0 331,DE0 421,8.197724057716185,11.05955442772435,0.0,0.0,scenario2,windy,fixed
9334,523,DE0 331,DE0 446,10.19677408517855,19.620599376885842,0.0,0.0,scenario2,windy,fixed
9335,524,DE0 332,DE0 431,18.247938462258016,22.685595143345626,0.0,0.0,scenario2,windy,fixed
9336,525,DE0 333,DE0 441,9.194579486297885,16.24202469140329,0.0,0.0,scenario2,windy,fixed
9337,526,DE0 334,DE0 376,22.106991695372606,24.561838076943783,0.0,0.0,scenario2,windy,fixed
9338,527,DE0 334,DE0 416,47.058351832562444,48.87036767724887,0.0,0.0,scenario2,windy,fixed
9339,528,DE0 334,DE0 63,37.55660696269654,39.033140483680384,0.0,0.0,scenario2,windy,fixed
9340,529,DE0 336,DE0 379,3.9620475137084132,6.392988155822203,0.0,0.0,scenario2,windy,fixed
9341,53,DE0 113,DE0 35,11.80654804829029,21.974917339344685,0.0,0.0,scenario2,windy,fixed
9342,530,DE0 336,DE0 412,6.806094869341652,10.438974094621743,0.0,0.0,scenario2,windy,fixed
9343,531,DE0 338,DE0 379,4.2668604034148645,7.2267662820228225,0.0,0.0,scenario2,windy,fixed
9344,532,DE0 338,DE0 51,1.214242808413743,3.1938665808181375,0.0,0.0,scenario2,windy,fixed
9345,533,DE0 339,DE0 363,20.688140377086803,21.786658470659308,0.0,0.0,scenario2,windy,fixed
9346,534,DE0 339,DE0 413,3.7206037853936813,4.906284324663998,0.0,0.0,scenario2,windy,fixed
9347,535,DE0 339,DE0 429,13.921883030310283,14.835444242938593,0.0,0.0,scenario2,windy,fixed
9348,536,DE0 341,DE0 363,14.954130681173567,18.476814232839185,0.0,0.0,scenario2,windy,fixed
9349,537,DE0 341,DE0 427,11.265847038151005,12.48309730665296,0.0,0.0,scenario2,windy,fixed
9350,538,DE0 345,DE0 41,24.55063824662167,33.3317588226142,0.0,0.0,scenario2,windy,fixed
9351,539,DE0 345,DE0 414,19.405048729880306,29.51907779985561,0.0,0.0,scenario2,windy,fixed
9352,54,DE0 113,DE0 55,9.036912209521414,22.935553032740966,0.0,0.0,scenario2,windy,fixed
9353,540,DE0 346,DE0 442,21.00563433295229,33.54224263023327,0.0,0.0,scenario2,windy,fixed
9354,541,DE0 348,DE0 444,16.18957620902307,17.360107280849448,0.0,0.0,scenario2,windy,fixed
9355,542,DE0 349,DE0 4,37.81580597424921,55.867827302607175,0.0,0.0,scenario2,windy,fixed
9356,543,DE0 349,DE0 70,32.67411545036122,43.559569351356586,0.0,0.0,scenario2,windy,fixed
9357,544,DE0 35,DE0 55,8.803707104877,24.906857493004544,0.0,0.0,scenario2,windy,fixed
9358,545,DE0 350,DE0 423,43.773609027303365,64.69512870271654,3.0,0.0,scenario2,windy,fixed
9359,546,DE0 350,DE0 75,28.06826101393337,51.26628497115184,0.0,0.0,scenario2,windy,fixed
9360,547,DE0 351,DE0 425,13.135266046388624,21.41446554648937,0.0,0.0,scenario2,windy,fixed
9361,548,DE0 353,DE0 49,16.64506279256072,21.34877308954954,0.0,0.0,scenario2,windy,fixed
9362,549,DE0 354,DE0 385,3.2010843598061176,4.6474525509737274,0.0,0.0,scenario2,windy,fixed
9363,55,DE0 113,DE0 65,6.7394304195076815,12.9585015379309,0.0,0.0,scenario2,windy,fixed
9364,550,DE0 354,DE0 406,15.74595736310237,17.20312995764216,0.0,0.0,scenario2,windy,fixed
9365,551,DE0 354,DE0 98,40.63259692966882,44.61549613297372,0.0,0.0,scenario2,windy,fixed
9366,552,DE0 356,DE0 364,17.863082656831754,21.800117245373468,0.0,0.0,scenario2,windy,fixed
9367,553,DE0 356,DE0 371,8.68550074857402,12.408099255586237,0.0,0.0,scenario2,windy,fixed
9368,554,DE0 356,DE0 412,14.475823161149506,19.68549938486867,0.0,0.0,scenario2,windy,fixed
9369,555,DE0 356,DE0 433,17.6886450113754,23.98888546796823,0.0,0.0,scenario2,windy,fixed
9370,556,DE0 357,DE0 439,18.0001843358702,20.608713401619244,0.0,0.0,scenario2,windy,fixed
9371,557,DE0 359,DE0 440,0.721872282503028,1.921875261158236,0.0,0.0,scenario2,windy,fixed
9372,558,DE0 359,DE0 5,4.667282217043911,7.144730563986848,0.0,0.0,scenario2,windy,fixed
9373,559,DE0 363,DE0 416,23.943453957683822,24.446885648670428,0.0,0.0,scenario2,windy,fixed
9374,56,DE0 114,DE0 175,41.095600143136515,55.55505708848065,0.0,0.0,scenario2,windy,fixed
9375,560,DE0 365,DE0 389,41.66598442334893,45.77876490035918,0.0,0.0,scenario2,windy,fixed
9376,561,DE0 365,DE0 448,19.166145993598004,21.361851102292743,0.0,0.0,scenario2,windy,fixed
9377,562,DE0 367,DE0 55,3.1980276939422825,7.600392807563167,0.0,0.0,scenario2,windy,fixed
9378,563,DE0 367,DE0 92,29.805932239803546,36.6074632235096,0.0,0.0,scenario2,windy,fixed
9379,564,DE0 367,DE0 94,45.26162797275628,53.26606161396856,0.0,0.0,scenario2,windy,fixed
9380,565,DE0 368,DE0 424,4.021724831812758,11.295535123627449,0.0,0.0,scenario2,windy,fixed
9381,566,DE0 368,DE0 7,3.2608010591007957,9.62958314274211,0.0,0.0,scenario2,windy,fixed
9382,567,DE0 369,DE0 376,14.592576540547961,16.989060213597266,0.0,0.0,scenario2,windy,fixed
9383,568,DE0 372,DE0 407,21.09150296828853,31.450121382001278,0.0,0.0,scenario2,windy,fixed
9384,569,DE0 372,DE0 44,41.330521142873344,61.18054529771214,2.0,0.0,scenario2,windy,fixed
9385,57,DE0 114,DE0 181,35.39673625352162,52.32475768565531,0.0,0.0,scenario2,windy,fixed
9386,570,DE0 373,DE0 449,0.29467014653219437,0.3403128949332263,0.0,0.0,scenario2,windy,fixed
9387,571,DE0 375,DE0 382,18.700364750048895,22.447331233731976,0.0,0.0,scenario2,windy,fixed
9388,572,DE0 375,DE0 51,17.347780762984723,18.007448362583105,0.0,0.0,scenario2,windy,fixed
9389,573,DE0 376,DE0 437,39.92058634884244,42.81339593633871,0.0,0.0,scenario2,windy,fixed
9390,574,DE0 377,DE0 414,25.963170650596474,36.50585397816787,0.0,0.0,scenario2,windy,fixed
9391,575,DE0 378,DE0 404,25.204531151746096,27.80816231422224,0.0,0.0,scenario2,windy,fixed
9392,576,DE0 38,DE0 58,16.900154839482727,22.642741710401392,0.0,0.0,scenario2,windy,fixed
9393,577,DE0 381,DE0 74,19.673312534999134,32.873794273958346,0.0,0.0,scenario2,windy,fixed
9394,578,DE0 382,DE0 412,1.780017928780984,3.8293458297479295,0.0,0.0,scenario2,windy,fixed
9395,579,DE0 383,DE0 432,27.5794184859874,39.515026591275635,0.0,0.0,scenario2,windy,fixed
9396,58,DE0 115,DE0 12,33.003934905438555,37.88305371378189,0.0,0.0,scenario2,windy,fixed
9397,580,DE0 383,DE0 434,26.684268924494148,35.42585274813996,0.0,0.0,scenario2,windy,fixed
9398,581,DE0 383,DE0 97,4.258069475324544,12.610063542573839,0.0,0.0,scenario2,windy,fixed
9399,582,DE0 386,DE0 99,39.83801317339879,45.662599741925966,0.0,0.0,scenario2,windy,fixed
9400,583,DE0 387,DE0 412,5.339498065572394,7.051981181247122,0.0,0.0,scenario2,windy,fixed
9401,584,DE0 388,DE0 57,19.29764914107468,22.582189559288064,0.0,0.0,scenario2,windy,fixed
9402,585,DE0 39,DE0 425,52.98457006787737,69.97513680573164,7.0,0.0,scenario2,windy,fixed
9403,586,DE0 39,DE0 438,50.39557496464987,67.94318021867915,5.0,0.0,scenario2,windy,fixed
9404,587,DE0 390,DE0 5,58.23574369286795,69.63919562265428,10.0,0.0,scenario2,windy,fixed
9405,588,DE0 391,DE0 417,20.57163138666532,26.846718919435997,0.0,0.0,scenario2,windy,fixed
9406,589,DE0 393,DE0 403,26.195658619643265,43.680895584802634,0.0,0.0,scenario2,windy,fixed
9407,59,DE0 115,DE0 398,25.944319532850006,34.914583372977674,0.0,0.0,scenario2,windy,fixed
9408,590,DE0 394,DE0 395,64.77610479808715,69.55984706811378,23.0,0.0,scenario2,windy,fixed
9409,591,DE0 394,DE0 443,39.85139577970826,42.88215686175456,0.0,0.0,scenario2,windy,fixed
9410,592,DE0 395,DE0 437,20.087558994462853,21.54838757864767,0.0,0.0,scenario2,windy,fixed
9411,593,DE0 396,DE0 416,30.767553121540598,31.826672444576122,0.0,0.0,scenario2,windy,fixed
9412,594,DE0 398,DE0 58,47.12011440516316,59.12094609045128,0.0,0.0,scenario2,windy,fixed
9413,595,DE0 398,DE0 81,17.10051406882579,22.051734810769315,0.0,0.0,scenario2,windy,fixed
9414,596,DE0 4,DE0 97,21.363565388949983,26.903748822756558,0.0,0.0,scenario2,windy,fixed
9415,597,DE0 40,DE0 410,17.429374267282736,28.50325210345061,0.0,0.0,scenario2,windy,fixed
9416,598,DE0 400,DE0 56,26.33731226190463,40.72368212979809,0.0,0.0,scenario2,windy,fixed
9417,599,DE0 401,DE0 427,21.818693195303997,22.82321689100976,0.0,0.0,scenario2,windy,fixed
9418,6,DE0 0,DE0 83,29.05910272514829,44.645057188930586,0.0,0.0,scenario2,windy,fixed
9419,60,DE0 115,DE0 46,69.55890525035541,69.55890613673499,24.0,0.0,scenario2,windy,fixed
9420,600,DE0 402,DE0 446,20.116707828669913,38.954565126242315,0.0,0.0,scenario2,windy,fixed
9421,601,DE0 404,DE0 84,11.769960455656907,12.993251542974916,0.0,0.0,scenario2,windy,fixed
9422,602,DE0 405,DE0 79,13.19102040989397,18.425333255889736,0.0,0.0,scenario2,windy,fixed
9423,603,DE0 409,DE0 444,32.40181156698568,34.79395666805042,0.0,0.0,scenario2,windy,fixed
9424,604,DE0 41,DE0 79,54.890630403263394,68.50009130809073,7.0,0.0,scenario2,windy,fixed
9425,605,DE0 415,DE0 53,68.32451479601295,68.98465316552192,23.0,0.0,scenario2,windy,fixed
9426,606,DE0 415,DE0 76,46.20025310571023,51.71456309261935,0.0,0.0,scenario2,windy,fixed
9427,607,DE0 416,DE0 63,35.393782693860835,36.70673148786917,0.0,0.0,scenario2,windy,fixed
9428,608,DE0 421,DE0 84,14.88453989316735,20.501954171336468,0.0,0.0,scenario2,windy,fixed
9429,609,DE0 43,DE0 96,38.61416580024924,49.46456015764368,0.0,0.0,scenario2,windy,fixed
9430,61,DE0 115,DE0 81,26.00771827752145,35.03709027446089,0.0,0.0,scenario2,windy,fixed
9431,610,DE0 430,DE0 5,10.897889202115941,12.792442065883728,0.0,0.0,scenario2,windy,fixed
9432,611,DE0 435,DE0 52,22.82888848604928,29.72954345697083,0.0,0.0,scenario2,windy,fixed
9433,612,DE0 435,DE0 6,59.62646197311189,64.63021396614646,17.0,0.0,scenario2,windy,fixed
9434,613,DE0 435,DE0 89,9.633479007236092,16.994271543680092,0.0,0.0,scenario2,windy,fixed
9435,614,DE0 440,DE0 5,6.36752755522198,10.436975010266277,0.0,0.0,scenario2,windy,fixed
9436,615,DE0 443,DE0 90,21.946474160583374,24.11247752829766,0.0,0.0,scenario2,windy,fixed
9437,616,DE0 46,DE0 93,63.65330932547336,67.9490519285768,21.0,0.0,scenario2,windy,fixed
9438,617,DE0 46,DE0 94,50.04423300809228,57.656361395501534,0.0,0.0,scenario2,windy,fixed
9439,618,DE0 50,DE0 99,16.464244369113164,41.19883853555665,0.0,0.0,scenario2,windy,fixed
9440,619,DE0 58,DE0 72,32.83844257956584,44.097012353981725,0.0,0.0,scenario2,windy,fixed
9441,62,DE0 116,DE0 185,1.0725248374436696,2.988730073704946,0.0,0.0,scenario2,windy,fixed
9442,620,DE0 60,DE0 85,3.6894536899725514,14.358556290539266,0.0,0.0,scenario2,windy,fixed
9443,621,DE0 61,DE0 91,15.588452371467445,31.84862691968085,0.0,0.0,scenario2,windy,fixed
9444,622,DE0 61,DE0 96,69.41258443802484,69.41259343164502,24.0,0.0,scenario2,windy,fixed
9445,623,DE0 64,DE0 86,35.309022490556515,41.29177394240181,0.0,0.0,scenario2,windy,fixed
9446,624,DE0 7,DE0 80,19.577284341417446,25.599412167237183,0.0,0.0,scenario2,windy,fixed
9447,625,DE0 71,DE0 96,18.897801347939968,41.22796498838222,0.0,0.0,scenario2,windy,fixed
9448,626,DE0 74,DE0 88,23.584666408632728,34.363500964525166,0.0,0.0,scenario2,windy,fixed
9449,627,DE0 83,DE0 86,17.478873815051475,25.757532299123454,0.0,0.0,scenario2,windy,fixed
9450,63,DE0 116,DE0 190,4.616993678939627,14.57380865873972,0.0,0.0,scenario2,windy,fixed
9451,64,DE0 116,DE0 330,11.37673060899469,26.14783793162908,0.0,0.0,scenario2,windy,fixed
9452,65,DE0 117,DE0 203,36.87945327935044,37.18203119848352,0.0,0.0,scenario2,windy,fixed
9453,66,DE0 117,DE0 227,69.70087881574753,69.70093492368032,24.0,0.0,scenario2,windy,fixed
9454,67,DE0 118,DE0 145,21.752884090999093,37.376364033802,0.0,0.0,scenario2,windy,fixed
9455,68,DE0 118,DE0 2,31.35534389016965,42.967133849720824,0.0,0.0,scenario2,windy,fixed
9456,69,DE0 119,DE0 149,5.971782815278559,11.626277990996408,0.0,0.0,scenario2,windy,fixed
9457,7,DE0 0,DE0 93,24.0870566773803,29.55916528547758,0.0,0.0,scenario2,windy,fixed
9458,70,DE0 119,DE0 198,14.636615863755251,23.401757213027594,0.0,0.0,scenario2,windy,fixed
9459,71,DE0 119,DE0 442,11.131447482380223,16.714691033459047,0.0,0.0,scenario2,windy,fixed
9460,72,DE0 12,DE0 96,32.89939367475122,37.525966952482456,0.0,0.0,scenario2,windy,fixed
9461,73,DE0 120,DE0 2,18.487823241347577,26.799844638735344,0.0,0.0,scenario2,windy,fixed
9462,74,DE0 120,DE0 72,26.033539749492334,45.11001479212443,0.0,0.0,scenario2,windy,fixed
9463,75,DE0 121,DE0 290,26.453618063404257,39.899766454276055,0.0,0.0,scenario2,windy,fixed
9464,76,DE0 121,DE0 370,25.06951736514647,38.53575306221803,0.0,0.0,scenario2,windy,fixed
9465,77,DE0 122,DE0 226,10.397403235397519,31.047852921754345,0.0,0.0,scenario2,windy,fixed
9466,78,DE0 122,DE0 261,20.581152602874585,33.73077885197813,0.0,0.0,scenario2,windy,fixed
9467,79,DE0 122,DE0 64,28.148033160451373,37.99081969183827,0.0,0.0,scenario2,windy,fixed
9468,8,DE0 1,DE0 110,54.00862853472744,60.32733096683025,2.0,0.0,scenario2,windy,fixed
9469,80,DE0 122,DE0 86,34.00499462113878,40.35768417900536,0.0,0.0,scenario2,windy,fixed
9470,81,DE0 123,DE0 307,3.852855455114237,8.47326430296965,0.0,0.0,scenario2,windy,fixed
9471,82,DE0 123,DE0 325,4.585507712409752,11.723791483463891,0.0,0.0,scenario2,windy,fixed
9472,83,DE0 124,DE0 240,32.26039397919362,34.93626830537243,0.0,0.0,scenario2,windy,fixed
9473,84,DE0 124,DE0 374,63.335571498905,69.06814763464018,18.0,0.0,scenario2,windy,fixed
9474,85,DE0 124,DE0 77,59.57809973532764,65.3694959462341,12.0,0.0,scenario2,windy,fixed
9475,86,DE0 124,DE0 90,52.781718537620115,53.9435629143257,0.0,0.0,scenario2,windy,fixed
9476,87,DE0 125,DE0 233,16.146105400249986,26.773536534620128,0.0,0.0,scenario2,windy,fixed
9477,88,DE0 125,DE0 271,28.73885354287598,45.01077508479359,0.0,0.0,scenario2,windy,fixed
9478,89,DE0 126,DE0 181,19.157313216027706,28.605060342138707,0.0,0.0,scenario2,windy,fixed
9479,9,DE0 1,DE0 131,12.44197990440887,21.407641970844125,0.0,0.0,scenario2,windy,fixed
9480,90,DE0 126,DE0 250,25.187188677980437,39.17675471093383,0.0,0.0,scenario2,windy,fixed
9481,91,DE0 127,DE0 22,8.471691651098293,24.638170005170178,0.0,0.0,scenario2,windy,fixed
9482,92,DE0 127,DE0 233,12.644309137177071,20.78314863097734,0.0,0.0,scenario2,windy,fixed
9483,93,DE0 127,DE0 271,13.844683033445037,24.064516860838047,0.0,0.0,scenario2,windy,fixed
9484,94,DE0 128,DE0 174,67.13365164803585,69.70125135099781,21.0,0.0,scenario2,windy,fixed
9485,95,DE0 128,DE0 175,30.0556078575773,68.86496365801565,4.0,0.0,scenario2,windy,fixed
9486,96,DE0 129,DE0 330,13.080665564353671,22.689222202513697,0.0,0.0,scenario2,windy,fixed
9487,97,DE0 129,DE0 390,13.214014963354415,18.957961099104867,0.0,0.0,scenario2,windy,fixed
9488,98,DE0 13,DE0 329,60.25477973922339,69.02759473321996,12.0,0.0,scenario2,windy,fixed
9489,99,DE0 13,DE0 69,64.07155489524587,69.77782672371856,19.0,0.0,scenario2,windy,fixed
